2025-02-16T01:21:44.755+0900 [DEBUG] [org.gradle.launcher.daemon.bootstrap.DaemonMain] Assuming the daemon was started with following jvm opts: [--add-opens=java.base/java.util=ALL-UNNAMED, --add-opens=java.base/java.lang=ALL-UNNAMED, --add-opens=java.base/java.lang.invoke=ALL-UNNAMED, --add-opens=java.prefs/java.util.prefs=ALL-UNNAMED, --add-exports=jdk.compiler/com.sun.tools.javac.api=ALL-UNNAMED, --add-exports=jdk.compiler/com.sun.tools.javac.util=ALL-UNNAMED, --add-opens=java.base/java.nio.charset=ALL-UNNAMED, --add-opens=java.base/java.net=ALL-UNNAMED, --add-opens=java.base/java.util.concurrent.atomic=ALL-UNNAMED, -Xmx2048m, -Dfile.encoding=UTF-8, -Duser.country=KR, -Duser.language=ko, -Duser.variant]
2025-02-16T01:21:44.831+0900 [INFO] [org.gradle.launcher.daemon.server.Daemon] start() called on daemon - DefaultDaemonContext[uid=00c7bf90-ca55-42c3-8e54-eac397236dba,javaHome=/Applications/Android Studio.app/Contents/jbr/Contents/Home,javaVersion=21,daemonRegistryDir=/Users/kariv/UMC/Frontend/gradle/daemon,pid=38875,idleTimeout=10800000,priority=NORMAL,applyInstrumentationAgent=true,nativeServicesMode=ENABLED,daemonOpts=--add-opens=java.base/java.util=ALL-UNNAMED,--add-opens=java.base/java.lang=ALL-UNNAMED,--add-opens=java.base/java.lang.invoke=ALL-UNNAMED,--add-opens=java.prefs/java.util.prefs=ALL-UNNAMED,--add-exports=jdk.compiler/com.sun.tools.javac.api=ALL-UNNAMED,--add-exports=jdk.compiler/com.sun.tools.javac.util=ALL-UNNAMED,--add-opens=java.base/java.nio.charset=ALL-UNNAMED,--add-opens=java.base/java.net=ALL-UNNAMED,--add-opens=java.base/java.util.concurrent.atomic=ALL-UNNAMED,-Xmx2048m,-Dfile.encoding=UTF-8,-Duser.country=KR,-Duser.language=ko,-Duser.variant]
2025-02-16T01:21:44.873+0900 [DEBUG] [org.gradle.internal.remote.internal.inet.InetAddresses] Adding IP addresses for network interface utun7
2025-02-16T01:21:44.873+0900 [DEBUG] [org.gradle.internal.remote.internal.inet.InetAddresses] Is this a loopback interface? false
2025-02-16T01:21:44.874+0900 [DEBUG] [org.gradle.internal.remote.internal.inet.InetAddresses] Adding remote address /fe80:0:0:0:d21c:923:cea0:74b6%utun7
2025-02-16T01:21:44.874+0900 [DEBUG] [org.gradle.internal.remote.internal.inet.InetAddresses] Adding IP addresses for network interface utun6
2025-02-16T01:21:44.874+0900 [DEBUG] [org.gradle.internal.remote.internal.inet.InetAddresses] Is this a loopback interface? false
2025-02-16T01:21:44.874+0900 [DEBUG] [org.gradle.internal.remote.internal.inet.InetAddresses] Adding remote address /fe80:0:0:0:d4fc:1bc5:5bbe:aa47%utun6
2025-02-16T01:21:44.874+0900 [DEBUG] [org.gradle.internal.remote.internal.inet.InetAddresses] Adding IP addresses for network interface utun5
2025-02-16T01:21:44.874+0900 [DEBUG] [org.gradle.internal.remote.internal.inet.InetAddresses] Is this a loopback interface? false
2025-02-16T01:21:44.874+0900 [DEBUG] [org.gradle.internal.remote.internal.inet.InetAddresses] Adding remote address /fe80:0:0:0:932e:8a31:d4ae:7023%utun5
2025-02-16T01:21:44.874+0900 [DEBUG] [org.gradle.internal.remote.internal.inet.InetAddresses] Adding IP addresses for network interface utun4
2025-02-16T01:21:44.875+0900 [DEBUG] [org.gradle.internal.remote.internal.inet.InetAddresses] Is this a loopback interface? false
2025-02-16T01:21:44.875+0900 [DEBUG] [org.gradle.internal.remote.internal.inet.InetAddresses] Adding remote address /fe80:0:0:0:ba5a:c798:6a7e:5d4d%utun4
2025-02-16T01:21:44.875+0900 [DEBUG] [org.gradle.internal.remote.internal.inet.InetAddresses] Adding IP addresses for network interface utun3
2025-02-16T01:21:44.875+0900 [DEBUG] [org.gradle.internal.remote.internal.inet.InetAddresses] Is this a loopback interface? false
2025-02-16T01:21:44.875+0900 [DEBUG] [org.gradle.internal.remote.internal.inet.InetAddresses] Adding remote address /fe80:0:0:0:ce81:b1c:bd2c:69e%utun3
2025-02-16T01:21:44.875+0900 [DEBUG] [org.gradle.internal.remote.internal.inet.InetAddresses] Adding IP addresses for network interface utun2
2025-02-16T01:21:44.876+0900 [DEBUG] [org.gradle.internal.remote.internal.inet.InetAddresses] Is this a loopback interface? false
2025-02-16T01:21:44.876+0900 [DEBUG] [org.gradle.internal.remote.internal.inet.InetAddresses] Adding remote address /fe80:0:0:0:ec39:de24:e2b0:549e%utun2
2025-02-16T01:21:44.876+0900 [DEBUG] [org.gradle.internal.remote.internal.inet.InetAddresses] Adding IP addresses for network interface utun1
2025-02-16T01:21:44.876+0900 [DEBUG] [org.gradle.internal.remote.internal.inet.InetAddresses] Is this a loopback interface? false
2025-02-16T01:21:44.876+0900 [DEBUG] [org.gradle.internal.remote.internal.inet.InetAddresses] Adding remote address /fe80:0:0:0:2fb:3020:d2c2:3409%utun1
2025-02-16T01:21:44.876+0900 [DEBUG] [org.gradle.internal.remote.internal.inet.InetAddresses] Adding IP addresses for network interface llw0
2025-02-16T01:21:44.876+0900 [DEBUG] [org.gradle.internal.remote.internal.inet.InetAddresses] Is this a loopback interface? false
2025-02-16T01:21:44.877+0900 [DEBUG] [org.gradle.internal.remote.internal.inet.InetAddresses] Adding remote address /fe80:0:0:0:94c3:89ff:fed6:8da1%llw0
2025-02-16T01:21:44.877+0900 [DEBUG] [org.gradle.internal.remote.internal.inet.InetAddresses] Adding IP addresses for network interface awdl0
2025-02-16T01:21:44.877+0900 [DEBUG] [org.gradle.internal.remote.internal.inet.InetAddresses] Is this a loopback interface? false
2025-02-16T01:21:44.877+0900 [DEBUG] [org.gradle.internal.remote.internal.inet.InetAddresses] Adding remote address /fe80:0:0:0:94c3:89ff:fed6:8da1%awdl0
2025-02-16T01:21:44.878+0900 [DEBUG] [org.gradle.internal.remote.internal.inet.InetAddresses] Adding IP addresses for network interface utun0
2025-02-16T01:21:44.878+0900 [DEBUG] [org.gradle.internal.remote.internal.inet.InetAddresses] Is this a loopback interface? false
2025-02-16T01:21:44.878+0900 [DEBUG] [org.gradle.internal.remote.internal.inet.InetAddresses] Adding remote address /fe80:0:0:0:af27:634c:56dc:b08a%utun0
2025-02-16T01:21:44.878+0900 [DEBUG] [org.gradle.internal.remote.internal.inet.InetAddresses] Adding IP addresses for network interface en0
2025-02-16T01:21:44.878+0900 [DEBUG] [org.gradle.internal.remote.internal.inet.InetAddresses] Is this a loopback interface? false
2025-02-16T01:21:44.878+0900 [DEBUG] [org.gradle.internal.remote.internal.inet.InetAddresses] Adding remote address /fe80:0:0:0:c38:509b:24ce:fa7f%en0
2025-02-16T01:21:44.879+0900 [DEBUG] [org.gradle.internal.remote.internal.inet.InetAddresses] Adding remote address /192.168.0.33
2025-02-16T01:21:44.879+0900 [DEBUG] [org.gradle.internal.remote.internal.inet.InetAddresses] Adding IP addresses for network interface lo0
2025-02-16T01:21:44.879+0900 [DEBUG] [org.gradle.internal.remote.internal.inet.InetAddresses] Is this a loopback interface? true
2025-02-16T01:21:44.879+0900 [DEBUG] [org.gradle.internal.remote.internal.inet.InetAddresses] Ignoring remote address on loopback interface /fe80:0:0:0:0:0:0:1%lo0
2025-02-16T01:21:44.879+0900 [DEBUG] [org.gradle.internal.remote.internal.inet.InetAddresses] Adding loopback address /0:0:0:0:0:0:0:1%lo0
2025-02-16T01:21:44.880+0900 [DEBUG] [org.gradle.internal.remote.internal.inet.InetAddresses] Adding loopback address /127.0.0.1
2025-02-16T01:21:44.885+0900 [DEBUG] [org.gradle.internal.remote.internal.inet.TcpIncomingConnector] Listening on [bc0742fd-d003-4008-bc7f-20ddefeef9c5 port:56494, addresses:[localhost/127.0.0.1]].
2025-02-16T01:21:44.904+0900 [DEBUG] [org.gradle.launcher.daemon.server.Daemon] Daemon starting at: Sun Feb 16 01:21:44 KST 2025, with address: [bc0742fd-d003-4008-bc7f-20ddefeef9c5 port:56494, addresses:[localhost/127.0.0.1]]
2025-02-16T01:21:44.904+0900 [INFO] [org.gradle.launcher.daemon.server.DaemonRegistryUpdater] Advertising the daemon address to the clients: [bc0742fd-d003-4008-bc7f-20ddefeef9c5 port:56494, addresses:[localhost/127.0.0.1]]
2025-02-16T01:21:44.904+0900 [DEBUG] [org.gradle.launcher.daemon.server.DaemonRegistryUpdater] Advertised daemon context: DefaultDaemonContext[uid=00c7bf90-ca55-42c3-8e54-eac397236dba,javaHome=/Applications/Android Studio.app/Contents/jbr/Contents/Home,javaVersion=21,daemonRegistryDir=/Users/kariv/UMC/Frontend/gradle/daemon,pid=38875,idleTimeout=10800000,priority=NORMAL,applyInstrumentationAgent=true,nativeServicesMode=ENABLED,daemonOpts=--add-opens=java.base/java.util=ALL-UNNAMED,--add-opens=java.base/java.lang=ALL-UNNAMED,--add-opens=java.base/java.lang.invoke=ALL-UNNAMED,--add-opens=java.prefs/java.util.prefs=ALL-UNNAMED,--add-exports=jdk.compiler/com.sun.tools.javac.api=ALL-UNNAMED,--add-exports=jdk.compiler/com.sun.tools.javac.util=ALL-UNNAMED,--add-opens=java.base/java.nio.charset=ALL-UNNAMED,--add-opens=java.base/java.net=ALL-UNNAMED,--add-opens=java.base/java.util.concurrent.atomic=ALL-UNNAMED,-Xmx2048m,-Dfile.encoding=UTF-8,-Duser.country=KR,-Duser.language=ko,-Duser.variant]
2025-02-16T01:21:44.905+0900 [DEBUG] [org.gradle.launcher.daemon.registry.PersistentDaemonRegistry] Storing daemon address: [bc0742fd-d003-4008-bc7f-20ddefeef9c5 port:56494, addresses:[localhost/127.0.0.1]], context: DefaultDaemonContext[uid=00c7bf90-ca55-42c3-8e54-eac397236dba,javaHome=/Applications/Android Studio.app/Contents/jbr/Contents/Home,javaVersion=21,daemonRegistryDir=/Users/kariv/UMC/Frontend/gradle/daemon,pid=38875,idleTimeout=10800000,priority=NORMAL,applyInstrumentationAgent=true,nativeServicesMode=ENABLED,daemonOpts=--add-opens=java.base/java.util=ALL-UNNAMED,--add-opens=java.base/java.lang=ALL-UNNAMED,--add-opens=java.base/java.lang.invoke=ALL-UNNAMED,--add-opens=java.prefs/java.util.prefs=ALL-UNNAMED,--add-exports=jdk.compiler/com.sun.tools.javac.api=ALL-UNNAMED,--add-exports=jdk.compiler/com.sun.tools.javac.util=ALL-UNNAMED,--add-opens=java.base/java.nio.charset=ALL-UNNAMED,--add-opens=java.base/java.net=ALL-UNNAMED,--add-opens=java.base/java.util.concurrent.atomic=ALL-UNNAMED,-Xmx2048m,-Dfile.encoding=UTF-8,-Duser.country=KR,-Duser.language=ko,-Duser.variant]
2025-02-16T01:21:44.921+0900 [DEBUG] [org.gradle.cache.internal.DefaultFileLockManager] Waiting to acquire exclusive lock on daemon addresses registry.
2025-02-16T01:21:44.923+0900 [DEBUG] [org.gradle.cache.internal.DefaultFileLockManager] Lock acquired on daemon addresses registry.
2025-02-16T01:21:44.926+0900 [DEBUG] [org.gradle.cache.internal.DefaultFileLockManager] Releasing lock on daemon addresses registry.
2025-02-16T01:21:44.927+0900 [LIFECYCLE] [org.gradle.launcher.daemon.server.Daemon] Daemon server started.
2025-02-16T01:21:44.927+0900 [DEBUG] [org.gradle.launcher.daemon.bootstrap.DaemonStartupCommunication] Completed writing the daemon greeting. Closing streams...
2025-02-16T01:21:44.930+0900 [DEBUG] [org.gradle.launcher.daemon.server.Daemon] stopOnExpiration() called on daemon
2025-02-16T01:21:44.931+0900 [DEBUG] [org.gradle.launcher.daemon.server.Daemon] awaitExpiration() called on daemon
2025-02-16T01:21:44.931+0900 [DEBUG] [org.gradle.launcher.daemon.server.DaemonStateCoordinator] daemon is running. Sleeping until state changes.
2025-02-16T01:21:44.934+0900 [DEBUG] [org.gradle.internal.remote.internal.inet.TcpIncomingConnector] Accepted connection from /127.0.0.1:56495 to /127.0.0.1:56494.
2025-02-16T01:21:44.964+0900 [DEBUG] [org.gradle.launcher.daemon.server.SynchronizedDispatchConnection] thread 32: received class org.gradle.launcher.daemon.protocol.Build
2025-02-16T01:21:44.964+0900 [DEBUG] [org.gradle.launcher.daemon.server.DefaultDaemonConnection] thread 32: Received non-IO message from client: Build{id=731f6912-1397-4d08-88c6-cdcdffa82b77, currentDir=/Users/kariv/UMC/Frontend}
2025-02-16T01:21:44.964+0900 [INFO] [org.gradle.launcher.daemon.server.DefaultIncomingConnectionHandler] Received command: Build{id=731f6912-1397-4d08-88c6-cdcdffa82b77, currentDir=/Users/kariv/UMC/Frontend}.
2025-02-16T01:21:44.964+0900 [DEBUG] [org.gradle.launcher.daemon.server.DefaultIncomingConnectionHandler] Starting executing command: Build{id=731f6912-1397-4d08-88c6-cdcdffa82b77, currentDir=/Users/kariv/UMC/Frontend} with connection: socket connection from /127.0.0.1:56494 to /127.0.0.1:56495.
2025-02-16T01:21:44.965+0900 [DEBUG] [org.gradle.launcher.daemon.server.DaemonStateCoordinator] Command execution: started DaemonCommandExecution[command = Build{id=731f6912-1397-4d08-88c6-cdcdffa82b77, currentDir=/Users/kariv/UMC/Frontend}, connection = DefaultDaemonConnection: socket connection from /127.0.0.1:56494 to /127.0.0.1:56495] after 0.0019166666666666668 minutes of idle
2025-02-16T01:21:44.965+0900 [INFO] [org.gradle.launcher.daemon.server.DaemonRegistryUpdater] Marking the daemon as busy, address: [bc0742fd-d003-4008-bc7f-20ddefeef9c5 port:56494, addresses:[localhost/127.0.0.1]]
2025-02-16T01:21:44.966+0900 [DEBUG] [org.gradle.launcher.daemon.registry.PersistentDaemonRegistry] Marking busy by address: [bc0742fd-d003-4008-bc7f-20ddefeef9c5 port:56494, addresses:[localhost/127.0.0.1]]
2025-02-16T01:21:44.966+0900 [DEBUG] [org.gradle.cache.internal.DefaultFileLockManager] Waiting to acquire exclusive lock on daemon addresses registry.
2025-02-16T01:21:44.966+0900 [DEBUG] [org.gradle.cache.internal.DefaultFileLockManager] Lock acquired on daemon addresses registry.
2025-02-16T01:21:44.967+0900 [DEBUG] [org.gradle.cache.internal.DefaultFileLockManager] Releasing lock on daemon addresses registry.
2025-02-16T01:21:44.967+0900 [DEBUG] [org.gradle.launcher.daemon.server.DaemonStateCoordinator] resetting idle timer
2025-02-16T01:21:44.967+0900 [DEBUG] [org.gradle.launcher.daemon.server.DaemonStateCoordinator] daemon is running. Sleeping until state changes.
2025-02-16T01:21:44.967+0900 [INFO] [org.gradle.launcher.daemon.server.exec.StartBuildOrRespondWithBusy] Daemon is about to start building Build{id=731f6912-1397-4d08-88c6-cdcdffa82b77, currentDir=/Users/kariv/UMC/Frontend}. Dispatching build started information...
2025-02-16T01:21:44.967+0900 [DEBUG] [org.gradle.launcher.daemon.server.SynchronizedDispatchConnection] thread 34: dispatching org.gradle.launcher.daemon.protocol.BuildStarted@29d0b512
2025-02-16T01:21:44.968+0900 [DEBUG] [org.gradle.launcher.daemon.server.exec.EstablishBuildEnvironment] Configuring env variables: [PATH, GSETTINGS_SCHEMA_DIR_CONDA_BACKUP, __CFBundleIdentifier, SHELL, CONDA_DEFAULT_ENV, CONDA_EXE, OLDPWD, CONDA_PYTHON_EXE, USER, COMMAND_MODE, TMPDIR, CONDA_PREFIX, SSH_AUTH_SOCK, _CE_CONDA, XPC_FLAGS, _CE_M, __CF_USER_TEXT_ENCODING, CONDA_PROMPT_MODIFIER, GSETTINGS_SCHEMA_DIR, LOGNAME, LC_CTYPE, XPC_SERVICE_NAME, CONDA_SHLVL, HOME]
2025-02-16T01:21:44.970+0900 [DEBUG] [org.gradle.launcher.daemon.server.exec.LogToClient] About to start relaying all logs to the client via the connection.
2025-02-16T01:21:44.970+0900 [INFO] [org.gradle.launcher.daemon.server.exec.LogToClient] The client will now receive all logging from the daemon (pid: 38875). The daemon log file: /Users/kariv/UMC/Frontend/gradle/daemon/8.9/daemon-38875.out.log
2025-02-16T01:21:44.971+0900 [INFO] [org.gradle.launcher.daemon.server.exec.LogAndCheckHealth] Starting build in new daemon [memory: 2 GiB]
2025-02-16T01:21:44.971+0900 [DEBUG] [org.gradle.launcher.daemon.server.exec.ExecuteBuild] The daemon has started executing the build.
2025-02-16T01:21:44.972+0900 [DEBUG] [org.gradle.launcher.daemon.server.exec.ExecuteBuild] Executing build with daemon context: DefaultDaemonContext[uid=00c7bf90-ca55-42c3-8e54-eac397236dba,javaHome=/Applications/Android Studio.app/Contents/jbr/Contents/Home,javaVersion=21,daemonRegistryDir=/Users/kariv/UMC/Frontend/gradle/daemon,pid=38875,idleTimeout=10800000,priority=NORMAL,applyInstrumentationAgent=true,nativeServicesMode=ENABLED,daemonOpts=--add-opens=java.base/java.util=ALL-UNNAMED,--add-opens=java.base/java.lang=ALL-UNNAMED,--add-opens=java.base/java.lang.invoke=ALL-UNNAMED,--add-opens=java.prefs/java.util.prefs=ALL-UNNAMED,--add-exports=jdk.compiler/com.sun.tools.javac.api=ALL-UNNAMED,--add-exports=jdk.compiler/com.sun.tools.javac.util=ALL-UNNAMED,--add-opens=java.base/java.nio.charset=ALL-UNNAMED,--add-opens=java.base/java.net=ALL-UNNAMED,--add-opens=java.base/java.util.concurrent.atomic=ALL-UNNAMED,-Xmx2048m,-Dfile.encoding=UTF-8,-Duser.country=KR,-Duser.language=ko,-Duser.variant]

BUILD SUCCESSFUL in 10s
2025-02-16T01:21:53.626+0900 [DEBUG] [org.gradle.launcher.daemon.server.exec.ExecuteBuild] The daemon has finished executing the build.
2025-02-16T01:21:53.635+0900 [DEBUG] [org.gradle.launcher.daemon.server.DaemonStateCoordinator] daemon is running. Sleeping until state changes.
2025-02-16T01:21:53.635+0900 [DEBUG] [org.gradle.launcher.daemon.server.DaemonStateCoordinator] Command execution: finished waiting for DaemonCommandExecution[command = Build{id=731f6912-1397-4d08-88c6-cdcdffa82b77, currentDir=/Users/kariv/UMC/Frontend}, connection = DefaultDaemonConnection: socket connection from /127.0.0.1:56494 to /127.0.0.1:56495]. Result org.gradle.launcher.daemon.server.DaemonStateCoordinator@43b7a733 with state Busy
2025-02-16T01:21:53.636+0900 [DEBUG] [org.gradle.launcher.daemon.server.DaemonStateCoordinator] Command execution: completed DaemonCommandExecution[command = Build{id=731f6912-1397-4d08-88c6-cdcdffa82b77, currentDir=/Users/kariv/UMC/Frontend}, connection = DefaultDaemonConnection: socket connection from /127.0.0.1:56494 to /127.0.0.1:56495]
2025-02-16T01:21:53.636+0900 [DEBUG] [org.gradle.launcher.daemon.server.DaemonStateCoordinator] resetting idle timer
2025-02-16T01:21:53.636+0900 [INFO] [org.gradle.launcher.daemon.server.DaemonRegistryUpdater] Marking the daemon as idle, address: [bc0742fd-d003-4008-bc7f-20ddefeef9c5 port:56494, addresses:[localhost/127.0.0.1]]
2025-02-16T01:21:53.636+0900 [DEBUG] [org.gradle.launcher.daemon.registry.PersistentDaemonRegistry] Marking busy by address: [bc0742fd-d003-4008-bc7f-20ddefeef9c5 port:56494, addresses:[localhost/127.0.0.1]]
2025-02-16T01:21:53.636+0900 [DEBUG] [org.gradle.cache.internal.DefaultFileLockManager] Waiting to acquire exclusive lock on daemon addresses registry.
2025-02-16T01:21:53.636+0900 [DEBUG] [org.gradle.cache.internal.DefaultFileLockManager] Lock acquired on daemon addresses registry.
2025-02-16T01:21:53.637+0900 [DEBUG] [org.gradle.cache.internal.DefaultFileLockManager] Releasing lock on daemon addresses registry.
2025-02-16T01:21:53.637+0900 [DEBUG] [org.gradle.launcher.daemon.server.DaemonStateCoordinator] daemon is running. Sleeping until state changes.
2025-02-16T01:21:53.637+0900 [DEBUG] [org.gradle.launcher.daemon.server.exec.ReturnResult] Daemon is dispatching the build result: Success[value=org.gradle.launcher.exec.BuildActionResult@6e23eba0]
2025-02-16T01:21:53.637+0900 [DEBUG] [org.gradle.launcher.daemon.server.SynchronizedDispatchConnection] thread 31: dispatching Success[value=org.gradle.launcher.exec.BuildActionResult@6e23eba0]
2025-02-16T01:21:53.638+0900 [DEBUG] [org.gradle.launcher.daemon.server.exec.CleanUpVirtualFileSystemAfterBuild] Cleaning virtual file system after build finished
2025-02-16T01:21:53.638+0900 [DEBUG] [org.gradle.launcher.daemon.server.DefaultIncomingConnectionHandler] Finishing executing command: Build{id=731f6912-1397-4d08-88c6-cdcdffa82b77, currentDir=/Users/kariv/UMC/Frontend}
2025-02-16T01:21:53.638+0900 [DEBUG] [org.gradle.launcher.daemon.server.SynchronizedDispatchConnection] thread 32: received class org.gradle.launcher.daemon.protocol.CloseInput
2025-02-16T01:21:53.638+0900 [DEBUG] [org.gradle.launcher.daemon.server.DefaultDaemonConnection] thread 32: Received IO message from client: org.gradle.launcher.daemon.protocol.CloseInput@494bc604
2025-02-16T01:21:53.639+0900 [DEBUG] [org.gradle.launcher.daemon.server.SynchronizedDispatchConnection] thread 32: received class org.gradle.launcher.daemon.protocol.Finished
2025-02-16T01:21:53.639+0900 [DEBUG] [org.gradle.launcher.daemon.server.DefaultDaemonConnection] thread 32: Received non-IO message from client: org.gradle.launcher.daemon.protocol.Finished@c5a9417
2025-02-16T01:21:53.639+0900 [DEBUG] [org.gradle.launcher.daemon.server.DefaultIncomingConnectionHandler] Received finished message: org.gradle.launcher.daemon.protocol.Finished@c5a9417
2025-02-16T01:21:53.639+0900 [DEBUG] [org.gradle.internal.remote.internal.inet.SocketConnection] Discarding EOFException: java.io.EOFException
2025-02-16T01:21:53.639+0900 [DEBUG] [org.gradle.launcher.daemon.server.SynchronizedDispatchConnection] thread 31: stopping connection
2025-02-16T01:21:53.639+0900 [DEBUG] [org.gradle.launcher.daemon.server.SynchronizedDispatchConnection] thread 32: received null
2025-02-16T01:21:53.639+0900 [DEBUG] [org.gradle.launcher.daemon.server.DefaultDaemonConnection] thread 32: Received end-of-input from client.
2025-02-16T01:21:53.642+0900 [DEBUG] [org.gradle.launcher.daemon.server.SynchronizedDispatchConnection] thread 31: stopping connection
2025-02-16T01:21:54.931+0900 [DEBUG] [org.gradle.cache.internal.DefaultFileLockManager] Waiting to acquire shared lock on daemon addresses registry.
2025-02-16T01:21:54.932+0900 [DEBUG] [org.gradle.cache.internal.DefaultFileLockManager] Lock acquired on daemon addresses registry.
2025-02-16T01:21:54.932+0900 [DEBUG] [org.gradle.cache.internal.DefaultFileLockManager] Releasing lock on daemon addresses registry.
2025-02-16T01:21:54.932+0900 [DEBUG] [org.gradle.cache.internal.DefaultFileLockManager] Waiting to acquire shared lock on daemon addresses registry.
2025-02-16T01:21:54.933+0900 [DEBUG] [org.gradle.cache.internal.DefaultFileLockManager] Lock acquired on daemon addresses registry.
2025-02-16T01:21:54.933+0900 [DEBUG] [org.gradle.cache.internal.DefaultFileLockManager] Releasing lock on daemon addresses registry.
2025-02-16T01:21:58.704+0900 [DEBUG] [org.gradle.internal.remote.internal.inet.TcpIncomingConnector] Accepted connection from /127.0.0.1:56498 to /127.0.0.1:56494.
2025-02-16T01:21:58.713+0900 [DEBUG] [org.gradle.launcher.daemon.server.SynchronizedDispatchConnection] thread 193: received class org.gradle.launcher.daemon.protocol.Build
2025-02-16T01:21:58.713+0900 [DEBUG] [org.gradle.launcher.daemon.server.DefaultDaemonConnection] thread 193: Received non-IO message from client: Build{id=09f91f46-90bd-4128-aba4-4b1358f99e28, currentDir=/Users/kariv/UMC/Frontend}
2025-02-16T01:21:58.714+0900 [INFO] [org.gradle.launcher.daemon.server.DefaultIncomingConnectionHandler] Received command: Build{id=09f91f46-90bd-4128-aba4-4b1358f99e28, currentDir=/Users/kariv/UMC/Frontend}.
2025-02-16T01:21:58.714+0900 [DEBUG] [org.gradle.launcher.daemon.server.DefaultIncomingConnectionHandler] Starting executing command: Build{id=09f91f46-90bd-4128-aba4-4b1358f99e28, currentDir=/Users/kariv/UMC/Frontend} with connection: socket connection from /127.0.0.1:56494 to /127.0.0.1:56498.
2025-02-16T01:21:58.715+0900 [DEBUG] [org.gradle.launcher.daemon.server.DaemonStateCoordinator] Command execution: started DaemonCommandExecution[command = Build{id=09f91f46-90bd-4128-aba4-4b1358f99e28, currentDir=/Users/kariv/UMC/Frontend}, connection = DefaultDaemonConnection: socket connection from /127.0.0.1:56494 to /127.0.0.1:56498] after 0.08463333333333334 minutes of idle
2025-02-16T01:21:58.715+0900 [INFO] [org.gradle.launcher.daemon.server.DaemonRegistryUpdater] Marking the daemon as busy, address: [bc0742fd-d003-4008-bc7f-20ddefeef9c5 port:56494, addresses:[localhost/127.0.0.1]]
2025-02-16T01:21:58.716+0900 [DEBUG] [org.gradle.launcher.daemon.registry.PersistentDaemonRegistry] Marking busy by address: [bc0742fd-d003-4008-bc7f-20ddefeef9c5 port:56494, addresses:[localhost/127.0.0.1]]
2025-02-16T01:21:58.716+0900 [DEBUG] [org.gradle.cache.internal.DefaultFileLockManager] Waiting to acquire exclusive lock on daemon addresses registry.
2025-02-16T01:21:58.717+0900 [DEBUG] [org.gradle.cache.internal.DefaultFileLockManager] Lock acquired on daemon addresses registry.
2025-02-16T01:21:58.718+0900 [DEBUG] [org.gradle.cache.internal.DefaultFileLockManager] Releasing lock on daemon addresses registry.
2025-02-16T01:21:58.718+0900 [DEBUG] [org.gradle.launcher.daemon.server.DaemonStateCoordinator] resetting idle timer
2025-02-16T01:21:58.718+0900 [DEBUG] [org.gradle.launcher.daemon.server.DaemonStateCoordinator] daemon is running. Sleeping until state changes.
2025-02-16T01:21:58.718+0900 [INFO] [org.gradle.launcher.daemon.server.exec.StartBuildOrRespondWithBusy] Daemon is about to start building Build{id=09f91f46-90bd-4128-aba4-4b1358f99e28, currentDir=/Users/kariv/UMC/Frontend}. Dispatching build started information...
2025-02-16T01:21:58.719+0900 [DEBUG] [org.gradle.launcher.daemon.server.SynchronizedDispatchConnection] thread 34: dispatching org.gradle.launcher.daemon.protocol.BuildStarted@2be22e90
2025-02-16T01:21:58.719+0900 [DEBUG] [org.gradle.launcher.daemon.server.exec.EstablishBuildEnvironment] Configuring env variables: [PATH, GSETTINGS_SCHEMA_DIR_CONDA_BACKUP, __CFBundleIdentifier, SHELL, CONDA_DEFAULT_ENV, CONDA_EXE, OLDPWD, CONDA_PYTHON_EXE, USER, COMMAND_MODE, TMPDIR, CONDA_PREFIX, SSH_AUTH_SOCK, _CE_CONDA, XPC_FLAGS, _CE_M, __CF_USER_TEXT_ENCODING, CONDA_PROMPT_MODIFIER, GSETTINGS_SCHEMA_DIR, LOGNAME, LC_CTYPE, XPC_SERVICE_NAME, CONDA_SHLVL, HOME]
2025-02-16T01:21:58.720+0900 [DEBUG] [org.gradle.launcher.daemon.server.exec.LogToClient] About to start relaying all logs to the client via the connection.
2025-02-16T01:21:58.720+0900 [INFO] [org.gradle.launcher.daemon.server.exec.LogToClient] The client will now receive all logging from the daemon (pid: 38875). The daemon log file: /Users/kariv/UMC/Frontend/gradle/daemon/8.9/daemon-38875.out.log
2025-02-16T01:21:58.727+0900 [INFO] [org.gradle.launcher.daemon.server.exec.LogAndCheckHealth] Starting 2nd build in daemon [uptime: 13.929 secs, performance: 99%, GC rate: 0.00/s, heap usage: 2% of 2 GiB]
2025-02-16T01:21:58.728+0900 [DEBUG] [org.gradle.launcher.daemon.server.exec.ExecuteBuild] The daemon has started executing the build.
2025-02-16T01:21:58.728+0900 [DEBUG] [org.gradle.launcher.daemon.server.exec.ExecuteBuild] Executing build with daemon context: DefaultDaemonContext[uid=00c7bf90-ca55-42c3-8e54-eac397236dba,javaHome=/Applications/Android Studio.app/Contents/jbr/Contents/Home,javaVersion=21,daemonRegistryDir=/Users/kariv/UMC/Frontend/gradle/daemon,pid=38875,idleTimeout=10800000,priority=NORMAL,applyInstrumentationAgent=true,nativeServicesMode=ENABLED,daemonOpts=--add-opens=java.base/java.util=ALL-UNNAMED,--add-opens=java.base/java.lang=ALL-UNNAMED,--add-opens=java.base/java.lang.invoke=ALL-UNNAMED,--add-opens=java.prefs/java.util.prefs=ALL-UNNAMED,--add-exports=jdk.compiler/com.sun.tools.javac.api=ALL-UNNAMED,--add-exports=jdk.compiler/com.sun.tools.javac.util=ALL-UNNAMED,--add-opens=java.base/java.nio.charset=ALL-UNNAMED,--add-opens=java.base/java.net=ALL-UNNAMED,--add-opens=java.base/java.util.concurrent.atomic=ALL-UNNAMED,-Xmx2048m,-Dfile.encoding=UTF-8,-Duser.country=KR,-Duser.language=ko,-Duser.variant]

BUILD SUCCESSFUL in 9s
37 actionable tasks: 5 executed, 32 up-to-date
2025-02-16T01:22:08.140+0900 [DEBUG] [org.gradle.launcher.daemon.server.exec.ExecuteBuild] The daemon has finished executing the build.
2025-02-16T01:22:08.151+0900 [DEBUG] [org.gradle.launcher.daemon.server.DaemonStateCoordinator] Command execution: finished waiting for DaemonCommandExecution[command = Build{id=09f91f46-90bd-4128-aba4-4b1358f99e28, currentDir=/Users/kariv/UMC/Frontend}, connection = DefaultDaemonConnection: socket connection from /127.0.0.1:56494 to /127.0.0.1:56498]. Result org.gradle.launcher.daemon.server.DaemonStateCoordinator@43b7a733 with state Busy
2025-02-16T01:22:08.152+0900 [DEBUG] [org.gradle.launcher.daemon.server.DaemonStateCoordinator] Command execution: completed DaemonCommandExecution[command = Build{id=09f91f46-90bd-4128-aba4-4b1358f99e28, currentDir=/Users/kariv/UMC/Frontend}, connection = DefaultDaemonConnection: socket connection from /127.0.0.1:56494 to /127.0.0.1:56498]
2025-02-16T01:22:08.152+0900 [DEBUG] [org.gradle.launcher.daemon.server.DaemonStateCoordinator] resetting idle timer
2025-02-16T01:22:08.152+0900 [INFO] [org.gradle.launcher.daemon.server.DaemonRegistryUpdater] Marking the daemon as idle, address: [bc0742fd-d003-4008-bc7f-20ddefeef9c5 port:56494, addresses:[localhost/127.0.0.1]]
2025-02-16T01:22:08.152+0900 [DEBUG] [org.gradle.launcher.daemon.registry.PersistentDaemonRegistry] Marking busy by address: [bc0742fd-d003-4008-bc7f-20ddefeef9c5 port:56494, addresses:[localhost/127.0.0.1]]
2025-02-16T01:22:08.152+0900 [DEBUG] [org.gradle.cache.internal.DefaultFileLockManager] Waiting to acquire exclusive lock on daemon addresses registry.
2025-02-16T01:22:08.152+0900 [DEBUG] [org.gradle.cache.internal.DefaultFileLockManager] Lock acquired on daemon addresses registry.
2025-02-16T01:22:08.153+0900 [DEBUG] [org.gradle.cache.internal.DefaultFileLockManager] Releasing lock on daemon addresses registry.
2025-02-16T01:22:08.153+0900 [DEBUG] [org.gradle.launcher.daemon.server.exec.ReturnResult] Daemon is dispatching the build result: Success[value=org.gradle.launcher.exec.BuildActionResult@432bba22]
2025-02-16T01:22:08.153+0900 [DEBUG] [org.gradle.launcher.daemon.server.DaemonStateCoordinator] daemon is running. Sleeping until state changes.
2025-02-16T01:22:08.153+0900 [DEBUG] [org.gradle.launcher.daemon.server.SynchronizedDispatchConnection] thread 31: dispatching Success[value=org.gradle.launcher.exec.BuildActionResult@432bba22]
2025-02-16T01:22:08.154+0900 [DEBUG] [org.gradle.launcher.daemon.server.exec.CleanUpVirtualFileSystemAfterBuild] Cleaning virtual file system after build finished
2025-02-16T01:22:08.154+0900 [DEBUG] [org.gradle.launcher.daemon.server.DefaultIncomingConnectionHandler] Finishing executing command: Build{id=09f91f46-90bd-4128-aba4-4b1358f99e28, currentDir=/Users/kariv/UMC/Frontend}
2025-02-16T01:22:08.154+0900 [DEBUG] [org.gradle.launcher.daemon.server.SynchronizedDispatchConnection] thread 193: received class org.gradle.launcher.daemon.protocol.CloseInput
2025-02-16T01:22:08.154+0900 [DEBUG] [org.gradle.launcher.daemon.server.DefaultDaemonConnection] thread 193: Received IO message from client: org.gradle.launcher.daemon.protocol.CloseInput@191cea06
2025-02-16T01:22:08.154+0900 [DEBUG] [org.gradle.launcher.daemon.server.SynchronizedDispatchConnection] thread 193: received class org.gradle.launcher.daemon.protocol.Finished
2025-02-16T01:22:08.154+0900 [DEBUG] [org.gradle.launcher.daemon.server.DefaultDaemonConnection] thread 193: Received non-IO message from client: org.gradle.launcher.daemon.protocol.Finished@17db1755
2025-02-16T01:22:08.155+0900 [DEBUG] [org.gradle.launcher.daemon.server.DefaultIncomingConnectionHandler] Received finished message: org.gradle.launcher.daemon.protocol.Finished@17db1755
2025-02-16T01:22:08.155+0900 [DEBUG] [org.gradle.internal.remote.internal.inet.SocketConnection] Discarding EOFException: java.io.EOFException
2025-02-16T01:22:08.155+0900 [DEBUG] [org.gradle.launcher.daemon.server.SynchronizedDispatchConnection] thread 31: stopping connection
2025-02-16T01:22:08.155+0900 [DEBUG] [org.gradle.launcher.daemon.server.SynchronizedDispatchConnection] thread 193: received null
2025-02-16T01:22:08.155+0900 [DEBUG] [org.gradle.launcher.daemon.server.DefaultDaemonConnection] thread 193: Received end-of-input from client.
2025-02-16T01:22:08.156+0900 [DEBUG] [org.gradle.launcher.daemon.server.SynchronizedDispatchConnection] thread 31: stopping connection
2025-02-16T01:22:14.936+0900 [DEBUG] [org.gradle.cache.internal.DefaultFileLockManager] Waiting to acquire shared lock on daemon addresses registry.
2025-02-16T01:22:14.941+0900 [DEBUG] [org.gradle.cache.internal.DefaultFileLockManager] Lock acquired on daemon addresses registry.
2025-02-16T01:22:14.943+0900 [DEBUG] [org.gradle.cache.internal.DefaultFileLockManager] Releasing lock on daemon addresses registry.
2025-02-16T01:22:14.945+0900 [DEBUG] [org.gradle.cache.internal.DefaultFileLockManager] Waiting to acquire shared lock on daemon addresses registry.
2025-02-16T01:22:14.946+0900 [DEBUG] [org.gradle.cache.internal.DefaultFileLockManager] Lock acquired on daemon addresses registry.
2025-02-16T01:22:14.946+0900 [DEBUG] [org.gradle.cache.internal.DefaultFileLockManager] Releasing lock on daemon addresses registry.
2025-02-16T01:22:24.932+0900 [DEBUG] [org.gradle.cache.internal.DefaultFileLockManager] Waiting to acquire shared lock on daemon addresses registry.
2025-02-16T01:22:24.932+0900 [DEBUG] [org.gradle.cache.internal.DefaultFileLockManager] Lock acquired on daemon addresses registry.
2025-02-16T01:22:24.932+0900 [DEBUG] [org.gradle.cache.internal.DefaultFileLockManager] Releasing lock on daemon addresses registry.
2025-02-16T01:22:24.933+0900 [DEBUG] [org.gradle.cache.internal.DefaultFileLockManager] Waiting to acquire shared lock on daemon addresses registry.
2025-02-16T01:22:24.933+0900 [DEBUG] [org.gradle.cache.internal.DefaultFileLockManager] Lock acquired on daemon addresses registry.
2025-02-16T01:22:24.933+0900 [DEBUG] [org.gradle.cache.internal.DefaultFileLockManager] Releasing lock on daemon addresses registry.
2025-02-16T01:22:24.935+0900 [DEBUG] [org.gradle.cache.internal.DefaultFileLockManager] Waiting to acquire shared lock on daemon addresses registry.
2025-02-16T01:22:24.935+0900 [DEBUG] [org.gradle.cache.internal.DefaultFileLockManager] Lock acquired on daemon addresses registry.
2025-02-16T01:22:24.936+0900 [DEBUG] [org.gradle.cache.internal.DefaultFileLockManager] Releasing lock on daemon addresses registry.
2025-02-16T01:22:31.794+0900 [DEBUG] [sun.rmi.transport.tcp] RMI Scheduler(0): close connection, socket: Socket[addr=localhost/127.0.0.1,port=17261,localport=56515]
2025-02-16T01:22:31.795+0900 [DEBUG] [sun.rmi.transport.tcp] RMI Scheduler(0): close connection, socket: Socket[addr=localhost/127.0.0.1,port=17261,localport=56554]
2025-02-16T01:22:31.886+0900 [DEBUG] [sun.rmi.transport.tcp] RMI TCP Connection(1)-127.0.0.1: (port 56517) connection closed
2025-02-16T01:22:31.886+0900 [DEBUG] [sun.rmi.transport.tcp] RMI TCP Connection(1)-127.0.0.1: close connection, socket: Socket[addr=/127.0.0.1,port=56518,localport=56517]
2025-02-16T01:22:31.886+0900 [DEBUG] [sun.rmi.transport.tcp] RMI TCP Connection(1)-127.0.0.1: socket close: Socket[addr=/127.0.0.1,port=56518,localport=56517]
2025-02-16T01:22:34.786+0900 [DEBUG] [org.gradle.cache.internal.DefaultFileLockManager] Waiting to acquire shared lock on daemon addresses registry.
2025-02-16T01:22:34.786+0900 [DEBUG] [org.gradle.cache.internal.DefaultFileLockManager] Lock acquired on daemon addresses registry.
2025-02-16T01:22:34.787+0900 [DEBUG] [org.gradle.cache.internal.DefaultFileLockManager] Releasing lock on daemon addresses registry.
2025-02-16T01:22:34.787+0900 [DEBUG] [org.gradle.cache.internal.DefaultFileLockManager] Waiting to acquire shared lock on daemon addresses registry.
2025-02-16T01:22:34.787+0900 [DEBUG] [org.gradle.cache.internal.DefaultFileLockManager] Lock acquired on daemon addresses registry.
2025-02-16T01:22:34.787+0900 [DEBUG] [org.gradle.cache.internal.DefaultFileLockManager] Releasing lock on daemon addresses registry.
2025-02-16T01:22:34.788+0900 [DEBUG] [org.gradle.cache.internal.DefaultFileLockManager] Waiting to acquire shared lock on daemon addresses registry.
2025-02-16T01:22:34.788+0900 [DEBUG] [org.gradle.cache.internal.DefaultFileLockManager] Lock acquired on daemon addresses registry.
2025-02-16T01:22:34.788+0900 [DEBUG] [org.gradle.cache.internal.DefaultFileLockManager] Releasing lock on daemon addresses registry.
2025-02-16T01:22:44.786+0900 [DEBUG] [org.gradle.cache.internal.DefaultFileLockManager] Waiting to acquire shared lock on daemon addresses registry.
2025-02-16T01:22:44.786+0900 [DEBUG] [org.gradle.cache.internal.DefaultFileLockManager] Lock acquired on daemon addresses registry.
2025-02-16T01:22:44.787+0900 [DEBUG] [org.gradle.cache.internal.DefaultFileLockManager] Releasing lock on daemon addresses registry.
2025-02-16T01:22:44.787+0900 [DEBUG] [org.gradle.cache.internal.DefaultFileLockManager] Waiting to acquire shared lock on daemon addresses registry.
2025-02-16T01:22:44.787+0900 [DEBUG] [org.gradle.cache.internal.DefaultFileLockManager] Lock acquired on daemon addresses registry.
2025-02-16T01:22:44.787+0900 [DEBUG] [org.gradle.cache.internal.DefaultFileLockManager] Releasing lock on daemon addresses registry.
2025-02-16T01:22:44.787+0900 [DEBUG] [org.gradle.cache.internal.DefaultFileLockManager] Waiting to acquire shared lock on daemon addresses registry.
2025-02-16T01:22:44.787+0900 [DEBUG] [org.gradle.cache.internal.DefaultFileLockManager] Lock acquired on daemon addresses registry.
2025-02-16T01:22:44.787+0900 [DEBUG] [org.gradle.cache.internal.DefaultFileLockManager] Releasing lock on daemon addresses registry.
2025-02-16T01:22:54.784+0900 [DEBUG] [org.gradle.cache.internal.DefaultFileLockManager] Waiting to acquire shared lock on daemon addresses registry.
2025-02-16T01:22:54.785+0900 [DEBUG] [org.gradle.cache.internal.DefaultFileLockManager] Lock acquired on daemon addresses registry.
2025-02-16T01:22:54.785+0900 [DEBUG] [org.gradle.cache.internal.DefaultFileLockManager] Releasing lock on daemon addresses registry.
2025-02-16T01:22:54.785+0900 [DEBUG] [org.gradle.cache.internal.DefaultFileLockManager] Waiting to acquire shared lock on daemon addresses registry.
2025-02-16T01:22:54.786+0900 [DEBUG] [org.gradle.cache.internal.DefaultFileLockManager] Lock acquired on daemon addresses registry.
2025-02-16T01:22:54.786+0900 [DEBUG] [org.gradle.cache.internal.DefaultFileLockManager] Releasing lock on daemon addresses registry.
2025-02-16T01:22:54.786+0900 [DEBUG] [org.gradle.cache.internal.DefaultFileLockManager] Waiting to acquire shared lock on daemon addresses registry.
2025-02-16T01:22:54.786+0900 [DEBUG] [org.gradle.cache.internal.DefaultFileLockManager] Lock acquired on daemon addresses registry.
2025-02-16T01:22:54.786+0900 [DEBUG] [org.gradle.cache.internal.DefaultFileLockManager] Releasing lock on daemon addresses registry.
2025-02-16T01:23:04.788+0900 [DEBUG] [org.gradle.cache.internal.DefaultFileLockManager] Waiting to acquire shared lock on daemon addresses registry.
2025-02-16T01:23:04.789+0900 [DEBUG] [org.gradle.cache.internal.DefaultFileLockManager] Lock acquired on daemon addresses registry.
2025-02-16T01:23:04.789+0900 [DEBUG] [org.gradle.cache.internal.DefaultFileLockManager] Releasing lock on daemon addresses registry.
2025-02-16T01:23:04.790+0900 [DEBUG] [org.gradle.cache.internal.DefaultFileLockManager] Waiting to acquire shared lock on daemon addresses registry.
2025-02-16T01:23:04.790+0900 [DEBUG] [org.gradle.cache.internal.DefaultFileLockManager] Lock acquired on daemon addresses registry.
2025-02-16T01:23:04.790+0900 [DEBUG] [org.gradle.cache.internal.DefaultFileLockManager] Releasing lock on daemon addresses registry.
2025-02-16T01:23:04.790+0900 [DEBUG] [org.gradle.cache.internal.DefaultFileLockManager] Waiting to acquire shared lock on daemon addresses registry.
2025-02-16T01:23:04.790+0900 [DEBUG] [org.gradle.cache.internal.DefaultFileLockManager] Lock acquired on daemon addresses registry.
2025-02-16T01:23:04.790+0900 [DEBUG] [org.gradle.cache.internal.DefaultFileLockManager] Releasing lock on daemon addresses registry.
2025-02-16T01:23:14.785+0900 [DEBUG] [org.gradle.cache.internal.DefaultFileLockManager] Waiting to acquire shared lock on daemon addresses registry.
2025-02-16T01:23:14.785+0900 [DEBUG] [org.gradle.cache.internal.DefaultFileLockManager] Lock acquired on daemon addresses registry.
2025-02-16T01:23:14.785+0900 [DEBUG] [org.gradle.cache.internal.DefaultFileLockManager] Releasing lock on daemon addresses registry.
2025-02-16T01:23:14.785+0900 [DEBUG] [org.gradle.cache.internal.DefaultFileLockManager] Waiting to acquire shared lock on daemon addresses registry.
2025-02-16T01:23:14.785+0900 [DEBUG] [org.gradle.cache.internal.DefaultFileLockManager] Lock acquired on daemon addresses registry.
2025-02-16T01:23:14.785+0900 [DEBUG] [org.gradle.cache.internal.DefaultFileLockManager] Releasing lock on daemon addresses registry.
2025-02-16T01:23:14.785+0900 [DEBUG] [org.gradle.cache.internal.DefaultFileLockManager] Waiting to acquire shared lock on daemon addresses registry.
2025-02-16T01:23:14.785+0900 [DEBUG] [org.gradle.cache.internal.DefaultFileLockManager] Lock acquired on daemon addresses registry.
2025-02-16T01:23:14.786+0900 [DEBUG] [org.gradle.cache.internal.DefaultFileLockManager] Releasing lock on daemon addresses registry.
2025-02-16T01:23:24.787+0900 [DEBUG] [org.gradle.cache.internal.DefaultFileLockManager] Waiting to acquire shared lock on daemon addresses registry.
2025-02-16T01:23:24.788+0900 [DEBUG] [org.gradle.cache.internal.DefaultFileLockManager] Lock acquired on daemon addresses registry.
2025-02-16T01:23:24.788+0900 [DEBUG] [org.gradle.cache.internal.DefaultFileLockManager] Releasing lock on daemon addresses registry.
2025-02-16T01:23:24.789+0900 [DEBUG] [org.gradle.cache.internal.DefaultFileLockManager] Waiting to acquire shared lock on daemon addresses registry.
2025-02-16T01:23:24.789+0900 [DEBUG] [org.gradle.cache.internal.DefaultFileLockManager] Lock acquired on daemon addresses registry.
2025-02-16T01:23:24.789+0900 [DEBUG] [org.gradle.cache.internal.DefaultFileLockManager] Releasing lock on daemon addresses registry.
2025-02-16T01:23:24.789+0900 [DEBUG] [org.gradle.cache.internal.DefaultFileLockManager] Waiting to acquire shared lock on daemon addresses registry.
2025-02-16T01:23:24.789+0900 [DEBUG] [org.gradle.cache.internal.DefaultFileLockManager] Lock acquired on daemon addresses registry.
2025-02-16T01:23:24.789+0900 [DEBUG] [org.gradle.cache.internal.DefaultFileLockManager] Releasing lock on daemon addresses registry.
2025-02-16T01:23:34.786+0900 [DEBUG] [org.gradle.cache.internal.DefaultFileLockManager] Waiting to acquire shared lock on daemon addresses registry.
2025-02-16T01:23:34.787+0900 [DEBUG] [org.gradle.cache.internal.DefaultFileLockManager] Lock acquired on daemon addresses registry.
2025-02-16T01:23:34.787+0900 [DEBUG] [org.gradle.cache.internal.DefaultFileLockManager] Releasing lock on daemon addresses registry.
2025-02-16T01:23:34.789+0900 [DEBUG] [org.gradle.cache.internal.DefaultFileLockManager] Waiting to acquire shared lock on daemon addresses registry.
2025-02-16T01:23:34.789+0900 [DEBUG] [org.gradle.cache.internal.DefaultFileLockManager] Lock acquired on daemon addresses registry.
2025-02-16T01:23:34.789+0900 [DEBUG] [org.gradle.cache.internal.DefaultFileLockManager] Releasing lock on daemon addresses registry.
2025-02-16T01:23:34.790+0900 [DEBUG] [org.gradle.cache.internal.DefaultFileLockManager] Waiting to acquire shared lock on daemon addresses registry.
2025-02-16T01:23:34.790+0900 [DEBUG] [org.gradle.cache.internal.DefaultFileLockManager] Lock acquired on daemon addresses registry.
2025-02-16T01:23:34.790+0900 [DEBUG] [org.gradle.cache.internal.DefaultFileLockManager] Releasing lock on daemon addresses registry.
2025-02-16T01:23:44.785+0900 [DEBUG] [org.gradle.cache.internal.DefaultFileLockManager] Waiting to acquire shared lock on daemon addresses registry.
2025-02-16T01:23:44.785+0900 [DEBUG] [org.gradle.cache.internal.DefaultFileLockManager] Lock acquired on daemon addresses registry.
2025-02-16T01:23:44.785+0900 [DEBUG] [org.gradle.cache.internal.DefaultFileLockManager] Releasing lock on daemon addresses registry.
2025-02-16T01:23:44.786+0900 [DEBUG] [org.gradle.cache.internal.DefaultFileLockManager] Waiting to acquire shared lock on daemon addresses registry.
2025-02-16T01:23:44.786+0900 [DEBUG] [org.gradle.cache.internal.DefaultFileLockManager] Lock acquired on daemon addresses registry.
2025-02-16T01:23:44.786+0900 [DEBUG] [org.gradle.cache.internal.DefaultFileLockManager] Releasing lock on daemon addresses registry.
2025-02-16T01:23:44.786+0900 [DEBUG] [org.gradle.cache.internal.DefaultFileLockManager] Waiting to acquire shared lock on daemon addresses registry.
2025-02-16T01:23:44.786+0900 [DEBUG] [org.gradle.cache.internal.DefaultFileLockManager] Lock acquired on daemon addresses registry.
2025-02-16T01:23:44.786+0900 [DEBUG] [org.gradle.cache.internal.DefaultFileLockManager] Releasing lock on daemon addresses registry.
2025-02-16T01:23:54.784+0900 [DEBUG] [org.gradle.cache.internal.DefaultFileLockManager] Waiting to acquire shared lock on daemon addresses registry.
2025-02-16T01:23:54.786+0900 [DEBUG] [org.gradle.cache.internal.DefaultFileLockManager] Lock acquired on daemon addresses registry.
2025-02-16T01:23:54.786+0900 [DEBUG] [org.gradle.cache.internal.DefaultFileLockManager] Releasing lock on daemon addresses registry.
2025-02-16T01:23:54.786+0900 [DEBUG] [org.gradle.cache.internal.DefaultFileLockManager] Waiting to acquire shared lock on daemon addresses registry.
2025-02-16T01:23:54.786+0900 [DEBUG] [org.gradle.cache.internal.DefaultFileLockManager] Lock acquired on daemon addresses registry.
2025-02-16T01:23:54.787+0900 [DEBUG] [org.gradle.cache.internal.DefaultFileLockManager] Releasing lock on daemon addresses registry.
2025-02-16T01:23:54.787+0900 [DEBUG] [org.gradle.cache.internal.DefaultFileLockManager] Waiting to acquire shared lock on daemon addresses registry.
2025-02-16T01:23:54.787+0900 [DEBUG] [org.gradle.cache.internal.DefaultFileLockManager] Lock acquired on daemon addresses registry.
2025-02-16T01:23:54.787+0900 [DEBUG] [org.gradle.cache.internal.DefaultFileLockManager] Releasing lock on daemon addresses registry.
2025-02-16T01:24:04.782+0900 [DEBUG] [org.gradle.cache.internal.DefaultFileLockManager] Waiting to acquire shared lock on daemon addresses registry.
2025-02-16T01:24:04.784+0900 [DEBUG] [org.gradle.cache.internal.DefaultFileLockManager] Lock acquired on daemon addresses registry.
2025-02-16T01:24:04.784+0900 [DEBUG] [org.gradle.cache.internal.DefaultFileLockManager] Releasing lock on daemon addresses registry.
2025-02-16T01:24:04.785+0900 [DEBUG] [org.gradle.cache.internal.DefaultFileLockManager] Waiting to acquire shared lock on daemon addresses registry.
2025-02-16T01:24:04.785+0900 [DEBUG] [org.gradle.cache.internal.DefaultFileLockManager] Lock acquired on daemon addresses registry.
2025-02-16T01:24:04.785+0900 [DEBUG] [org.gradle.cache.internal.DefaultFileLockManager] Releasing lock on daemon addresses registry.
2025-02-16T01:24:04.786+0900 [DEBUG] [org.gradle.cache.internal.DefaultFileLockManager] Waiting to acquire shared lock on daemon addresses registry.
2025-02-16T01:24:04.786+0900 [DEBUG] [org.gradle.cache.internal.DefaultFileLockManager] Lock acquired on daemon addresses registry.
2025-02-16T01:24:04.786+0900 [DEBUG] [org.gradle.cache.internal.DefaultFileLockManager] Releasing lock on daemon addresses registry.
2025-02-16T01:24:14.785+0900 [DEBUG] [org.gradle.cache.internal.DefaultFileLockManager] Waiting to acquire shared lock on daemon addresses registry.
2025-02-16T01:24:14.785+0900 [DEBUG] [org.gradle.cache.internal.DefaultFileLockManager] Lock acquired on daemon addresses registry.
2025-02-16T01:24:14.786+0900 [DEBUG] [org.gradle.cache.internal.DefaultFileLockManager] Releasing lock on daemon addresses registry.
2025-02-16T01:24:14.786+0900 [DEBUG] [org.gradle.cache.internal.DefaultFileLockManager] Waiting to acquire shared lock on daemon addresses registry.
2025-02-16T01:24:14.786+0900 [DEBUG] [org.gradle.cache.internal.DefaultFileLockManager] Lock acquired on daemon addresses registry.
2025-02-16T01:24:14.786+0900 [DEBUG] [org.gradle.cache.internal.DefaultFileLockManager] Releasing lock on daemon addresses registry.
2025-02-16T01:24:14.786+0900 [DEBUG] [org.gradle.cache.internal.DefaultFileLockManager] Waiting to acquire shared lock on daemon addresses registry.
2025-02-16T01:24:14.786+0900 [DEBUG] [org.gradle.cache.internal.DefaultFileLockManager] Lock acquired on daemon addresses registry.
2025-02-16T01:24:14.786+0900 [DEBUG] [org.gradle.cache.internal.DefaultFileLockManager] Releasing lock on daemon addresses registry.
2025-02-16T01:24:24.785+0900 [DEBUG] [org.gradle.cache.internal.DefaultFileLockManager] Waiting to acquire shared lock on daemon addresses registry.
2025-02-16T01:24:24.785+0900 [DEBUG] [org.gradle.cache.internal.DefaultFileLockManager] Lock acquired on daemon addresses registry.
2025-02-16T01:24:24.786+0900 [DEBUG] [org.gradle.cache.internal.DefaultFileLockManager] Releasing lock on daemon addresses registry.
2025-02-16T01:24:24.786+0900 [DEBUG] [org.gradle.cache.internal.DefaultFileLockManager] Waiting to acquire shared lock on daemon addresses registry.
2025-02-16T01:24:24.786+0900 [DEBUG] [org.gradle.cache.internal.DefaultFileLockManager] Lock acquired on daemon addresses registry.
2025-02-16T01:24:24.786+0900 [DEBUG] [org.gradle.cache.internal.DefaultFileLockManager] Releasing lock on daemon addresses registry.
2025-02-16T01:24:24.786+0900 [DEBUG] [org.gradle.cache.internal.DefaultFileLockManager] Waiting to acquire shared lock on daemon addresses registry.
2025-02-16T01:24:24.786+0900 [DEBUG] [org.gradle.cache.internal.DefaultFileLockManager] Lock acquired on daemon addresses registry.
2025-02-16T01:24:24.786+0900 [DEBUG] [org.gradle.cache.internal.DefaultFileLockManager] Releasing lock on daemon addresses registry.
2025-02-16T01:24:34.784+0900 [DEBUG] [org.gradle.cache.internal.DefaultFileLockManager] Waiting to acquire shared lock on daemon addresses registry.
2025-02-16T01:24:34.785+0900 [DEBUG] [org.gradle.cache.internal.DefaultFileLockManager] Lock acquired on daemon addresses registry.
2025-02-16T01:24:34.786+0900 [DEBUG] [org.gradle.cache.internal.DefaultFileLockManager] Releasing lock on daemon addresses registry.
2025-02-16T01:24:34.786+0900 [DEBUG] [org.gradle.cache.internal.DefaultFileLockManager] Waiting to acquire shared lock on daemon addresses registry.
2025-02-16T01:24:34.786+0900 [DEBUG] [org.gradle.cache.internal.DefaultFileLockManager] Lock acquired on daemon addresses registry.
2025-02-16T01:24:34.786+0900 [DEBUG] [org.gradle.cache.internal.DefaultFileLockManager] Releasing lock on daemon addresses registry.
2025-02-16T01:24:34.786+0900 [DEBUG] [org.gradle.cache.internal.DefaultFileLockManager] Waiting to acquire shared lock on daemon addresses registry.
2025-02-16T01:24:34.786+0900 [DEBUG] [org.gradle.cache.internal.DefaultFileLockManager] Lock acquired on daemon addresses registry.
2025-02-16T01:24:34.787+0900 [DEBUG] [org.gradle.cache.internal.DefaultFileLockManager] Releasing lock on daemon addresses registry.
2025-02-16T01:24:44.780+0900 [DEBUG] [org.gradle.cache.internal.DefaultFileLockManager] Waiting to acquire shared lock on daemon addresses registry.
2025-02-16T01:24:44.780+0900 [DEBUG] [org.gradle.cache.internal.DefaultFileLockManager] Lock acquired on daemon addresses registry.
2025-02-16T01:24:44.780+0900 [DEBUG] [org.gradle.cache.internal.DefaultFileLockManager] Releasing lock on daemon addresses registry.
2025-02-16T01:24:44.781+0900 [DEBUG] [org.gradle.cache.internal.DefaultFileLockManager] Waiting to acquire shared lock on daemon addresses registry.
2025-02-16T01:24:44.781+0900 [DEBUG] [org.gradle.cache.internal.DefaultFileLockManager] Lock acquired on daemon addresses registry.
2025-02-16T01:24:44.781+0900 [DEBUG] [org.gradle.cache.internal.DefaultFileLockManager] Releasing lock on daemon addresses registry.
2025-02-16T01:24:44.781+0900 [DEBUG] [org.gradle.cache.internal.DefaultFileLockManager] Waiting to acquire shared lock on daemon addresses registry.
2025-02-16T01:24:44.781+0900 [DEBUG] [org.gradle.cache.internal.DefaultFileLockManager] Lock acquired on daemon addresses registry.
2025-02-16T01:24:44.781+0900 [DEBUG] [org.gradle.cache.internal.DefaultFileLockManager] Releasing lock on daemon addresses registry.
2025-02-16T01:24:54.781+0900 [DEBUG] [org.gradle.cache.internal.DefaultFileLockManager] Waiting to acquire shared lock on daemon addresses registry.
2025-02-16T01:24:54.781+0900 [DEBUG] [org.gradle.cache.internal.DefaultFileLockManager] Lock acquired on daemon addresses registry.
2025-02-16T01:24:54.781+0900 [DEBUG] [org.gradle.cache.internal.DefaultFileLockManager] Releasing lock on daemon addresses registry.
2025-02-16T01:24:54.781+0900 [DEBUG] [org.gradle.cache.internal.DefaultFileLockManager] Waiting to acquire shared lock on daemon addresses registry.
2025-02-16T01:24:54.781+0900 [DEBUG] [org.gradle.cache.internal.DefaultFileLockManager] Lock acquired on daemon addresses registry.
2025-02-16T01:24:54.782+0900 [DEBUG] [org.gradle.cache.internal.DefaultFileLockManager] Releasing lock on daemon addresses registry.
2025-02-16T01:24:54.782+0900 [DEBUG] [org.gradle.cache.internal.DefaultFileLockManager] Waiting to acquire shared lock on daemon addresses registry.
2025-02-16T01:24:54.782+0900 [DEBUG] [org.gradle.cache.internal.DefaultFileLockManager] Lock acquired on daemon addresses registry.
2025-02-16T01:24:54.782+0900 [DEBUG] [org.gradle.cache.internal.DefaultFileLockManager] Releasing lock on daemon addresses registry.
2025-02-16T01:25:03.765+0900 [DEBUG] [org.gradle.internal.remote.internal.inet.TcpIncomingConnector] Accepted connection from /127.0.0.1:56630 to /127.0.0.1:56494.
2025-02-16T01:25:03.773+0900 [DEBUG] [org.gradle.launcher.daemon.server.SynchronizedDispatchConnection] thread 371: received class org.gradle.launcher.daemon.protocol.Build
2025-02-16T01:25:03.774+0900 [DEBUG] [org.gradle.launcher.daemon.server.DefaultDaemonConnection] thread 371: Received non-IO message from client: Build{id=dfa95e6c-05b1-480b-bd2f-41632bec5b6c, currentDir=/Users/kariv/UMC/Frontend}
2025-02-16T01:25:03.774+0900 [INFO] [org.gradle.launcher.daemon.server.DefaultIncomingConnectionHandler] Received command: Build{id=dfa95e6c-05b1-480b-bd2f-41632bec5b6c, currentDir=/Users/kariv/UMC/Frontend}.
2025-02-16T01:25:03.774+0900 [DEBUG] [org.gradle.launcher.daemon.server.DefaultIncomingConnectionHandler] Starting executing command: Build{id=dfa95e6c-05b1-480b-bd2f-41632bec5b6c, currentDir=/Users/kariv/UMC/Frontend} with connection: socket connection from /127.0.0.1:56494 to /127.0.0.1:56630.
2025-02-16T01:25:03.774+0900 [DEBUG] [org.gradle.launcher.daemon.server.DaemonStateCoordinator] Command execution: started DaemonCommandExecution[command = Build{id=dfa95e6c-05b1-480b-bd2f-41632bec5b6c, currentDir=/Users/kariv/UMC/Frontend}, connection = DefaultDaemonConnection: socket connection from /127.0.0.1:56494 to /127.0.0.1:56630] after 2.9295833333333334 minutes of idle
2025-02-16T01:25:03.775+0900 [INFO] [org.gradle.launcher.daemon.server.DaemonRegistryUpdater] Marking the daemon as busy, address: [bc0742fd-d003-4008-bc7f-20ddefeef9c5 port:56494, addresses:[localhost/127.0.0.1]]
2025-02-16T01:25:03.775+0900 [DEBUG] [org.gradle.launcher.daemon.registry.PersistentDaemonRegistry] Marking busy by address: [bc0742fd-d003-4008-bc7f-20ddefeef9c5 port:56494, addresses:[localhost/127.0.0.1]]
2025-02-16T01:25:03.775+0900 [DEBUG] [org.gradle.cache.internal.DefaultFileLockManager] Waiting to acquire exclusive lock on daemon addresses registry.
2025-02-16T01:25:03.776+0900 [DEBUG] [org.gradle.cache.internal.DefaultFileLockManager] Lock acquired on daemon addresses registry.
2025-02-16T01:25:03.777+0900 [DEBUG] [org.gradle.cache.internal.DefaultFileLockManager] Releasing lock on daemon addresses registry.
2025-02-16T01:25:03.777+0900 [DEBUG] [org.gradle.launcher.daemon.server.DaemonStateCoordinator] resetting idle timer
2025-02-16T01:25:03.777+0900 [DEBUG] [org.gradle.launcher.daemon.server.DaemonStateCoordinator] daemon is running. Sleeping until state changes.
2025-02-16T01:25:03.777+0900 [INFO] [org.gradle.launcher.daemon.server.exec.StartBuildOrRespondWithBusy] Daemon is about to start building Build{id=dfa95e6c-05b1-480b-bd2f-41632bec5b6c, currentDir=/Users/kariv/UMC/Frontend}. Dispatching build started information...
2025-02-16T01:25:03.777+0900 [DEBUG] [org.gradle.launcher.daemon.server.SynchronizedDispatchConnection] thread 373: dispatching org.gradle.launcher.daemon.protocol.BuildStarted@6a3b2274
2025-02-16T01:25:03.778+0900 [DEBUG] [org.gradle.launcher.daemon.server.exec.EstablishBuildEnvironment] Configuring env variables: [PATH, GSETTINGS_SCHEMA_DIR_CONDA_BACKUP, __CFBundleIdentifier, SHELL, CONDA_DEFAULT_ENV, CONDA_EXE, OLDPWD, CONDA_PYTHON_EXE, USER, COMMAND_MODE, TMPDIR, CONDA_PREFIX, SSH_AUTH_SOCK, _CE_CONDA, XPC_FLAGS, _CE_M, __CF_USER_TEXT_ENCODING, CONDA_PROMPT_MODIFIER, GSETTINGS_SCHEMA_DIR, LOGNAME, LC_CTYPE, XPC_SERVICE_NAME, CONDA_SHLVL, HOME]
2025-02-16T01:25:03.778+0900 [DEBUG] [org.gradle.launcher.daemon.server.exec.LogToClient] About to start relaying all logs to the client via the connection.
2025-02-16T01:25:03.778+0900 [INFO] [org.gradle.launcher.daemon.server.exec.LogToClient] The client will now receive all logging from the daemon (pid: 38875). The daemon log file: /Users/kariv/UMC/Frontend/gradle/daemon/8.9/daemon-38875.out.log
2025-02-16T01:25:03.779+0900 [INFO] [org.gradle.launcher.daemon.server.exec.LogAndCheckHealth] Starting 3rd build in daemon [uptime: 3 mins 19.14 secs, performance: 99%, GC rate: 0.00/s, heap usage: 2% of 2 GiB]
2025-02-16T01:25:03.780+0900 [DEBUG] [org.gradle.launcher.daemon.server.exec.ExecuteBuild] The daemon has started executing the build.
2025-02-16T01:25:03.780+0900 [DEBUG] [org.gradle.launcher.daemon.server.exec.ExecuteBuild] Executing build with daemon context: DefaultDaemonContext[uid=00c7bf90-ca55-42c3-8e54-eac397236dba,javaHome=/Applications/Android Studio.app/Contents/jbr/Contents/Home,javaVersion=21,daemonRegistryDir=/Users/kariv/UMC/Frontend/gradle/daemon,pid=38875,idleTimeout=10800000,priority=NORMAL,applyInstrumentationAgent=true,nativeServicesMode=ENABLED,daemonOpts=--add-opens=java.base/java.util=ALL-UNNAMED,--add-opens=java.base/java.lang=ALL-UNNAMED,--add-opens=java.base/java.lang.invoke=ALL-UNNAMED,--add-opens=java.prefs/java.util.prefs=ALL-UNNAMED,--add-exports=jdk.compiler/com.sun.tools.javac.api=ALL-UNNAMED,--add-exports=jdk.compiler/com.sun.tools.javac.util=ALL-UNNAMED,--add-opens=java.base/java.nio.charset=ALL-UNNAMED,--add-opens=java.base/java.net=ALL-UNNAMED,--add-opens=java.base/java.util.concurrent.atomic=ALL-UNNAMED,-Xmx2048m,-Dfile.encoding=UTF-8,-Duser.country=KR,-Duser.language=ko,-Duser.variant]

BUILD SUCCESSFUL in 2s
37 actionable tasks: 5 executed, 32 up-to-date
2025-02-16T01:25:05.828+0900 [DEBUG] [org.gradle.launcher.daemon.server.exec.ExecuteBuild] The daemon has finished executing the build.
2025-02-16T01:25:05.833+0900 [DEBUG] [org.gradle.launcher.daemon.server.DaemonStateCoordinator] daemon is running. Sleeping until state changes.
2025-02-16T01:25:05.833+0900 [DEBUG] [org.gradle.launcher.daemon.server.DaemonStateCoordinator] Command execution: finished waiting for DaemonCommandExecution[command = Build{id=dfa95e6c-05b1-480b-bd2f-41632bec5b6c, currentDir=/Users/kariv/UMC/Frontend}, connection = DefaultDaemonConnection: socket connection from /127.0.0.1:56494 to /127.0.0.1:56630]. Result org.gradle.launcher.daemon.server.DaemonStateCoordinator@43b7a733 with state Busy
2025-02-16T01:25:05.833+0900 [DEBUG] [org.gradle.launcher.daemon.server.DaemonStateCoordinator] Command execution: completed DaemonCommandExecution[command = Build{id=dfa95e6c-05b1-480b-bd2f-41632bec5b6c, currentDir=/Users/kariv/UMC/Frontend}, connection = DefaultDaemonConnection: socket connection from /127.0.0.1:56494 to /127.0.0.1:56630]
2025-02-16T01:25:05.833+0900 [DEBUG] [org.gradle.launcher.daemon.server.DaemonStateCoordinator] resetting idle timer
2025-02-16T01:25:05.833+0900 [INFO] [org.gradle.launcher.daemon.server.DaemonRegistryUpdater] Marking the daemon as idle, address: [bc0742fd-d003-4008-bc7f-20ddefeef9c5 port:56494, addresses:[localhost/127.0.0.1]]
2025-02-16T01:25:05.833+0900 [DEBUG] [org.gradle.launcher.daemon.registry.PersistentDaemonRegistry] Marking busy by address: [bc0742fd-d003-4008-bc7f-20ddefeef9c5 port:56494, addresses:[localhost/127.0.0.1]]
2025-02-16T01:25:05.833+0900 [DEBUG] [org.gradle.cache.internal.DefaultFileLockManager] Waiting to acquire exclusive lock on daemon addresses registry.
2025-02-16T01:25:05.833+0900 [DEBUG] [org.gradle.cache.internal.DefaultFileLockManager] Lock acquired on daemon addresses registry.
2025-02-16T01:25:05.834+0900 [DEBUG] [org.gradle.cache.internal.DefaultFileLockManager] Releasing lock on daemon addresses registry.
2025-02-16T01:25:05.834+0900 [DEBUG] [org.gradle.launcher.daemon.server.exec.ReturnResult] Daemon is dispatching the build result: Success[value=org.gradle.launcher.exec.BuildActionResult@5e02e7b8]
2025-02-16T01:25:05.834+0900 [DEBUG] [org.gradle.launcher.daemon.server.DaemonStateCoordinator] daemon is running. Sleeping until state changes.
2025-02-16T01:25:05.834+0900 [DEBUG] [org.gradle.launcher.daemon.server.SynchronizedDispatchConnection] thread 370: dispatching Success[value=org.gradle.launcher.exec.BuildActionResult@5e02e7b8]
2025-02-16T01:25:05.834+0900 [DEBUG] [org.gradle.launcher.daemon.server.exec.CleanUpVirtualFileSystemAfterBuild] Cleaning virtual file system after build finished
2025-02-16T01:25:05.834+0900 [DEBUG] [org.gradle.launcher.daemon.server.DefaultIncomingConnectionHandler] Finishing executing command: Build{id=dfa95e6c-05b1-480b-bd2f-41632bec5b6c, currentDir=/Users/kariv/UMC/Frontend}
2025-02-16T01:25:05.834+0900 [DEBUG] [org.gradle.launcher.daemon.server.SynchronizedDispatchConnection] thread 371: received class org.gradle.launcher.daemon.protocol.CloseInput
2025-02-16T01:25:05.834+0900 [DEBUG] [org.gradle.launcher.daemon.server.DefaultDaemonConnection] thread 371: Received IO message from client: org.gradle.launcher.daemon.protocol.CloseInput@55809d53
2025-02-16T01:25:05.834+0900 [DEBUG] [org.gradle.launcher.daemon.server.SynchronizedDispatchConnection] thread 371: received class org.gradle.launcher.daemon.protocol.Finished
2025-02-16T01:25:05.834+0900 [DEBUG] [org.gradle.launcher.daemon.server.DefaultDaemonConnection] thread 371: Received non-IO message from client: org.gradle.launcher.daemon.protocol.Finished@5b476993
2025-02-16T01:25:05.834+0900 [DEBUG] [org.gradle.launcher.daemon.server.DefaultIncomingConnectionHandler] Received finished message: org.gradle.launcher.daemon.protocol.Finished@5b476993
2025-02-16T01:25:05.834+0900 [DEBUG] [org.gradle.launcher.daemon.server.SynchronizedDispatchConnection] thread 370: stopping connection
2025-02-16T01:25:05.834+0900 [DEBUG] [org.gradle.internal.remote.internal.inet.SocketConnection] Discarding EOFException: java.io.EOFException
2025-02-16T01:25:05.834+0900 [DEBUG] [org.gradle.launcher.daemon.server.SynchronizedDispatchConnection] thread 371: received null
2025-02-16T01:25:05.835+0900 [DEBUG] [org.gradle.launcher.daemon.server.DefaultDaemonConnection] thread 371: Received end-of-input from client.
2025-02-16T01:25:05.835+0900 [DEBUG] [org.gradle.launcher.daemon.server.SynchronizedDispatchConnection] thread 370: stopping connection
2025-02-16T01:25:14.784+0900 [DEBUG] [org.gradle.cache.internal.DefaultFileLockManager] Waiting to acquire shared lock on daemon addresses registry.
2025-02-16T01:25:14.785+0900 [DEBUG] [org.gradle.cache.internal.DefaultFileLockManager] Lock acquired on daemon addresses registry.
2025-02-16T01:25:14.786+0900 [DEBUG] [org.gradle.cache.internal.DefaultFileLockManager] Releasing lock on daemon addresses registry.
2025-02-16T01:25:14.786+0900 [DEBUG] [org.gradle.cache.internal.DefaultFileLockManager] Waiting to acquire shared lock on daemon addresses registry.
2025-02-16T01:25:14.787+0900 [DEBUG] [org.gradle.cache.internal.DefaultFileLockManager] Lock acquired on daemon addresses registry.
2025-02-16T01:25:14.787+0900 [DEBUG] [org.gradle.cache.internal.DefaultFileLockManager] Releasing lock on daemon addresses registry.
2025-02-16T01:25:20.118+0900 [DEBUG] [sun.rmi.transport.tcp] RMI TCP Connection(3)-127.0.0.1: (port 56517) connection closed
2025-02-16T01:25:20.119+0900 [DEBUG] [sun.rmi.transport.tcp] RMI TCP Connection(3)-127.0.0.1: close connection, socket: Socket[addr=/127.0.0.1,port=56635,localport=56517]
2025-02-16T01:25:20.119+0900 [DEBUG] [sun.rmi.transport.tcp] RMI TCP Connection(3)-127.0.0.1: socket close: Socket[addr=/127.0.0.1,port=56635,localport=56517]
2025-02-16T01:25:24.782+0900 [DEBUG] [org.gradle.cache.internal.DefaultFileLockManager] Waiting to acquire shared lock on daemon addresses registry.
2025-02-16T01:25:24.782+0900 [DEBUG] [org.gradle.cache.internal.DefaultFileLockManager] Lock acquired on daemon addresses registry.
2025-02-16T01:25:24.783+0900 [DEBUG] [org.gradle.cache.internal.DefaultFileLockManager] Releasing lock on daemon addresses registry.
2025-02-16T01:25:24.784+0900 [DEBUG] [org.gradle.cache.internal.DefaultFileLockManager] Waiting to acquire shared lock on daemon addresses registry.
2025-02-16T01:25:24.784+0900 [DEBUG] [org.gradle.cache.internal.DefaultFileLockManager] Lock acquired on daemon addresses registry.
2025-02-16T01:25:24.785+0900 [DEBUG] [org.gradle.cache.internal.DefaultFileLockManager] Releasing lock on daemon addresses registry.
2025-02-16T01:25:24.785+0900 [DEBUG] [org.gradle.cache.internal.DefaultFileLockManager] Waiting to acquire shared lock on daemon addresses registry.
2025-02-16T01:25:24.786+0900 [DEBUG] [org.gradle.cache.internal.DefaultFileLockManager] Lock acquired on daemon addresses registry.
2025-02-16T01:25:24.786+0900 [DEBUG] [org.gradle.cache.internal.DefaultFileLockManager] Releasing lock on daemon addresses registry.
2025-02-16T01:25:34.454+0900 [DEBUG] [sun.rmi.transport.tcp] RMI Scheduler(0): close connection, socket: Socket[addr=localhost/127.0.0.1,port=17261,localport=56632]
2025-02-16T01:25:34.459+0900 [DEBUG] [sun.rmi.transport.tcp] RMI Scheduler(0): close connection, socket: Socket[addr=localhost/127.0.0.1,port=17261,localport=56636]
2025-02-16T01:25:34.490+0900 [DEBUG] [sun.rmi.transport.tcp] RMI TCP Connection(2)-127.0.0.1: (port 56517) connection closed
2025-02-16T01:25:34.490+0900 [DEBUG] [sun.rmi.transport.tcp] RMI TCP Connection(2)-127.0.0.1: close connection, socket: Socket[addr=/127.0.0.1,port=56634,localport=56517]
2025-02-16T01:25:34.490+0900 [DEBUG] [sun.rmi.transport.tcp] RMI TCP Connection(2)-127.0.0.1: socket close: Socket[addr=/127.0.0.1,port=56634,localport=56517]
2025-02-16T01:25:34.783+0900 [DEBUG] [org.gradle.cache.internal.DefaultFileLockManager] Waiting to acquire shared lock on daemon addresses registry.
2025-02-16T01:25:34.783+0900 [DEBUG] [org.gradle.cache.internal.DefaultFileLockManager] Lock acquired on daemon addresses registry.
2025-02-16T01:25:34.783+0900 [DEBUG] [org.gradle.cache.internal.DefaultFileLockManager] Releasing lock on daemon addresses registry.
2025-02-16T01:25:34.783+0900 [DEBUG] [org.gradle.cache.internal.DefaultFileLockManager] Waiting to acquire shared lock on daemon addresses registry.
2025-02-16T01:25:34.783+0900 [DEBUG] [org.gradle.cache.internal.DefaultFileLockManager] Lock acquired on daemon addresses registry.
2025-02-16T01:25:34.783+0900 [DEBUG] [org.gradle.cache.internal.DefaultFileLockManager] Releasing lock on daemon addresses registry.
2025-02-16T01:25:34.783+0900 [DEBUG] [org.gradle.cache.internal.DefaultFileLockManager] Waiting to acquire shared lock on daemon addresses registry.
2025-02-16T01:25:34.783+0900 [DEBUG] [org.gradle.cache.internal.DefaultFileLockManager] Lock acquired on daemon addresses registry.
2025-02-16T01:25:34.783+0900 [DEBUG] [org.gradle.cache.internal.DefaultFileLockManager] Releasing lock on daemon addresses registry.
2025-02-16T01:25:44.782+0900 [DEBUG] [org.gradle.cache.internal.DefaultFileLockManager] Waiting to acquire shared lock on daemon addresses registry.
2025-02-16T01:25:44.784+0900 [DEBUG] [org.gradle.cache.internal.DefaultFileLockManager] Lock acquired on daemon addresses registry.
2025-02-16T01:25:44.784+0900 [DEBUG] [org.gradle.cache.internal.DefaultFileLockManager] Releasing lock on daemon addresses registry.
2025-02-16T01:25:44.785+0900 [DEBUG] [org.gradle.cache.internal.DefaultFileLockManager] Waiting to acquire shared lock on daemon addresses registry.
2025-02-16T01:25:44.785+0900 [DEBUG] [org.gradle.cache.internal.DefaultFileLockManager] Lock acquired on daemon addresses registry.
2025-02-16T01:25:44.786+0900 [DEBUG] [org.gradle.cache.internal.DefaultFileLockManager] Releasing lock on daemon addresses registry.
2025-02-16T01:25:44.786+0900 [DEBUG] [org.gradle.cache.internal.DefaultFileLockManager] Waiting to acquire shared lock on daemon addresses registry.
2025-02-16T01:25:44.786+0900 [DEBUG] [org.gradle.cache.internal.DefaultFileLockManager] Lock acquired on daemon addresses registry.
2025-02-16T01:25:44.787+0900 [DEBUG] [org.gradle.cache.internal.DefaultFileLockManager] Releasing lock on daemon addresses registry.
2025-02-16T01:25:54.783+0900 [DEBUG] [org.gradle.cache.internal.DefaultFileLockManager] Waiting to acquire shared lock on daemon addresses registry.
2025-02-16T01:25:54.784+0900 [DEBUG] [org.gradle.cache.internal.DefaultFileLockManager] Lock acquired on daemon addresses registry.
2025-02-16T01:25:54.785+0900 [DEBUG] [org.gradle.cache.internal.DefaultFileLockManager] Releasing lock on daemon addresses registry.
2025-02-16T01:25:54.786+0900 [DEBUG] [org.gradle.cache.internal.DefaultFileLockManager] Waiting to acquire shared lock on daemon addresses registry.
2025-02-16T01:25:54.786+0900 [DEBUG] [org.gradle.cache.internal.DefaultFileLockManager] Lock acquired on daemon addresses registry.
2025-02-16T01:25:54.786+0900 [DEBUG] [org.gradle.cache.internal.DefaultFileLockManager] Releasing lock on daemon addresses registry.
2025-02-16T01:25:54.787+0900 [DEBUG] [org.gradle.cache.internal.DefaultFileLockManager] Waiting to acquire shared lock on daemon addresses registry.
2025-02-16T01:25:54.787+0900 [DEBUG] [org.gradle.cache.internal.DefaultFileLockManager] Lock acquired on daemon addresses registry.
2025-02-16T01:25:54.787+0900 [DEBUG] [org.gradle.cache.internal.DefaultFileLockManager] Releasing lock on daemon addresses registry.
2025-02-16T01:25:57.403+0900 [DEBUG] [org.gradle.internal.remote.internal.inet.TcpIncomingConnector] Accepted connection from /127.0.0.1:56664 to /127.0.0.1:56494.
2025-02-16T01:25:57.405+0900 [DEBUG] [org.gradle.launcher.daemon.server.SynchronizedDispatchConnection] thread 491: received class org.gradle.launcher.daemon.protocol.Build
2025-02-16T01:25:57.405+0900 [DEBUG] [org.gradle.launcher.daemon.server.DefaultDaemonConnection] thread 491: Received non-IO message from client: Build{id=b7a4b650-6ac7-4b0b-9beb-6564a56abb46, currentDir=/Users/kariv/UMC/Frontend}
2025-02-16T01:25:57.405+0900 [INFO] [org.gradle.launcher.daemon.server.DefaultIncomingConnectionHandler] Received command: Build{id=b7a4b650-6ac7-4b0b-9beb-6564a56abb46, currentDir=/Users/kariv/UMC/Frontend}.
2025-02-16T01:25:57.405+0900 [DEBUG] [org.gradle.launcher.daemon.server.DefaultIncomingConnectionHandler] Starting executing command: Build{id=b7a4b650-6ac7-4b0b-9beb-6564a56abb46, currentDir=/Users/kariv/UMC/Frontend} with connection: socket connection from /127.0.0.1:56494 to /127.0.0.1:56664.
2025-02-16T01:25:57.406+0900 [DEBUG] [org.gradle.launcher.daemon.server.DaemonStateCoordinator] Command execution: started DaemonCommandExecution[command = Build{id=b7a4b650-6ac7-4b0b-9beb-6564a56abb46, currentDir=/Users/kariv/UMC/Frontend}, connection = DefaultDaemonConnection: socket connection from /127.0.0.1:56494 to /127.0.0.1:56664] after 0.85955 minutes of idle
2025-02-16T01:25:57.406+0900 [INFO] [org.gradle.launcher.daemon.server.DaemonRegistryUpdater] Marking the daemon as busy, address: [bc0742fd-d003-4008-bc7f-20ddefeef9c5 port:56494, addresses:[localhost/127.0.0.1]]
2025-02-16T01:25:57.406+0900 [DEBUG] [org.gradle.launcher.daemon.registry.PersistentDaemonRegistry] Marking busy by address: [bc0742fd-d003-4008-bc7f-20ddefeef9c5 port:56494, addresses:[localhost/127.0.0.1]]
2025-02-16T01:25:57.406+0900 [DEBUG] [org.gradle.cache.internal.DefaultFileLockManager] Waiting to acquire exclusive lock on daemon addresses registry.
2025-02-16T01:25:57.406+0900 [DEBUG] [org.gradle.cache.internal.DefaultFileLockManager] Lock acquired on daemon addresses registry.
2025-02-16T01:25:57.407+0900 [DEBUG] [org.gradle.cache.internal.DefaultFileLockManager] Releasing lock on daemon addresses registry.
2025-02-16T01:25:57.407+0900 [DEBUG] [org.gradle.launcher.daemon.server.DaemonStateCoordinator] resetting idle timer
2025-02-16T01:25:57.407+0900 [DEBUG] [org.gradle.launcher.daemon.server.DaemonStateCoordinator] daemon is running. Sleeping until state changes.
2025-02-16T01:25:57.407+0900 [INFO] [org.gradle.launcher.daemon.server.exec.StartBuildOrRespondWithBusy] Daemon is about to start building Build{id=b7a4b650-6ac7-4b0b-9beb-6564a56abb46, currentDir=/Users/kariv/UMC/Frontend}. Dispatching build started information...
2025-02-16T01:25:57.408+0900 [DEBUG] [org.gradle.launcher.daemon.server.SynchronizedDispatchConnection] thread 373: dispatching org.gradle.launcher.daemon.protocol.BuildStarted@4c871baf
2025-02-16T01:25:57.409+0900 [DEBUG] [org.gradle.launcher.daemon.server.exec.EstablishBuildEnvironment] Configuring env variables: [PATH, GSETTINGS_SCHEMA_DIR_CONDA_BACKUP, __CFBundleIdentifier, SHELL, CONDA_DEFAULT_ENV, CONDA_EXE, OLDPWD, CONDA_PYTHON_EXE, USER, COMMAND_MODE, TMPDIR, CONDA_PREFIX, SSH_AUTH_SOCK, _CE_CONDA, XPC_FLAGS, _CE_M, __CF_USER_TEXT_ENCODING, CONDA_PROMPT_MODIFIER, GSETTINGS_SCHEMA_DIR, LOGNAME, LC_CTYPE, XPC_SERVICE_NAME, CONDA_SHLVL, HOME]
2025-02-16T01:25:57.412+0900 [DEBUG] [org.gradle.launcher.daemon.server.exec.LogToClient] About to start relaying all logs to the client via the connection.
2025-02-16T01:25:57.412+0900 [INFO] [org.gradle.launcher.daemon.server.exec.LogToClient] The client will now receive all logging from the daemon (pid: 38875). The daemon log file: /Users/kariv/UMC/Frontend/gradle/daemon/8.9/daemon-38875.out.log
2025-02-16T01:25:57.414+0900 [INFO] [org.gradle.launcher.daemon.server.exec.LogAndCheckHealth] Starting 4th build in daemon [uptime: 4 mins 12.775 secs, performance: 99%, GC rate: 0.00/s, heap usage: 2% of 2 GiB]
2025-02-16T01:25:57.415+0900 [DEBUG] [org.gradle.launcher.daemon.server.exec.ExecuteBuild] The daemon has started executing the build.
2025-02-16T01:25:57.416+0900 [DEBUG] [org.gradle.launcher.daemon.server.exec.ExecuteBuild] Executing build with daemon context: DefaultDaemonContext[uid=00c7bf90-ca55-42c3-8e54-eac397236dba,javaHome=/Applications/Android Studio.app/Contents/jbr/Contents/Home,javaVersion=21,daemonRegistryDir=/Users/kariv/UMC/Frontend/gradle/daemon,pid=38875,idleTimeout=10800000,priority=NORMAL,applyInstrumentationAgent=true,nativeServicesMode=ENABLED,daemonOpts=--add-opens=java.base/java.util=ALL-UNNAMED,--add-opens=java.base/java.lang=ALL-UNNAMED,--add-opens=java.base/java.lang.invoke=ALL-UNNAMED,--add-opens=java.prefs/java.util.prefs=ALL-UNNAMED,--add-exports=jdk.compiler/com.sun.tools.javac.api=ALL-UNNAMED,--add-exports=jdk.compiler/com.sun.tools.javac.util=ALL-UNNAMED,--add-opens=java.base/java.nio.charset=ALL-UNNAMED,--add-opens=java.base/java.net=ALL-UNNAMED,--add-opens=java.base/java.util.concurrent.atomic=ALL-UNNAMED,-Xmx2048m,-Dfile.encoding=UTF-8,-Duser.country=KR,-Duser.language=ko,-Duser.variant]
e: file:///Users/kariv/UMC/Frontend/app/src/main/java/com/example/gonggaksim_frontend/TestAdapter.kt:24:36 Unresolved reference: certification_id
e: file:///Users/kariv/UMC/Frontend/app/src/main/java/com/example/gonggaksim_frontend/TestAdapter.kt:25:39 Unresolved reference: certification_id

FAILURE: Build failed with an exception.

* What went wrong:
Execution failed for task ':app:compileDebugKotlin'.
> A failure occurred while executing org.jetbrains.kotlin.compilerRunner.GradleCompilerRunnerWithWorkers$GradleKotlinCompilerWorkAction
   > Compilation error. See log for more details

* Try:
> Run with --info or --debug option to get more log output.
> Run with --scan to get full insights.
> Get more help at https://help.gradle.org.

* Exception is:
org.gradle.api.tasks.TaskExecutionException: Execution failed for task ':app:compileDebugKotlin'.
	at org.gradle.api.internal.tasks.execution.ExecuteActionsTaskExecuter.lambda$executeIfValid$1(ExecuteActionsTaskExecuter.java:130)
	at org.gradle.internal.Try$Failure.ifSuccessfulOrElse(Try.java:293)
	at org.gradle.api.internal.tasks.execution.ExecuteActionsTaskExecuter.executeIfValid(ExecuteActionsTaskExecuter.java:128)
	at org.gradle.api.internal.tasks.execution.ExecuteActionsTaskExecuter.execute(ExecuteActionsTaskExecuter.java:116)
	at org.gradle.api.internal.tasks.execution.FinalizePropertiesTaskExecuter.execute(FinalizePropertiesTaskExecuter.java:46)
	at org.gradle.api.internal.tasks.execution.ResolveTaskExecutionModeExecuter.execute(ResolveTaskExecutionModeExecuter.java:51)
	at org.gradle.api.internal.tasks.execution.SkipTaskWithNoActionsExecuter.execute(SkipTaskWithNoActionsExecuter.java:57)
	at org.gradle.api.internal.tasks.execution.SkipOnlyIfTaskExecuter.execute(SkipOnlyIfTaskExecuter.java:74)
	at org.gradle.api.internal.tasks.execution.CatchExceptionTaskExecuter.execute(CatchExceptionTaskExecuter.java:36)
	at org.gradle.api.internal.tasks.execution.EventFiringTaskExecuter$1.executeTask(EventFiringTaskExecuter.java:77)
	at org.gradle.api.internal.tasks.execution.EventFiringTaskExecuter$1.call(EventFiringTaskExecuter.java:55)
	at org.gradle.api.internal.tasks.execution.EventFiringTaskExecuter$1.call(EventFiringTaskExecuter.java:52)
	at org.gradle.internal.operations.DefaultBuildOperationRunner$CallableBuildOperationWorker.execute(DefaultBuildOperationRunner.java:209)
	at org.gradle.internal.operations.DefaultBuildOperationRunner$CallableBuildOperationWorker.execute(DefaultBuildOperationRunner.java:204)
	at org.gradle.internal.operations.DefaultBuildOperationRunner$2.execute(DefaultBuildOperationRunner.java:66)
	at org.gradle.internal.operations.DefaultBuildOperationRunner$2.execute(DefaultBuildOperationRunner.java:59)
	at org.gradle.internal.operations.DefaultBuildOperationRunner.execute(DefaultBuildOperationRunner.java:166)
	at org.gradle.internal.operations.DefaultBuildOperationRunner.execute(DefaultBuildOperationRunner.java:59)
	at org.gradle.internal.operations.DefaultBuildOperationRunner.call(DefaultBuildOperationRunner.java:53)
	at org.gradle.api.internal.tasks.execution.EventFiringTaskExecuter.execute(EventFiringTaskExecuter.java:52)
	at org.gradle.execution.plan.LocalTaskNodeExecutor.execute(LocalTaskNodeExecutor.java:42)
	at org.gradle.execution.taskgraph.DefaultTaskExecutionGraph$InvokeNodeExecutorsAction.execute(DefaultTaskExecutionGraph.java:331)
	at org.gradle.execution.taskgraph.DefaultTaskExecutionGraph$InvokeNodeExecutorsAction.execute(DefaultTaskExecutionGraph.java:318)
	at org.gradle.execution.taskgraph.DefaultTaskExecutionGraph$BuildOperationAwareExecutionAction.lambda$execute$0(DefaultTaskExecutionGraph.java:314)
	at org.gradle.internal.operations.CurrentBuildOperationRef.with(CurrentBuildOperationRef.java:85)
	at org.gradle.execution.taskgraph.DefaultTaskExecutionGraph$BuildOperationAwareExecutionAction.execute(DefaultTaskExecutionGraph.java:314)
	at org.gradle.execution.taskgraph.DefaultTaskExecutionGraph$BuildOperationAwareExecutionAction.execute(DefaultTaskExecutionGraph.java:303)
	at org.gradle.execution.plan.DefaultPlanExecutor$ExecutorWorker.execute(DefaultPlanExecutor.java:459)
	at org.gradle.execution.plan.DefaultPlanExecutor$ExecutorWorker.run(DefaultPlanExecutor.java:376)
	at org.gradle.internal.concurrent.ExecutorPolicy$CatchAndRecordFailures.onExecute(ExecutorPolicy.java:64)
	at org.gradle.internal.concurrent.AbstractManagedExecutor$1.run(AbstractManagedExecutor.java:48)
Caused by: org.gradle.workers.internal.DefaultWorkerExecutor$WorkExecutionException: A failure occurred while executing org.jetbrains.kotlin.compilerRunner.GradleCompilerRunnerWithWorkers$GradleKotlinCompilerWorkAction
	at org.gradle.workers.internal.DefaultWorkerExecutor$WorkItemExecution.waitForCompletion(DefaultWorkerExecutor.java:287)
	at org.gradle.internal.work.DefaultAsyncWorkTracker.lambda$waitForItemsAndGatherFailures$2(DefaultAsyncWorkTracker.java:130)
	at org.gradle.internal.Factories$1.create(Factories.java:31)
	at org.gradle.internal.work.DefaultWorkerLeaseService.withoutLocks(DefaultWorkerLeaseService.java:339)
	at org.gradle.internal.work.DefaultWorkerLeaseService.withoutLocks(DefaultWorkerLeaseService.java:322)
	at org.gradle.internal.work.DefaultWorkerLeaseService.withoutLock(DefaultWorkerLeaseService.java:327)
	at org.gradle.internal.work.DefaultAsyncWorkTracker.waitForItemsAndGatherFailures(DefaultAsyncWorkTracker.java:126)
	at org.gradle.internal.work.DefaultAsyncWorkTracker.waitForItemsAndGatherFailures(DefaultAsyncWorkTracker.java:92)
	at org.gradle.internal.work.DefaultAsyncWorkTracker.waitForAll(DefaultAsyncWorkTracker.java:78)
	at org.gradle.internal.work.DefaultAsyncWorkTracker.waitForCompletion(DefaultAsyncWorkTracker.java:66)
	at org.gradle.api.internal.tasks.execution.TaskExecution$3.run(TaskExecution.java:252)
	at org.gradle.internal.operations.DefaultBuildOperationRunner$1.execute(DefaultBuildOperationRunner.java:29)
	at org.gradle.internal.operations.DefaultBuildOperationRunner$1.execute(DefaultBuildOperationRunner.java:26)
	at org.gradle.internal.operations.DefaultBuildOperationRunner$2.execute(DefaultBuildOperationRunner.java:66)
	at org.gradle.internal.operations.DefaultBuildOperationRunner$2.execute(DefaultBuildOperationRunner.java:59)
	at org.gradle.internal.operations.DefaultBuildOperationRunner.execute(DefaultBuildOperationRunner.java:166)
	at org.gradle.internal.operations.DefaultBuildOperationRunner.execute(DefaultBuildOperationRunner.java:59)
	at org.gradle.internal.operations.DefaultBuildOperationRunner.run(DefaultBuildOperationRunner.java:47)
	at org.gradle.api.internal.tasks.execution.TaskExecution.executeAction(TaskExecution.java:229)
	at org.gradle.api.internal.tasks.execution.TaskExecution.executeActions(TaskExecution.java:212)
	at org.gradle.api.internal.tasks.execution.TaskExecution.executeWithPreviousOutputFiles(TaskExecution.java:195)
	at org.gradle.api.internal.tasks.execution.TaskExecution.execute(TaskExecution.java:162)
	at org.gradle.internal.execution.steps.ExecuteStep.executeInternal(ExecuteStep.java:105)
	at org.gradle.internal.execution.steps.ExecuteStep.access$000(ExecuteStep.java:44)
	at org.gradle.internal.execution.steps.ExecuteStep$1.call(ExecuteStep.java:59)
	at org.gradle.internal.execution.steps.ExecuteStep$1.call(ExecuteStep.java:56)
	at org.gradle.internal.operations.DefaultBuildOperationRunner$CallableBuildOperationWorker.execute(DefaultBuildOperationRunner.java:209)
	at org.gradle.internal.operations.DefaultBuildOperationRunner$CallableBuildOperationWorker.execute(DefaultBuildOperationRunner.java:204)
	at org.gradle.internal.operations.DefaultBuildOperationRunner$2.execute(DefaultBuildOperationRunner.java:66)
	at org.gradle.internal.operations.DefaultBuildOperationRunner$2.execute(DefaultBuildOperationRunner.java:59)
	at org.gradle.internal.operations.DefaultBuildOperationRunner.execute(DefaultBuildOperationRunner.java:166)
	at org.gradle.internal.operations.DefaultBuildOperationRunner.execute(DefaultBuildOperationRunner.java:59)
	at org.gradle.internal.operations.DefaultBuildOperationRunner.call(DefaultBuildOperationRunner.java:53)
	at org.gradle.internal.execution.steps.ExecuteStep.execute(ExecuteStep.java:56)
	at org.gradle.internal.execution.steps.ExecuteStep.execute(ExecuteStep.java:44)
	at org.gradle.internal.execution.steps.CancelExecutionStep.execute(CancelExecutionStep.java:42)
	at org.gradle.internal.execution.steps.TimeoutStep.executeWithoutTimeout(TimeoutStep.java:75)
	at org.gradle.internal.execution.steps.TimeoutStep.execute(TimeoutStep.java:55)
	at org.gradle.internal.execution.steps.PreCreateOutputParentsStep.execute(PreCreateOutputParentsStep.java:50)
	at org.gradle.internal.execution.steps.PreCreateOutputParentsStep.execute(PreCreateOutputParentsStep.java:28)
	at org.gradle.internal.execution.steps.RemovePreviousOutputsStep.execute(RemovePreviousOutputsStep.java:67)
	at org.gradle.internal.execution.steps.RemovePreviousOutputsStep.execute(RemovePreviousOutputsStep.java:37)
	at org.gradle.internal.execution.steps.BroadcastChangingOutputsStep.execute(BroadcastChangingOutputsStep.java:61)
	at org.gradle.internal.execution.steps.BroadcastChangingOutputsStep.execute(BroadcastChangingOutputsStep.java:26)
	at org.gradle.internal.execution.steps.CaptureOutputsAfterExecutionStep.execute(CaptureOutputsAfterExecutionStep.java:69)
	at org.gradle.internal.execution.steps.CaptureOutputsAfterExecutionStep.execute(CaptureOutputsAfterExecutionStep.java:46)
	at org.gradle.internal.execution.steps.ResolveInputChangesStep.execute(ResolveInputChangesStep.java:40)
	at org.gradle.internal.execution.steps.ResolveInputChangesStep.execute(ResolveInputChangesStep.java:29)
	at org.gradle.internal.execution.steps.BuildCacheStep.executeWithoutCache(BuildCacheStep.java:189)
	at org.gradle.internal.execution.steps.BuildCacheStep.lambda$execute$1(BuildCacheStep.java:75)
	at org.gradle.internal.Either$Right.fold(Either.java:175)
	at org.gradle.internal.execution.caching.CachingState.fold(CachingState.java:62)
	at org.gradle.internal.execution.steps.BuildCacheStep.execute(BuildCacheStep.java:73)
	at org.gradle.internal.execution.steps.BuildCacheStep.execute(BuildCacheStep.java:48)
	at org.gradle.internal.execution.steps.StoreExecutionStateStep.execute(StoreExecutionStateStep.java:46)
	at org.gradle.internal.execution.steps.StoreExecutionStateStep.execute(StoreExecutionStateStep.java:35)
	at org.gradle.internal.execution.steps.SkipUpToDateStep.executeBecause(SkipUpToDateStep.java:75)
	at org.gradle.internal.execution.steps.SkipUpToDateStep.lambda$execute$2(SkipUpToDateStep.java:53)
	at org.gradle.internal.execution.steps.SkipUpToDateStep.execute(SkipUpToDateStep.java:53)
	at org.gradle.internal.execution.steps.SkipUpToDateStep.execute(SkipUpToDateStep.java:35)
	at org.gradle.internal.execution.steps.legacy.MarkSnapshottingInputsFinishedStep.execute(MarkSnapshottingInputsFinishedStep.java:37)
	at org.gradle.internal.execution.steps.legacy.MarkSnapshottingInputsFinishedStep.execute(MarkSnapshottingInputsFinishedStep.java:27)
	at org.gradle.internal.execution.steps.ResolveIncrementalCachingStateStep.executeDelegate(ResolveIncrementalCachingStateStep.java:49)
	at org.gradle.internal.execution.steps.ResolveIncrementalCachingStateStep.executeDelegate(ResolveIncrementalCachingStateStep.java:27)
	at org.gradle.internal.execution.steps.AbstractResolveCachingStateStep.execute(AbstractResolveCachingStateStep.java:71)
	at org.gradle.internal.execution.steps.AbstractResolveCachingStateStep.execute(AbstractResolveCachingStateStep.java:39)
	at org.gradle.internal.execution.steps.ResolveChangesStep.execute(ResolveChangesStep.java:65)
	at org.gradle.internal.execution.steps.ResolveChangesStep.execute(ResolveChangesStep.java:36)
	at org.gradle.internal.execution.steps.ValidateStep.execute(ValidateStep.java:105)
	at org.gradle.internal.execution.steps.ValidateStep.execute(ValidateStep.java:54)
	at org.gradle.internal.execution.steps.AbstractCaptureStateBeforeExecutionStep.execute(AbstractCaptureStateBeforeExecutionStep.java:64)
	at org.gradle.internal.execution.steps.AbstractCaptureStateBeforeExecutionStep.execute(AbstractCaptureStateBeforeExecutionStep.java:43)
	at org.gradle.internal.execution.steps.AbstractSkipEmptyWorkStep.executeWithNonEmptySources(AbstractSkipEmptyWorkStep.java:125)
	at org.gradle.internal.execution.steps.AbstractSkipEmptyWorkStep.execute(AbstractSkipEmptyWorkStep.java:61)
	at org.gradle.internal.execution.steps.AbstractSkipEmptyWorkStep.execute(AbstractSkipEmptyWorkStep.java:36)
	at org.gradle.internal.execution.steps.legacy.MarkSnapshottingInputsStartedStep.execute(MarkSnapshottingInputsStartedStep.java:38)
	at org.gradle.internal.execution.steps.LoadPreviousExecutionStateStep.execute(LoadPreviousExecutionStateStep.java:36)
	at org.gradle.internal.execution.steps.LoadPreviousExecutionStateStep.execute(LoadPreviousExecutionStateStep.java:23)
	at org.gradle.internal.execution.steps.HandleStaleOutputsStep.execute(HandleStaleOutputsStep.java:75)
	at org.gradle.internal.execution.steps.HandleStaleOutputsStep.execute(HandleStaleOutputsStep.java:41)
	at org.gradle.internal.execution.steps.AssignMutableWorkspaceStep.lambda$execute$0(AssignMutableWorkspaceStep.java:35)
	at org.gradle.api.internal.tasks.execution.TaskExecution$4.withWorkspace(TaskExecution.java:289)
	at org.gradle.internal.execution.steps.AssignMutableWorkspaceStep.execute(AssignMutableWorkspaceStep.java:31)
	at org.gradle.internal.execution.steps.AssignMutableWorkspaceStep.execute(AssignMutableWorkspaceStep.java:22)
	at org.gradle.internal.execution.steps.ChoosePipelineStep.execute(ChoosePipelineStep.java:40)
	at org.gradle.internal.execution.steps.ChoosePipelineStep.execute(ChoosePipelineStep.java:23)
	at org.gradle.internal.execution.steps.ExecuteWorkBuildOperationFiringStep.lambda$execute$2(ExecuteWorkBuildOperationFiringStep.java:67)
	at org.gradle.internal.execution.steps.ExecuteWorkBuildOperationFiringStep.execute(ExecuteWorkBuildOperationFiringStep.java:67)
	at org.gradle.internal.execution.steps.ExecuteWorkBuildOperationFiringStep.execute(ExecuteWorkBuildOperationFiringStep.java:39)
	at org.gradle.internal.execution.steps.IdentityCacheStep.execute(IdentityCacheStep.java:46)
	at org.gradle.internal.execution.steps.IdentityCacheStep.execute(IdentityCacheStep.java:34)
	at org.gradle.internal.execution.steps.IdentifyStep.execute(IdentifyStep.java:48)
	at org.gradle.internal.execution.steps.IdentifyStep.execute(IdentifyStep.java:35)
	at org.gradle.internal.execution.impl.DefaultExecutionEngine$1.execute(DefaultExecutionEngine.java:61)
	at org.gradle.api.internal.tasks.execution.ExecuteActionsTaskExecuter.executeIfValid(ExecuteActionsTaskExecuter.java:127)
	at org.gradle.api.internal.tasks.execution.ExecuteActionsTaskExecuter.execute(ExecuteActionsTaskExecuter.java:116)
	at org.gradle.api.internal.tasks.execution.FinalizePropertiesTaskExecuter.execute(FinalizePropertiesTaskExecuter.java:46)
	at org.gradle.api.internal.tasks.execution.ResolveTaskExecutionModeExecuter.execute(ResolveTaskExecutionModeExecuter.java:51)
	at org.gradle.api.internal.tasks.execution.SkipTaskWithNoActionsExecuter.execute(SkipTaskWithNoActionsExecuter.java:57)
	at org.gradle.api.internal.tasks.execution.SkipOnlyIfTaskExecuter.execute(SkipOnlyIfTaskExecuter.java:74)
	at org.gradle.api.internal.tasks.execution.CatchExceptionTaskExecuter.execute(CatchExceptionTaskExecuter.java:36)
	at org.gradle.api.internal.tasks.execution.EventFiringTaskExecuter$1.executeTask(EventFiringTaskExecuter.java:77)
	at org.gradle.api.internal.tasks.execution.EventFiringTaskExecuter$1.call(EventFiringTaskExecuter.java:55)
	at org.gradle.api.internal.tasks.execution.EventFiringTaskExecuter$1.call(EventFiringTaskExecuter.java:52)
	at org.gradle.internal.operations.DefaultBuildOperationRunner$CallableBuildOperationWorker.execute(DefaultBuildOperationRunner.java:209)
	at org.gradle.internal.operations.DefaultBuildOperationRunner$CallableBuildOperationWorker.execute(DefaultBuildOperationRunner.java:204)
	at org.gradle.internal.operations.DefaultBuildOperationRunner$2.execute(DefaultBuildOperationRunner.java:66)
	at org.gradle.internal.operations.DefaultBuildOperationRunner$2.execute(DefaultBuildOperationRunner.java:59)
	at org.gradle.internal.operations.DefaultBuildOperationRunner.execute(DefaultBuildOperationRunner.java:166)
	at org.gradle.internal.operations.DefaultBuildOperationRunner.execute(DefaultBuildOperationRunner.java:59)
	at org.gradle.internal.operations.DefaultBuildOperationRunner.call(DefaultBuildOperationRunner.java:53)
	at org.gradle.api.internal.tasks.execution.EventFiringTaskExecuter.execute(EventFiringTaskExecuter.java:52)
	at org.gradle.execution.plan.LocalTaskNodeExecutor.execute(LocalTaskNodeExecutor.java:42)
	at org.gradle.execution.taskgraph.DefaultTaskExecutionGraph$InvokeNodeExecutorsAction.execute(DefaultTaskExecutionGraph.java:331)
	at org.gradle.execution.taskgraph.DefaultTaskExecutionGraph$InvokeNodeExecutorsAction.execute(DefaultTaskExecutionGraph.java:318)
	at org.gradle.execution.taskgraph.DefaultTaskExecutionGraph$BuildOperationAwareExecutionAction.lambda$execute$0(DefaultTaskExecutionGraph.java:314)
	at org.gradle.internal.operations.CurrentBuildOperationRef.with(CurrentBuildOperationRef.java:85)
	at org.gradle.execution.taskgraph.DefaultTaskExecutionGraph$BuildOperationAwareExecutionAction.execute(DefaultTaskExecutionGraph.java:314)
	at org.gradle.execution.taskgraph.DefaultTaskExecutionGraph$BuildOperationAwareExecutionAction.execute(DefaultTaskExecutionGraph.java:303)
	at org.gradle.execution.plan.DefaultPlanExecutor$ExecutorWorker.execute(DefaultPlanExecutor.java:459)
	at org.gradle.execution.plan.DefaultPlanExecutor$ExecutorWorker.run(DefaultPlanExecutor.java:376)
	at org.gradle.internal.concurrent.ExecutorPolicy$CatchAndRecordFailures.onExecute(ExecutorPolicy.java:64)
	at org.gradle.internal.concurrent.AbstractManagedExecutor$1.run(AbstractManagedExecutor.java:48)
Caused by: org.jetbrains.kotlin.gradle.tasks.CompilationErrorException: Compilation error. See log for more details
	at org.jetbrains.kotlin.gradle.tasks.TasksUtilsKt.throwExceptionIfCompilationFailed(tasksUtils.kt:20)
	at org.jetbrains.kotlin.compilerRunner.GradleKotlinCompilerWork.run(GradleKotlinCompilerWork.kt:141)
	at org.jetbrains.kotlin.compilerRunner.GradleCompilerRunnerWithWorkers$GradleKotlinCompilerWorkAction.execute(GradleCompilerRunnerWithWorkers.kt:73)
	at org.gradle.workers.internal.DefaultWorkerServer.execute(DefaultWorkerServer.java:63)
	at org.gradle.workers.internal.NoIsolationWorkerFactory$1$1.create(NoIsolationWorkerFactory.java:66)
	at org.gradle.workers.internal.NoIsolationWorkerFactory$1$1.create(NoIsolationWorkerFactory.java:62)
	at org.gradle.internal.classloader.ClassLoaderUtils.executeInClassloader(ClassLoaderUtils.java:100)
	at org.gradle.workers.internal.NoIsolationWorkerFactory$1.lambda$execute$0(NoIsolationWorkerFactory.java:62)
	at org.gradle.workers.internal.AbstractWorker$1.call(AbstractWorker.java:44)
	at org.gradle.workers.internal.AbstractWorker$1.call(AbstractWorker.java:41)
	at org.gradle.internal.operations.DefaultBuildOperationRunner$CallableBuildOperationWorker.execute(DefaultBuildOperationRunner.java:209)
	at org.gradle.internal.operations.DefaultBuildOperationRunner$CallableBuildOperationWorker.execute(DefaultBuildOperationRunner.java:204)
	at org.gradle.internal.operations.DefaultBuildOperationRunner$2.execute(DefaultBuildOperationRunner.java:66)
	at org.gradle.internal.operations.DefaultBuildOperationRunner$2.execute(DefaultBuildOperationRunner.java:59)
	at org.gradle.internal.operations.DefaultBuildOperationRunner.execute(DefaultBuildOperationRunner.java:166)
	at org.gradle.internal.operations.DefaultBuildOperationRunner.execute(DefaultBuildOperationRunner.java:59)
	at org.gradle.internal.operations.DefaultBuildOperationRunner.call(DefaultBuildOperationRunner.java:53)
	at org.gradle.workers.internal.AbstractWorker.executeWrappedInBuildOperation(AbstractWorker.java:41)
	at org.gradle.workers.internal.NoIsolationWorkerFactory$1.execute(NoIsolationWorkerFactory.java:59)
	at org.gradle.workers.internal.DefaultWorkerExecutor.lambda$submitWork$0(DefaultWorkerExecutor.java:174)
	at org.gradle.internal.work.DefaultConditionalExecutionQueue$ExecutionRunner.runExecution(DefaultConditionalExecutionQueue.java:195)
	at org.gradle.internal.work.DefaultConditionalExecutionQueue$ExecutionRunner.access$700(DefaultConditionalExecutionQueue.java:128)
	at org.gradle.internal.work.DefaultConditionalExecutionQueue$ExecutionRunner$1.run(DefaultConditionalExecutionQueue.java:170)
	at org.gradle.internal.Factories$1.create(Factories.java:31)
	at org.gradle.internal.work.DefaultWorkerLeaseService.withLocks(DefaultWorkerLeaseService.java:267)
	at org.gradle.internal.work.DefaultWorkerLeaseService.runAsWorkerThread(DefaultWorkerLeaseService.java:131)
	at org.gradle.internal.work.DefaultWorkerLeaseService.runAsWorkerThread(DefaultWorkerLeaseService.java:136)
	at org.gradle.internal.work.DefaultConditionalExecutionQueue$ExecutionRunner.runBatch(DefaultConditionalExecutionQueue.java:165)
	at org.gradle.internal.work.DefaultConditionalExecutionQueue$ExecutionRunner.run(DefaultConditionalExecutionQueue.java:134)
	... 2 more


BUILD FAILED in 1s
30 actionable tasks: 2 executed, 28 up-to-date
2025-02-16T01:25:59.044+0900 [DEBUG] [org.gradle.launcher.daemon.server.exec.ExecuteBuild] The daemon has finished executing the build.
2025-02-16T01:25:59.052+0900 [DEBUG] [org.gradle.launcher.daemon.server.DaemonStateCoordinator] Command execution: finished waiting for DaemonCommandExecution[command = Build{id=b7a4b650-6ac7-4b0b-9beb-6564a56abb46, currentDir=/Users/kariv/UMC/Frontend}, connection = DefaultDaemonConnection: socket connection from /127.0.0.1:56494 to /127.0.0.1:56664]. Result org.gradle.launcher.daemon.server.DaemonStateCoordinator@43b7a733 with state Busy
2025-02-16T01:25:59.052+0900 [DEBUG] [org.gradle.launcher.daemon.server.DaemonStateCoordinator] Command execution: completed DaemonCommandExecution[command = Build{id=b7a4b650-6ac7-4b0b-9beb-6564a56abb46, currentDir=/Users/kariv/UMC/Frontend}, connection = DefaultDaemonConnection: socket connection from /127.0.0.1:56494 to /127.0.0.1:56664]
2025-02-16T01:25:59.052+0900 [DEBUG] [org.gradle.launcher.daemon.server.DaemonStateCoordinator] resetting idle timer
2025-02-16T01:25:59.052+0900 [INFO] [org.gradle.launcher.daemon.server.DaemonRegistryUpdater] Marking the daemon as idle, address: [bc0742fd-d003-4008-bc7f-20ddefeef9c5 port:56494, addresses:[localhost/127.0.0.1]]
2025-02-16T01:25:59.052+0900 [DEBUG] [org.gradle.launcher.daemon.registry.PersistentDaemonRegistry] Marking busy by address: [bc0742fd-d003-4008-bc7f-20ddefeef9c5 port:56494, addresses:[localhost/127.0.0.1]]
2025-02-16T01:25:59.052+0900 [DEBUG] [org.gradle.cache.internal.DefaultFileLockManager] Waiting to acquire exclusive lock on daemon addresses registry.
2025-02-16T01:25:59.052+0900 [DEBUG] [org.gradle.cache.internal.DefaultFileLockManager] Lock acquired on daemon addresses registry.
2025-02-16T01:25:59.053+0900 [DEBUG] [org.gradle.cache.internal.DefaultFileLockManager] Releasing lock on daemon addresses registry.
2025-02-16T01:25:59.053+0900 [DEBUG] [org.gradle.launcher.daemon.server.exec.ReturnResult] Daemon is dispatching the build result: Success[value=org.gradle.launcher.exec.BuildActionResult@601c5293]
2025-02-16T01:25:59.053+0900 [DEBUG] [org.gradle.launcher.daemon.server.SynchronizedDispatchConnection] thread 370: dispatching Success[value=org.gradle.launcher.exec.BuildActionResult@601c5293]
2025-02-16T01:25:59.053+0900 [DEBUG] [org.gradle.launcher.daemon.server.DaemonStateCoordinator] daemon is running. Sleeping until state changes.
2025-02-16T01:25:59.054+0900 [DEBUG] [org.gradle.launcher.daemon.server.exec.CleanUpVirtualFileSystemAfterBuild] Cleaning virtual file system after build finished
2025-02-16T01:25:59.054+0900 [DEBUG] [org.gradle.launcher.daemon.server.DefaultIncomingConnectionHandler] Finishing executing command: Build{id=b7a4b650-6ac7-4b0b-9beb-6564a56abb46, currentDir=/Users/kariv/UMC/Frontend}
2025-02-16T01:25:59.060+0900 [DEBUG] [org.gradle.launcher.daemon.server.SynchronizedDispatchConnection] thread 491: received class org.gradle.launcher.daemon.protocol.CloseInput
2025-02-16T01:25:59.060+0900 [DEBUG] [org.gradle.launcher.daemon.server.DefaultDaemonConnection] thread 491: Received IO message from client: org.gradle.launcher.daemon.protocol.CloseInput@770ca41
2025-02-16T01:25:59.061+0900 [DEBUG] [org.gradle.launcher.daemon.server.SynchronizedDispatchConnection] thread 491: received class org.gradle.launcher.daemon.protocol.Finished
2025-02-16T01:25:59.061+0900 [DEBUG] [org.gradle.launcher.daemon.server.DefaultDaemonConnection] thread 491: Received non-IO message from client: org.gradle.launcher.daemon.protocol.Finished@9b734df
2025-02-16T01:25:59.061+0900 [DEBUG] [org.gradle.internal.remote.internal.inet.SocketConnection] Discarding EOFException: java.io.EOFException
2025-02-16T01:25:59.061+0900 [DEBUG] [org.gradle.launcher.daemon.server.SynchronizedDispatchConnection] thread 491: received null
2025-02-16T01:25:59.061+0900 [DEBUG] [org.gradle.launcher.daemon.server.DefaultDaemonConnection] thread 491: Received end-of-input from client.
2025-02-16T01:25:59.061+0900 [DEBUG] [org.gradle.launcher.daemon.server.DefaultIncomingConnectionHandler] Received finished message: org.gradle.launcher.daemon.protocol.Finished@9b734df
2025-02-16T01:25:59.062+0900 [DEBUG] [org.gradle.launcher.daemon.server.SynchronizedDispatchConnection] thread 370: stopping connection
2025-02-16T01:25:59.063+0900 [DEBUG] [org.gradle.launcher.daemon.server.SynchronizedDispatchConnection] thread 370: stopping connection
2025-02-16T01:26:04.781+0900 [DEBUG] [org.gradle.cache.internal.DefaultFileLockManager] Waiting to acquire shared lock on daemon addresses registry.
2025-02-16T01:26:04.784+0900 [DEBUG] [org.gradle.cache.internal.DefaultFileLockManager] Lock acquired on daemon addresses registry.
2025-02-16T01:26:04.785+0900 [DEBUG] [org.gradle.cache.internal.DefaultFileLockManager] Releasing lock on daemon addresses registry.
2025-02-16T01:26:04.786+0900 [DEBUG] [org.gradle.cache.internal.DefaultFileLockManager] Waiting to acquire shared lock on daemon addresses registry.
2025-02-16T01:26:04.787+0900 [DEBUG] [org.gradle.cache.internal.DefaultFileLockManager] Lock acquired on daemon addresses registry.
2025-02-16T01:26:04.787+0900 [DEBUG] [org.gradle.cache.internal.DefaultFileLockManager] Releasing lock on daemon addresses registry.
2025-02-16T01:26:12.986+0900 [DEBUG] [sun.rmi.transport.tcp] RMI Scheduler(0): close connection, socket: Socket[addr=localhost/127.0.0.1,port=17261,localport=56666]
2025-02-16T01:26:13.511+0900 [DEBUG] [org.gradle.internal.watch.vfs.impl.WatchingVirtualFileSystem] Handling VFS change MODIFIED /Users/kariv/UMC/Frontend/app/src/main/java/com/example/gonggaksim_frontend/TestAdapter.kt
2025-02-16T01:26:13.516+0900 [DEBUG] [org.gradle.internal.remote.internal.inet.TcpIncomingConnector] Accepted connection from /127.0.0.1:56676 to /127.0.0.1:56494.
2025-02-16T01:26:13.518+0900 [DEBUG] [org.gradle.launcher.daemon.server.SynchronizedDispatchConnection] thread 576: received class org.gradle.launcher.daemon.protocol.Build
2025-02-16T01:26:13.518+0900 [DEBUG] [org.gradle.launcher.daemon.server.DefaultDaemonConnection] thread 576: Received non-IO message from client: Build{id=f30ac8f3-3438-49de-94fc-adaa275a583e, currentDir=/Users/kariv/UMC/Frontend}
2025-02-16T01:26:13.518+0900 [INFO] [org.gradle.launcher.daemon.server.DefaultIncomingConnectionHandler] Received command: Build{id=f30ac8f3-3438-49de-94fc-adaa275a583e, currentDir=/Users/kariv/UMC/Frontend}.
2025-02-16T01:26:13.518+0900 [DEBUG] [org.gradle.launcher.daemon.server.DefaultIncomingConnectionHandler] Starting executing command: Build{id=f30ac8f3-3438-49de-94fc-adaa275a583e, currentDir=/Users/kariv/UMC/Frontend} with connection: socket connection from /127.0.0.1:56494 to /127.0.0.1:56676.
2025-02-16T01:26:13.519+0900 [DEBUG] [org.gradle.launcher.daemon.server.DaemonStateCoordinator] Command execution: started DaemonCommandExecution[command = Build{id=f30ac8f3-3438-49de-94fc-adaa275a583e, currentDir=/Users/kariv/UMC/Frontend}, connection = DefaultDaemonConnection: socket connection from /127.0.0.1:56494 to /127.0.0.1:56676] after 0.24113333333333334 minutes of idle
2025-02-16T01:26:13.519+0900 [INFO] [org.gradle.launcher.daemon.server.DaemonRegistryUpdater] Marking the daemon as busy, address: [bc0742fd-d003-4008-bc7f-20ddefeef9c5 port:56494, addresses:[localhost/127.0.0.1]]
2025-02-16T01:26:13.519+0900 [DEBUG] [org.gradle.launcher.daemon.registry.PersistentDaemonRegistry] Marking busy by address: [bc0742fd-d003-4008-bc7f-20ddefeef9c5 port:56494, addresses:[localhost/127.0.0.1]]
2025-02-16T01:26:13.519+0900 [DEBUG] [org.gradle.cache.internal.DefaultFileLockManager] Waiting to acquire exclusive lock on daemon addresses registry.
2025-02-16T01:26:13.519+0900 [DEBUG] [org.gradle.cache.internal.DefaultFileLockManager] Lock acquired on daemon addresses registry.
2025-02-16T01:26:13.520+0900 [DEBUG] [org.gradle.cache.internal.DefaultFileLockManager] Releasing lock on daemon addresses registry.
2025-02-16T01:26:13.520+0900 [DEBUG] [org.gradle.launcher.daemon.server.DaemonStateCoordinator] resetting idle timer
2025-02-16T01:26:13.520+0900 [DEBUG] [org.gradle.launcher.daemon.server.DaemonStateCoordinator] daemon is running. Sleeping until state changes.
2025-02-16T01:26:13.520+0900 [INFO] [org.gradle.launcher.daemon.server.exec.StartBuildOrRespondWithBusy] Daemon is about to start building Build{id=f30ac8f3-3438-49de-94fc-adaa275a583e, currentDir=/Users/kariv/UMC/Frontend}. Dispatching build started information...
2025-02-16T01:26:13.520+0900 [DEBUG] [org.gradle.launcher.daemon.server.SynchronizedDispatchConnection] thread 373: dispatching org.gradle.launcher.daemon.protocol.BuildStarted@4a313e60
2025-02-16T01:26:13.521+0900 [DEBUG] [org.gradle.launcher.daemon.server.exec.EstablishBuildEnvironment] Configuring env variables: [PATH, GSETTINGS_SCHEMA_DIR_CONDA_BACKUP, __CFBundleIdentifier, SHELL, CONDA_DEFAULT_ENV, CONDA_EXE, OLDPWD, CONDA_PYTHON_EXE, USER, COMMAND_MODE, TMPDIR, CONDA_PREFIX, SSH_AUTH_SOCK, _CE_CONDA, XPC_FLAGS, _CE_M, __CF_USER_TEXT_ENCODING, CONDA_PROMPT_MODIFIER, GSETTINGS_SCHEMA_DIR, LOGNAME, LC_CTYPE, XPC_SERVICE_NAME, CONDA_SHLVL, HOME]
2025-02-16T01:26:13.521+0900 [DEBUG] [org.gradle.launcher.daemon.server.exec.LogToClient] About to start relaying all logs to the client via the connection.
2025-02-16T01:26:13.521+0900 [INFO] [org.gradle.launcher.daemon.server.exec.LogToClient] The client will now receive all logging from the daemon (pid: 38875). The daemon log file: /Users/kariv/UMC/Frontend/gradle/daemon/8.9/daemon-38875.out.log
2025-02-16T01:26:13.522+0900 [INFO] [org.gradle.launcher.daemon.server.exec.LogAndCheckHealth] Starting 5th build in daemon [uptime: 4 mins 28.886 secs, performance: 99%, GC rate: 0.00/s, heap usage: 2% of 2 GiB]
2025-02-16T01:26:13.522+0900 [DEBUG] [org.gradle.launcher.daemon.server.exec.ExecuteBuild] The daemon has started executing the build.
2025-02-16T01:26:13.523+0900 [DEBUG] [org.gradle.launcher.daemon.server.exec.ExecuteBuild] Executing build with daemon context: DefaultDaemonContext[uid=00c7bf90-ca55-42c3-8e54-eac397236dba,javaHome=/Applications/Android Studio.app/Contents/jbr/Contents/Home,javaVersion=21,daemonRegistryDir=/Users/kariv/UMC/Frontend/gradle/daemon,pid=38875,idleTimeout=10800000,priority=NORMAL,applyInstrumentationAgent=true,nativeServicesMode=ENABLED,daemonOpts=--add-opens=java.base/java.util=ALL-UNNAMED,--add-opens=java.base/java.lang=ALL-UNNAMED,--add-opens=java.base/java.lang.invoke=ALL-UNNAMED,--add-opens=java.prefs/java.util.prefs=ALL-UNNAMED,--add-exports=jdk.compiler/com.sun.tools.javac.api=ALL-UNNAMED,--add-exports=jdk.compiler/com.sun.tools.javac.util=ALL-UNNAMED,--add-opens=java.base/java.nio.charset=ALL-UNNAMED,--add-opens=java.base/java.net=ALL-UNNAMED,--add-opens=java.base/java.util.concurrent.atomic=ALL-UNNAMED,-Xmx2048m,-Dfile.encoding=UTF-8,-Duser.country=KR,-Duser.language=ko,-Duser.variant]

BUILD SUCCESSFUL in 2s
37 actionable tasks: 5 executed, 32 up-to-date
2025-02-16T01:26:15.560+0900 [DEBUG] [org.gradle.launcher.daemon.server.exec.ExecuteBuild] The daemon has finished executing the build.
2025-02-16T01:26:15.570+0900 [DEBUG] [org.gradle.launcher.daemon.server.DaemonStateCoordinator] Command execution: finished waiting for DaemonCommandExecution[command = Build{id=f30ac8f3-3438-49de-94fc-adaa275a583e, currentDir=/Users/kariv/UMC/Frontend}, connection = DefaultDaemonConnection: socket connection from /127.0.0.1:56494 to /127.0.0.1:56676]. Result org.gradle.launcher.daemon.server.DaemonStateCoordinator@43b7a733 with state Busy
2025-02-16T01:26:15.570+0900 [DEBUG] [org.gradle.launcher.daemon.server.DaemonStateCoordinator] Command execution: completed DaemonCommandExecution[command = Build{id=f30ac8f3-3438-49de-94fc-adaa275a583e, currentDir=/Users/kariv/UMC/Frontend}, connection = DefaultDaemonConnection: socket connection from /127.0.0.1:56494 to /127.0.0.1:56676]
2025-02-16T01:26:15.570+0900 [DEBUG] [org.gradle.launcher.daemon.server.DaemonStateCoordinator] resetting idle timer
2025-02-16T01:26:15.570+0900 [INFO] [org.gradle.launcher.daemon.server.DaemonRegistryUpdater] Marking the daemon as idle, address: [bc0742fd-d003-4008-bc7f-20ddefeef9c5 port:56494, addresses:[localhost/127.0.0.1]]
2025-02-16T01:26:15.570+0900 [DEBUG] [org.gradle.launcher.daemon.registry.PersistentDaemonRegistry] Marking busy by address: [bc0742fd-d003-4008-bc7f-20ddefeef9c5 port:56494, addresses:[localhost/127.0.0.1]]
2025-02-16T01:26:15.570+0900 [DEBUG] [org.gradle.cache.internal.DefaultFileLockManager] Waiting to acquire exclusive lock on daemon addresses registry.
2025-02-16T01:26:15.570+0900 [DEBUG] [org.gradle.cache.internal.DefaultFileLockManager] Lock acquired on daemon addresses registry.
2025-02-16T01:26:15.571+0900 [DEBUG] [org.gradle.cache.internal.DefaultFileLockManager] Releasing lock on daemon addresses registry.
2025-02-16T01:26:15.571+0900 [DEBUG] [org.gradle.launcher.daemon.server.exec.ReturnResult] Daemon is dispatching the build result: Success[value=org.gradle.launcher.exec.BuildActionResult@ab65016]
2025-02-16T01:26:15.571+0900 [DEBUG] [org.gradle.launcher.daemon.server.SynchronizedDispatchConnection] thread 370: dispatching Success[value=org.gradle.launcher.exec.BuildActionResult@ab65016]
2025-02-16T01:26:15.571+0900 [DEBUG] [org.gradle.launcher.daemon.server.DaemonStateCoordinator] daemon is running. Sleeping until state changes.
2025-02-16T01:26:15.571+0900 [DEBUG] [org.gradle.launcher.daemon.server.exec.CleanUpVirtualFileSystemAfterBuild] Cleaning virtual file system after build finished
2025-02-16T01:26:15.571+0900 [DEBUG] [org.gradle.launcher.daemon.server.DefaultIncomingConnectionHandler] Finishing executing command: Build{id=f30ac8f3-3438-49de-94fc-adaa275a583e, currentDir=/Users/kariv/UMC/Frontend}
2025-02-16T01:26:15.571+0900 [DEBUG] [org.gradle.launcher.daemon.server.SynchronizedDispatchConnection] thread 576: received class org.gradle.launcher.daemon.protocol.CloseInput
2025-02-16T01:26:15.571+0900 [DEBUG] [org.gradle.launcher.daemon.server.DefaultDaemonConnection] thread 576: Received IO message from client: org.gradle.launcher.daemon.protocol.CloseInput@288b7e18
2025-02-16T01:26:15.571+0900 [DEBUG] [org.gradle.launcher.daemon.server.SynchronizedDispatchConnection] thread 576: received class org.gradle.launcher.daemon.protocol.Finished
2025-02-16T01:26:15.571+0900 [DEBUG] [org.gradle.launcher.daemon.server.DefaultDaemonConnection] thread 576: Received non-IO message from client: org.gradle.launcher.daemon.protocol.Finished@264c9579
2025-02-16T01:26:15.571+0900 [DEBUG] [org.gradle.launcher.daemon.server.DefaultIncomingConnectionHandler] Received finished message: org.gradle.launcher.daemon.protocol.Finished@264c9579
2025-02-16T01:26:15.571+0900 [DEBUG] [org.gradle.launcher.daemon.server.SynchronizedDispatchConnection] thread 370: stopping connection
2025-02-16T01:26:15.571+0900 [DEBUG] [org.gradle.internal.remote.internal.inet.SocketConnection] Discarding EOFException: java.io.EOFException
2025-02-16T01:26:15.572+0900 [DEBUG] [org.gradle.launcher.daemon.server.SynchronizedDispatchConnection] thread 576: received null
2025-02-16T01:26:15.572+0900 [DEBUG] [org.gradle.launcher.daemon.server.DefaultDaemonConnection] thread 576: Received end-of-input from client.
2025-02-16T01:26:15.572+0900 [DEBUG] [org.gradle.launcher.daemon.server.SynchronizedDispatchConnection] thread 370: stopping connection
2025-02-16T01:26:24.777+0900 [DEBUG] [org.gradle.cache.internal.DefaultFileLockManager] Waiting to acquire shared lock on daemon addresses registry.
2025-02-16T01:26:24.777+0900 [DEBUG] [org.gradle.cache.internal.DefaultFileLockManager] Lock acquired on daemon addresses registry.
2025-02-16T01:26:24.778+0900 [DEBUG] [org.gradle.cache.internal.DefaultFileLockManager] Releasing lock on daemon addresses registry.
2025-02-16T01:26:24.778+0900 [DEBUG] [org.gradle.cache.internal.DefaultFileLockManager] Waiting to acquire shared lock on daemon addresses registry.
2025-02-16T01:26:24.779+0900 [DEBUG] [org.gradle.cache.internal.DefaultFileLockManager] Lock acquired on daemon addresses registry.
2025-02-16T01:26:24.779+0900 [DEBUG] [org.gradle.cache.internal.DefaultFileLockManager] Releasing lock on daemon addresses registry.
2025-02-16T01:26:29.078+0900 [DEBUG] [sun.rmi.transport.tcp] RMI Scheduler(0): close connection, socket: Socket[addr=localhost/127.0.0.1,port=17261,localport=56678]
2025-02-16T01:26:34.779+0900 [DEBUG] [org.gradle.cache.internal.DefaultFileLockManager] Waiting to acquire shared lock on daemon addresses registry.
2025-02-16T01:26:34.780+0900 [DEBUG] [org.gradle.cache.internal.DefaultFileLockManager] Lock acquired on daemon addresses registry.
2025-02-16T01:26:34.780+0900 [DEBUG] [org.gradle.cache.internal.DefaultFileLockManager] Releasing lock on daemon addresses registry.
2025-02-16T01:26:34.781+0900 [DEBUG] [org.gradle.cache.internal.DefaultFileLockManager] Waiting to acquire shared lock on daemon addresses registry.
2025-02-16T01:26:34.781+0900 [DEBUG] [org.gradle.cache.internal.DefaultFileLockManager] Lock acquired on daemon addresses registry.
2025-02-16T01:26:34.781+0900 [DEBUG] [org.gradle.cache.internal.DefaultFileLockManager] Releasing lock on daemon addresses registry.
2025-02-16T01:26:34.782+0900 [DEBUG] [org.gradle.cache.internal.DefaultFileLockManager] Waiting to acquire shared lock on daemon addresses registry.
2025-02-16T01:26:34.782+0900 [DEBUG] [org.gradle.cache.internal.DefaultFileLockManager] Lock acquired on daemon addresses registry.
2025-02-16T01:26:34.782+0900 [DEBUG] [org.gradle.cache.internal.DefaultFileLockManager] Releasing lock on daemon addresses registry.
2025-02-16T01:26:42.993+0900 [DEBUG] [sun.rmi.transport.tcp] RMI Scheduler(0): close connection, socket: Socket[addr=localhost/127.0.0.1,port=17261,localport=56677]
2025-02-16T01:26:43.008+0900 [DEBUG] [sun.rmi.transport.tcp] RMI TCP Connection(7)-127.0.0.1: (port 56517) connection closed
2025-02-16T01:26:43.009+0900 [DEBUG] [sun.rmi.transport.tcp] RMI TCP Connection(7)-127.0.0.1: close connection, socket: Socket[addr=/127.0.0.1,port=56681,localport=56517]
2025-02-16T01:26:43.009+0900 [DEBUG] [sun.rmi.transport.tcp] RMI TCP Connection(7)-127.0.0.1: socket close: Socket[addr=/127.0.0.1,port=56681,localport=56517]
2025-02-16T01:26:44.080+0900 [DEBUG] [sun.rmi.transport.tcp] RMI Scheduler(0): close connection, socket: Socket[addr=localhost/127.0.0.1,port=17261,localport=56679]
2025-02-16T01:26:44.122+0900 [DEBUG] [sun.rmi.transport.tcp] RMI TCP Connection(6)-127.0.0.1: (port 56517) connection closed
2025-02-16T01:26:44.122+0900 [DEBUG] [sun.rmi.transport.tcp] RMI TCP Connection(6)-127.0.0.1: close connection, socket: Socket[addr=/127.0.0.1,port=56680,localport=56517]
2025-02-16T01:26:44.123+0900 [DEBUG] [sun.rmi.transport.tcp] RMI TCP Connection(6)-127.0.0.1: socket close: Socket[addr=/127.0.0.1,port=56680,localport=56517]
2025-02-16T01:26:44.783+0900 [DEBUG] [org.gradle.cache.internal.DefaultFileLockManager] Waiting to acquire shared lock on daemon addresses registry.
2025-02-16T01:26:44.784+0900 [DEBUG] [org.gradle.cache.internal.DefaultFileLockManager] Lock acquired on daemon addresses registry.
2025-02-16T01:26:44.785+0900 [DEBUG] [org.gradle.cache.internal.DefaultFileLockManager] Releasing lock on daemon addresses registry.
2025-02-16T01:26:44.787+0900 [DEBUG] [org.gradle.cache.internal.DefaultFileLockManager] Waiting to acquire shared lock on daemon addresses registry.
2025-02-16T01:26:44.788+0900 [DEBUG] [org.gradle.cache.internal.DefaultFileLockManager] Lock acquired on daemon addresses registry.
2025-02-16T01:26:44.788+0900 [DEBUG] [org.gradle.cache.internal.DefaultFileLockManager] Releasing lock on daemon addresses registry.
2025-02-16T01:26:44.789+0900 [DEBUG] [org.gradle.cache.internal.DefaultFileLockManager] Waiting to acquire shared lock on daemon addresses registry.
2025-02-16T01:26:44.789+0900 [DEBUG] [org.gradle.cache.internal.DefaultFileLockManager] Lock acquired on daemon addresses registry.
2025-02-16T01:26:44.789+0900 [DEBUG] [org.gradle.cache.internal.DefaultFileLockManager] Releasing lock on daemon addresses registry.
2025-02-16T01:26:54.778+0900 [DEBUG] [org.gradle.cache.internal.DefaultFileLockManager] Waiting to acquire shared lock on daemon addresses registry.
2025-02-16T01:26:54.779+0900 [DEBUG] [org.gradle.cache.internal.DefaultFileLockManager] Lock acquired on daemon addresses registry.
2025-02-16T01:26:54.779+0900 [DEBUG] [org.gradle.cache.internal.DefaultFileLockManager] Releasing lock on daemon addresses registry.
2025-02-16T01:26:54.780+0900 [DEBUG] [org.gradle.cache.internal.DefaultFileLockManager] Waiting to acquire shared lock on daemon addresses registry.
2025-02-16T01:26:54.780+0900 [DEBUG] [org.gradle.cache.internal.DefaultFileLockManager] Lock acquired on daemon addresses registry.
2025-02-16T01:26:54.780+0900 [DEBUG] [org.gradle.cache.internal.DefaultFileLockManager] Releasing lock on daemon addresses registry.
2025-02-16T01:26:54.781+0900 [DEBUG] [org.gradle.cache.internal.DefaultFileLockManager] Waiting to acquire shared lock on daemon addresses registry.
2025-02-16T01:26:54.781+0900 [DEBUG] [org.gradle.cache.internal.DefaultFileLockManager] Lock acquired on daemon addresses registry.
2025-02-16T01:26:54.781+0900 [DEBUG] [org.gradle.cache.internal.DefaultFileLockManager] Releasing lock on daemon addresses registry.
2025-02-16T01:27:04.128+0900 [DEBUG] [org.gradle.internal.remote.internal.inet.TcpIncomingConnector] Accepted connection from /127.0.0.1:56712 to /127.0.0.1:56494.
2025-02-16T01:27:04.137+0900 [DEBUG] [org.gradle.launcher.daemon.server.SynchronizedDispatchConnection] thread 684: received class org.gradle.launcher.daemon.protocol.Build
2025-02-16T01:27:04.137+0900 [DEBUG] [org.gradle.launcher.daemon.server.DefaultDaemonConnection] thread 684: Received non-IO message from client: Build{id=ff6bfb99-270d-473a-8dd4-f73a6dddcb90, currentDir=/Users/kariv/UMC/Frontend}
2025-02-16T01:27:04.137+0900 [INFO] [org.gradle.launcher.daemon.server.DefaultIncomingConnectionHandler] Received command: Build{id=ff6bfb99-270d-473a-8dd4-f73a6dddcb90, currentDir=/Users/kariv/UMC/Frontend}.
2025-02-16T01:27:04.137+0900 [DEBUG] [org.gradle.launcher.daemon.server.DefaultIncomingConnectionHandler] Starting executing command: Build{id=ff6bfb99-270d-473a-8dd4-f73a6dddcb90, currentDir=/Users/kariv/UMC/Frontend} with connection: socket connection from /127.0.0.1:56494 to /127.0.0.1:56712.
2025-02-16T01:27:04.138+0900 [DEBUG] [org.gradle.launcher.daemon.server.DaemonStateCoordinator] Command execution: started DaemonCommandExecution[command = Build{id=ff6bfb99-270d-473a-8dd4-f73a6dddcb90, currentDir=/Users/kariv/UMC/Frontend}, connection = DefaultDaemonConnection: socket connection from /127.0.0.1:56494 to /127.0.0.1:56712] after 0.8094833333333333 minutes of idle
2025-02-16T01:27:04.138+0900 [INFO] [org.gradle.launcher.daemon.server.DaemonRegistryUpdater] Marking the daemon as busy, address: [bc0742fd-d003-4008-bc7f-20ddefeef9c5 port:56494, addresses:[localhost/127.0.0.1]]
2025-02-16T01:27:04.138+0900 [DEBUG] [org.gradle.launcher.daemon.registry.PersistentDaemonRegistry] Marking busy by address: [bc0742fd-d003-4008-bc7f-20ddefeef9c5 port:56494, addresses:[localhost/127.0.0.1]]
2025-02-16T01:27:04.139+0900 [DEBUG] [org.gradle.cache.internal.DefaultFileLockManager] Waiting to acquire exclusive lock on daemon addresses registry.
2025-02-16T01:27:04.139+0900 [DEBUG] [org.gradle.cache.internal.DefaultFileLockManager] Lock acquired on daemon addresses registry.
2025-02-16T01:27:04.140+0900 [DEBUG] [org.gradle.cache.internal.DefaultFileLockManager] Releasing lock on daemon addresses registry.
2025-02-16T01:27:04.141+0900 [DEBUG] [org.gradle.launcher.daemon.server.DaemonStateCoordinator] resetting idle timer
2025-02-16T01:27:04.141+0900 [DEBUG] [org.gradle.launcher.daemon.server.DaemonStateCoordinator] daemon is running. Sleeping until state changes.
2025-02-16T01:27:04.141+0900 [INFO] [org.gradle.launcher.daemon.server.exec.StartBuildOrRespondWithBusy] Daemon is about to start building Build{id=ff6bfb99-270d-473a-8dd4-f73a6dddcb90, currentDir=/Users/kariv/UMC/Frontend}. Dispatching build started information...
2025-02-16T01:27:04.141+0900 [DEBUG] [org.gradle.launcher.daemon.server.SynchronizedDispatchConnection] thread 373: dispatching org.gradle.launcher.daemon.protocol.BuildStarted@575bdcc4
2025-02-16T01:27:04.142+0900 [DEBUG] [org.gradle.launcher.daemon.server.exec.EstablishBuildEnvironment] Configuring env variables: [PATH, GSETTINGS_SCHEMA_DIR_CONDA_BACKUP, __CFBundleIdentifier, SHELL, CONDA_DEFAULT_ENV, CONDA_EXE, OLDPWD, CONDA_PYTHON_EXE, USER, COMMAND_MODE, TMPDIR, CONDA_PREFIX, SSH_AUTH_SOCK, _CE_CONDA, XPC_FLAGS, _CE_M, __CF_USER_TEXT_ENCODING, CONDA_PROMPT_MODIFIER, GSETTINGS_SCHEMA_DIR, LOGNAME, LC_CTYPE, XPC_SERVICE_NAME, CONDA_SHLVL, HOME]
2025-02-16T01:27:04.152+0900 [DEBUG] [org.gradle.internal.watch.vfs.impl.WatchingVirtualFileSystem] Handling VFS change MODIFIED /Users/kariv/UMC/Frontend/app/src/main/java/com/example/gonggaksim_frontend/TestFragment.kt
2025-02-16T01:27:04.152+0900 [DEBUG] [org.gradle.launcher.daemon.server.exec.LogToClient] About to start relaying all logs to the client via the connection.
2025-02-16T01:27:04.152+0900 [INFO] [org.gradle.launcher.daemon.server.exec.LogToClient] The client will now receive all logging from the daemon (pid: 38875). The daemon log file: /Users/kariv/UMC/Frontend/gradle/daemon/8.9/daemon-38875.out.log
2025-02-16T01:27:04.154+0900 [INFO] [org.gradle.launcher.daemon.server.exec.LogAndCheckHealth] Starting 6th build in daemon [uptime: 5 mins 19.518 secs, performance: 99%, GC rate: 0.00/s, heap usage: 2% of 2 GiB]
2025-02-16T01:27:04.154+0900 [DEBUG] [org.gradle.launcher.daemon.server.exec.ExecuteBuild] The daemon has started executing the build.
2025-02-16T01:27:04.154+0900 [DEBUG] [org.gradle.launcher.daemon.server.exec.ExecuteBuild] Executing build with daemon context: DefaultDaemonContext[uid=00c7bf90-ca55-42c3-8e54-eac397236dba,javaHome=/Applications/Android Studio.app/Contents/jbr/Contents/Home,javaVersion=21,daemonRegistryDir=/Users/kariv/UMC/Frontend/gradle/daemon,pid=38875,idleTimeout=10800000,priority=NORMAL,applyInstrumentationAgent=true,nativeServicesMode=ENABLED,daemonOpts=--add-opens=java.base/java.util=ALL-UNNAMED,--add-opens=java.base/java.lang=ALL-UNNAMED,--add-opens=java.base/java.lang.invoke=ALL-UNNAMED,--add-opens=java.prefs/java.util.prefs=ALL-UNNAMED,--add-exports=jdk.compiler/com.sun.tools.javac.api=ALL-UNNAMED,--add-exports=jdk.compiler/com.sun.tools.javac.util=ALL-UNNAMED,--add-opens=java.base/java.nio.charset=ALL-UNNAMED,--add-opens=java.base/java.net=ALL-UNNAMED,--add-opens=java.base/java.util.concurrent.atomic=ALL-UNNAMED,-Xmx2048m,-Dfile.encoding=UTF-8,-Duser.country=KR,-Duser.language=ko,-Duser.variant]

BUILD SUCCESSFUL in 1s
37 actionable tasks: 5 executed, 32 up-to-date
2025-02-16T01:27:05.572+0900 [DEBUG] [org.gradle.launcher.daemon.server.exec.ExecuteBuild] The daemon has finished executing the build.
2025-02-16T01:27:05.576+0900 [DEBUG] [org.gradle.launcher.daemon.server.DaemonStateCoordinator] Command execution: finished waiting for DaemonCommandExecution[command = Build{id=ff6bfb99-270d-473a-8dd4-f73a6dddcb90, currentDir=/Users/kariv/UMC/Frontend}, connection = DefaultDaemonConnection: socket connection from /127.0.0.1:56494 to /127.0.0.1:56712]. Result org.gradle.launcher.daemon.server.DaemonStateCoordinator@43b7a733 with state Busy
2025-02-16T01:27:05.576+0900 [DEBUG] [org.gradle.launcher.daemon.server.DaemonStateCoordinator] Command execution: completed DaemonCommandExecution[command = Build{id=ff6bfb99-270d-473a-8dd4-f73a6dddcb90, currentDir=/Users/kariv/UMC/Frontend}, connection = DefaultDaemonConnection: socket connection from /127.0.0.1:56494 to /127.0.0.1:56712]
2025-02-16T01:27:05.576+0900 [DEBUG] [org.gradle.launcher.daemon.server.DaemonStateCoordinator] resetting idle timer
2025-02-16T01:27:05.576+0900 [INFO] [org.gradle.launcher.daemon.server.DaemonRegistryUpdater] Marking the daemon as idle, address: [bc0742fd-d003-4008-bc7f-20ddefeef9c5 port:56494, addresses:[localhost/127.0.0.1]]
2025-02-16T01:27:05.576+0900 [DEBUG] [org.gradle.launcher.daemon.registry.PersistentDaemonRegistry] Marking busy by address: [bc0742fd-d003-4008-bc7f-20ddefeef9c5 port:56494, addresses:[localhost/127.0.0.1]]
2025-02-16T01:27:05.576+0900 [DEBUG] [org.gradle.cache.internal.DefaultFileLockManager] Waiting to acquire exclusive lock on daemon addresses registry.
2025-02-16T01:27:05.576+0900 [DEBUG] [org.gradle.cache.internal.DefaultFileLockManager] Lock acquired on daemon addresses registry.
2025-02-16T01:27:05.576+0900 [DEBUG] [org.gradle.cache.internal.DefaultFileLockManager] Releasing lock on daemon addresses registry.
2025-02-16T01:27:05.576+0900 [DEBUG] [org.gradle.launcher.daemon.server.exec.ReturnResult] Daemon is dispatching the build result: Success[value=org.gradle.launcher.exec.BuildActionResult@2f797c6a]
2025-02-16T01:27:05.577+0900 [DEBUG] [org.gradle.launcher.daemon.server.SynchronizedDispatchConnection] thread 370: dispatching Success[value=org.gradle.launcher.exec.BuildActionResult@2f797c6a]
2025-02-16T01:27:05.576+0900 [DEBUG] [org.gradle.launcher.daemon.server.DaemonStateCoordinator] daemon is running. Sleeping until state changes.
2025-02-16T01:27:05.577+0900 [DEBUG] [org.gradle.launcher.daemon.server.exec.CleanUpVirtualFileSystemAfterBuild] Cleaning virtual file system after build finished
2025-02-16T01:27:05.577+0900 [DEBUG] [org.gradle.launcher.daemon.server.DefaultIncomingConnectionHandler] Finishing executing command: Build{id=ff6bfb99-270d-473a-8dd4-f73a6dddcb90, currentDir=/Users/kariv/UMC/Frontend}
2025-02-16T01:27:05.577+0900 [DEBUG] [org.gradle.launcher.daemon.server.SynchronizedDispatchConnection] thread 684: received class org.gradle.launcher.daemon.protocol.CloseInput
2025-02-16T01:27:05.577+0900 [DEBUG] [org.gradle.launcher.daemon.server.DefaultDaemonConnection] thread 684: Received IO message from client: org.gradle.launcher.daemon.protocol.CloseInput@5464a2c7
2025-02-16T01:27:05.577+0900 [DEBUG] [org.gradle.launcher.daemon.server.SynchronizedDispatchConnection] thread 684: received class org.gradle.launcher.daemon.protocol.Finished
2025-02-16T01:27:05.577+0900 [DEBUG] [org.gradle.launcher.daemon.server.DefaultDaemonConnection] thread 684: Received non-IO message from client: org.gradle.launcher.daemon.protocol.Finished@5aa3463b
2025-02-16T01:27:05.577+0900 [DEBUG] [org.gradle.launcher.daemon.server.DefaultIncomingConnectionHandler] Received finished message: org.gradle.launcher.daemon.protocol.Finished@5aa3463b
2025-02-16T01:27:05.577+0900 [DEBUG] [org.gradle.launcher.daemon.server.SynchronizedDispatchConnection] thread 370: stopping connection
2025-02-16T01:27:05.577+0900 [DEBUG] [org.gradle.internal.remote.internal.inet.SocketConnection] Discarding EOFException: java.io.EOFException
2025-02-16T01:27:05.577+0900 [DEBUG] [org.gradle.launcher.daemon.server.SynchronizedDispatchConnection] thread 684: received null
2025-02-16T01:27:05.577+0900 [DEBUG] [org.gradle.launcher.daemon.server.DefaultDaemonConnection] thread 684: Received end-of-input from client.
2025-02-16T01:27:05.577+0900 [DEBUG] [org.gradle.launcher.daemon.server.SynchronizedDispatchConnection] thread 370: stopping connection
2025-02-16T01:27:05.592+0900 [DEBUG] [org.gradle.internal.remote.internal.inet.TcpIncomingConnector] Accepted connection from /127.0.0.1:56718 to /127.0.0.1:56494.
2025-02-16T01:27:05.593+0900 [DEBUG] [org.gradle.launcher.daemon.server.SynchronizedDispatchConnection] thread 790: received class org.gradle.launcher.daemon.protocol.Build
2025-02-16T01:27:05.593+0900 [DEBUG] [org.gradle.launcher.daemon.server.DefaultDaemonConnection] thread 790: Received non-IO message from client: Build{id=83eaec18-a05b-4517-8ecc-99507801c607, currentDir=/Users/kariv/UMC/Frontend}
2025-02-16T01:27:05.593+0900 [INFO] [org.gradle.launcher.daemon.server.DefaultIncomingConnectionHandler] Received command: Build{id=83eaec18-a05b-4517-8ecc-99507801c607, currentDir=/Users/kariv/UMC/Frontend}.
2025-02-16T01:27:05.593+0900 [DEBUG] [org.gradle.launcher.daemon.server.DefaultIncomingConnectionHandler] Starting executing command: Build{id=83eaec18-a05b-4517-8ecc-99507801c607, currentDir=/Users/kariv/UMC/Frontend} with connection: socket connection from /127.0.0.1:56494 to /127.0.0.1:56718.
2025-02-16T01:27:05.593+0900 [DEBUG] [org.gradle.launcher.daemon.server.DaemonStateCoordinator] Command execution: started DaemonCommandExecution[command = Build{id=83eaec18-a05b-4517-8ecc-99507801c607, currentDir=/Users/kariv/UMC/Frontend}, connection = DefaultDaemonConnection: socket connection from /127.0.0.1:56494 to /127.0.0.1:56718] after 2.8333333333333335E-4 minutes of idle
2025-02-16T01:27:05.593+0900 [INFO] [org.gradle.launcher.daemon.server.DaemonRegistryUpdater] Marking the daemon as busy, address: [bc0742fd-d003-4008-bc7f-20ddefeef9c5 port:56494, addresses:[localhost/127.0.0.1]]
2025-02-16T01:27:05.593+0900 [DEBUG] [org.gradle.launcher.daemon.registry.PersistentDaemonRegistry] Marking busy by address: [bc0742fd-d003-4008-bc7f-20ddefeef9c5 port:56494, addresses:[localhost/127.0.0.1]]
2025-02-16T01:27:05.594+0900 [DEBUG] [org.gradle.cache.internal.DefaultFileLockManager] Waiting to acquire exclusive lock on daemon addresses registry.
2025-02-16T01:27:05.594+0900 [DEBUG] [org.gradle.cache.internal.DefaultFileLockManager] Lock acquired on daemon addresses registry.
2025-02-16T01:27:05.594+0900 [DEBUG] [org.gradle.cache.internal.DefaultFileLockManager] Releasing lock on daemon addresses registry.
2025-02-16T01:27:05.594+0900 [DEBUG] [org.gradle.launcher.daemon.server.DaemonStateCoordinator] resetting idle timer
2025-02-16T01:27:05.594+0900 [DEBUG] [org.gradle.launcher.daemon.server.DaemonStateCoordinator] daemon is running. Sleeping until state changes.
2025-02-16T01:27:05.594+0900 [INFO] [org.gradle.launcher.daemon.server.exec.StartBuildOrRespondWithBusy] Daemon is about to start building Build{id=83eaec18-a05b-4517-8ecc-99507801c607, currentDir=/Users/kariv/UMC/Frontend}. Dispatching build started information...
2025-02-16T01:27:05.594+0900 [DEBUG] [org.gradle.launcher.daemon.server.SynchronizedDispatchConnection] thread 373: dispatching org.gradle.launcher.daemon.protocol.BuildStarted@d317097
2025-02-16T01:27:05.595+0900 [DEBUG] [org.gradle.launcher.daemon.server.exec.EstablishBuildEnvironment] Configuring env variables: [PATH, GSETTINGS_SCHEMA_DIR_CONDA_BACKUP, __CFBundleIdentifier, SHELL, CONDA_DEFAULT_ENV, CONDA_EXE, OLDPWD, CONDA_PYTHON_EXE, USER, COMMAND_MODE, TMPDIR, CONDA_PREFIX, SSH_AUTH_SOCK, _CE_CONDA, XPC_FLAGS, _CE_M, __CF_USER_TEXT_ENCODING, CONDA_PROMPT_MODIFIER, GSETTINGS_SCHEMA_DIR, LOGNAME, LC_CTYPE, XPC_SERVICE_NAME, CONDA_SHLVL, HOME]
2025-02-16T01:27:05.595+0900 [DEBUG] [org.gradle.launcher.daemon.server.exec.LogToClient] About to start relaying all logs to the client via the connection.
2025-02-16T01:27:05.595+0900 [INFO] [org.gradle.launcher.daemon.server.exec.LogToClient] The client will now receive all logging from the daemon (pid: 38875). The daemon log file: /Users/kariv/UMC/Frontend/gradle/daemon/8.9/daemon-38875.out.log
2025-02-16T01:27:05.595+0900 [INFO] [org.gradle.launcher.daemon.server.exec.LogAndCheckHealth] Starting 7th build in daemon [uptime: 5 mins 20.961 secs, performance: 99%, GC rate: 0.00/s, heap usage: 2% of 2 GiB]
2025-02-16T01:27:05.595+0900 [DEBUG] [org.gradle.launcher.daemon.server.exec.ExecuteBuild] The daemon has started executing the build.
2025-02-16T01:27:05.595+0900 [DEBUG] [org.gradle.launcher.daemon.server.exec.ExecuteBuild] Executing build with daemon context: DefaultDaemonContext[uid=00c7bf90-ca55-42c3-8e54-eac397236dba,javaHome=/Applications/Android Studio.app/Contents/jbr/Contents/Home,javaVersion=21,daemonRegistryDir=/Users/kariv/UMC/Frontend/gradle/daemon,pid=38875,idleTimeout=10800000,priority=NORMAL,applyInstrumentationAgent=true,nativeServicesMode=ENABLED,daemonOpts=--add-opens=java.base/java.util=ALL-UNNAMED,--add-opens=java.base/java.lang=ALL-UNNAMED,--add-opens=java.base/java.lang.invoke=ALL-UNNAMED,--add-opens=java.prefs/java.util.prefs=ALL-UNNAMED,--add-exports=jdk.compiler/com.sun.tools.javac.api=ALL-UNNAMED,--add-exports=jdk.compiler/com.sun.tools.javac.util=ALL-UNNAMED,--add-opens=java.base/java.nio.charset=ALL-UNNAMED,--add-opens=java.base/java.net=ALL-UNNAMED,--add-opens=java.base/java.util.concurrent.atomic=ALL-UNNAMED,-Xmx2048m,-Dfile.encoding=UTF-8,-Duser.country=KR,-Duser.language=ko,-Duser.variant]

BUILD SUCCESSFUL in 597ms
37 actionable tasks: 1 executed, 36 up-to-date
2025-02-16T01:27:06.213+0900 [DEBUG] [org.gradle.launcher.daemon.server.exec.ExecuteBuild] The daemon has finished executing the build.
2025-02-16T01:27:06.215+0900 [DEBUG] [org.gradle.launcher.daemon.server.DaemonStateCoordinator] Command execution: finished waiting for DaemonCommandExecution[command = Build{id=83eaec18-a05b-4517-8ecc-99507801c607, currentDir=/Users/kariv/UMC/Frontend}, connection = DefaultDaemonConnection: socket connection from /127.0.0.1:56494 to /127.0.0.1:56718]. Result org.gradle.launcher.daemon.server.DaemonStateCoordinator@43b7a733 with state Busy
2025-02-16T01:27:06.215+0900 [DEBUG] [org.gradle.launcher.daemon.server.DaemonStateCoordinator] Command execution: completed DaemonCommandExecution[command = Build{id=83eaec18-a05b-4517-8ecc-99507801c607, currentDir=/Users/kariv/UMC/Frontend}, connection = DefaultDaemonConnection: socket connection from /127.0.0.1:56494 to /127.0.0.1:56718]
2025-02-16T01:27:06.215+0900 [DEBUG] [org.gradle.launcher.daemon.server.DaemonStateCoordinator] resetting idle timer
2025-02-16T01:27:06.215+0900 [INFO] [org.gradle.launcher.daemon.server.DaemonRegistryUpdater] Marking the daemon as idle, address: [bc0742fd-d003-4008-bc7f-20ddefeef9c5 port:56494, addresses:[localhost/127.0.0.1]]
2025-02-16T01:27:06.215+0900 [DEBUG] [org.gradle.launcher.daemon.registry.PersistentDaemonRegistry] Marking busy by address: [bc0742fd-d003-4008-bc7f-20ddefeef9c5 port:56494, addresses:[localhost/127.0.0.1]]
2025-02-16T01:27:06.215+0900 [DEBUG] [org.gradle.cache.internal.DefaultFileLockManager] Waiting to acquire exclusive lock on daemon addresses registry.
2025-02-16T01:27:06.216+0900 [DEBUG] [org.gradle.cache.internal.DefaultFileLockManager] Lock acquired on daemon addresses registry.
2025-02-16T01:27:06.216+0900 [DEBUG] [org.gradle.cache.internal.DefaultFileLockManager] Releasing lock on daemon addresses registry.
2025-02-16T01:27:06.217+0900 [DEBUG] [org.gradle.launcher.daemon.server.exec.ReturnResult] Daemon is dispatching the build result: Success[value=org.gradle.launcher.exec.BuildActionResult@4f69e3b]
2025-02-16T01:27:06.217+0900 [DEBUG] [org.gradle.launcher.daemon.server.DaemonStateCoordinator] daemon is running. Sleeping until state changes.
2025-02-16T01:27:06.217+0900 [DEBUG] [org.gradle.launcher.daemon.server.SynchronizedDispatchConnection] thread 370: dispatching Success[value=org.gradle.launcher.exec.BuildActionResult@4f69e3b]
2025-02-16T01:27:06.217+0900 [DEBUG] [org.gradle.launcher.daemon.server.exec.CleanUpVirtualFileSystemAfterBuild] Cleaning virtual file system after build finished
2025-02-16T01:27:06.217+0900 [DEBUG] [org.gradle.launcher.daemon.server.DefaultIncomingConnectionHandler] Finishing executing command: Build{id=83eaec18-a05b-4517-8ecc-99507801c607, currentDir=/Users/kariv/UMC/Frontend}
2025-02-16T01:27:06.217+0900 [DEBUG] [org.gradle.launcher.daemon.server.SynchronizedDispatchConnection] thread 790: received class org.gradle.launcher.daemon.protocol.CloseInput
2025-02-16T01:27:06.218+0900 [DEBUG] [org.gradle.launcher.daemon.server.DefaultDaemonConnection] thread 790: Received IO message from client: org.gradle.launcher.daemon.protocol.CloseInput@6757cd51
2025-02-16T01:27:06.218+0900 [DEBUG] [org.gradle.launcher.daemon.server.SynchronizedDispatchConnection] thread 790: received class org.gradle.launcher.daemon.protocol.Finished
2025-02-16T01:27:06.218+0900 [DEBUG] [org.gradle.launcher.daemon.server.DefaultDaemonConnection] thread 790: Received non-IO message from client: org.gradle.launcher.daemon.protocol.Finished@69903fcb
2025-02-16T01:27:06.218+0900 [DEBUG] [org.gradle.launcher.daemon.server.DefaultIncomingConnectionHandler] Received finished message: org.gradle.launcher.daemon.protocol.Finished@69903fcb
2025-02-16T01:27:06.218+0900 [DEBUG] [org.gradle.internal.remote.internal.inet.SocketConnection] Discarding EOFException: java.io.EOFException
2025-02-16T01:27:06.218+0900 [DEBUG] [org.gradle.launcher.daemon.server.SynchronizedDispatchConnection] thread 370: stopping connection
2025-02-16T01:27:06.218+0900 [DEBUG] [org.gradle.launcher.daemon.server.SynchronizedDispatchConnection] thread 790: received null
2025-02-16T01:27:06.218+0900 [DEBUG] [org.gradle.launcher.daemon.server.DefaultDaemonConnection] thread 790: Received end-of-input from client.
2025-02-16T01:27:06.218+0900 [DEBUG] [org.gradle.launcher.daemon.server.SynchronizedDispatchConnection] thread 370: stopping connection
2025-02-16T01:27:14.775+0900 [DEBUG] [org.gradle.cache.internal.DefaultFileLockManager] Waiting to acquire shared lock on daemon addresses registry.
2025-02-16T01:27:14.776+0900 [DEBUG] [org.gradle.cache.internal.DefaultFileLockManager] Lock acquired on daemon addresses registry.
2025-02-16T01:27:14.777+0900 [DEBUG] [org.gradle.cache.internal.DefaultFileLockManager] Releasing lock on daemon addresses registry.
2025-02-16T01:27:14.777+0900 [DEBUG] [org.gradle.cache.internal.DefaultFileLockManager] Waiting to acquire shared lock on daemon addresses registry.
2025-02-16T01:27:14.777+0900 [DEBUG] [org.gradle.cache.internal.DefaultFileLockManager] Lock acquired on daemon addresses registry.
2025-02-16T01:27:14.777+0900 [DEBUG] [org.gradle.cache.internal.DefaultFileLockManager] Releasing lock on daemon addresses registry.
2025-02-16T01:27:19.350+0900 [DEBUG] [sun.rmi.transport.tcp] RMI Scheduler(0): close connection, socket: Socket[addr=localhost/127.0.0.1,port=17261,localport=56713]
2025-02-16T01:27:20.096+0900 [DEBUG] [sun.rmi.transport.tcp] RMI TCP Connection(9)-127.0.0.1: (port 56517) connection closed
2025-02-16T01:27:20.096+0900 [DEBUG] [sun.rmi.transport.tcp] RMI TCP Connection(9)-127.0.0.1: close connection, socket: Socket[addr=/127.0.0.1,port=56717,localport=56517]
2025-02-16T01:27:20.096+0900 [DEBUG] [sun.rmi.transport.tcp] RMI TCP Connection(9)-127.0.0.1: socket close: Socket[addr=/127.0.0.1,port=56717,localport=56517]
2025-02-16T01:27:24.779+0900 [DEBUG] [org.gradle.cache.internal.DefaultFileLockManager] Waiting to acquire shared lock on daemon addresses registry.
2025-02-16T01:27:24.781+0900 [DEBUG] [org.gradle.cache.internal.DefaultFileLockManager] Lock acquired on daemon addresses registry.
2025-02-16T01:27:24.782+0900 [DEBUG] [org.gradle.cache.internal.DefaultFileLockManager] Releasing lock on daemon addresses registry.
2025-02-16T01:27:24.782+0900 [DEBUG] [org.gradle.cache.internal.DefaultFileLockManager] Waiting to acquire shared lock on daemon addresses registry.
2025-02-16T01:27:24.783+0900 [DEBUG] [org.gradle.cache.internal.DefaultFileLockManager] Lock acquired on daemon addresses registry.
2025-02-16T01:27:24.783+0900 [DEBUG] [org.gradle.cache.internal.DefaultFileLockManager] Releasing lock on daemon addresses registry.
2025-02-16T01:27:24.783+0900 [DEBUG] [org.gradle.cache.internal.DefaultFileLockManager] Waiting to acquire shared lock on daemon addresses registry.
2025-02-16T01:27:24.783+0900 [DEBUG] [org.gradle.cache.internal.DefaultFileLockManager] Lock acquired on daemon addresses registry.
2025-02-16T01:27:24.783+0900 [DEBUG] [org.gradle.cache.internal.DefaultFileLockManager] Releasing lock on daemon addresses registry.
2025-02-16T01:27:34.652+0900 [DEBUG] [sun.rmi.transport.tcp] RMI Scheduler(0): close connection, socket: Socket[addr=localhost/127.0.0.1,port=17261,localport=56714]
2025-02-16T01:27:34.653+0900 [DEBUG] [sun.rmi.transport.tcp] RMI Scheduler(0): close connection, socket: Socket[addr=localhost/127.0.0.1,port=17261,localport=56722]
2025-02-16T01:27:34.676+0900 [DEBUG] [sun.rmi.transport.tcp] RMI TCP Connection(8)-127.0.0.1: (port 56517) connection closed
2025-02-16T01:27:34.676+0900 [DEBUG] [sun.rmi.transport.tcp] RMI TCP Connection(8)-127.0.0.1: close connection, socket: Socket[addr=/127.0.0.1,port=56716,localport=56517]
2025-02-16T01:27:34.676+0900 [DEBUG] [sun.rmi.transport.tcp] RMI TCP Connection(8)-127.0.0.1: socket close: Socket[addr=/127.0.0.1,port=56716,localport=56517]
2025-02-16T01:27:34.776+0900 [DEBUG] [org.gradle.cache.internal.DefaultFileLockManager] Waiting to acquire shared lock on daemon addresses registry.
2025-02-16T01:27:34.776+0900 [DEBUG] [org.gradle.cache.internal.DefaultFileLockManager] Lock acquired on daemon addresses registry.
2025-02-16T01:27:34.776+0900 [DEBUG] [org.gradle.cache.internal.DefaultFileLockManager] Releasing lock on daemon addresses registry.
2025-02-16T01:27:34.777+0900 [DEBUG] [org.gradle.cache.internal.DefaultFileLockManager] Waiting to acquire shared lock on daemon addresses registry.
2025-02-16T01:27:34.777+0900 [DEBUG] [org.gradle.cache.internal.DefaultFileLockManager] Lock acquired on daemon addresses registry.
2025-02-16T01:27:34.777+0900 [DEBUG] [org.gradle.cache.internal.DefaultFileLockManager] Releasing lock on daemon addresses registry.
2025-02-16T01:27:34.777+0900 [DEBUG] [org.gradle.cache.internal.DefaultFileLockManager] Waiting to acquire shared lock on daemon addresses registry.
2025-02-16T01:27:34.777+0900 [DEBUG] [org.gradle.cache.internal.DefaultFileLockManager] Lock acquired on daemon addresses registry.
2025-02-16T01:27:34.777+0900 [DEBUG] [org.gradle.cache.internal.DefaultFileLockManager] Releasing lock on daemon addresses registry.
2025-02-16T01:27:44.775+0900 [DEBUG] [org.gradle.cache.internal.DefaultFileLockManager] Waiting to acquire shared lock on daemon addresses registry.
2025-02-16T01:27:44.775+0900 [DEBUG] [org.gradle.cache.internal.DefaultFileLockManager] Lock acquired on daemon addresses registry.
2025-02-16T01:27:44.775+0900 [DEBUG] [org.gradle.cache.internal.DefaultFileLockManager] Releasing lock on daemon addresses registry.
2025-02-16T01:27:44.775+0900 [DEBUG] [org.gradle.cache.internal.DefaultFileLockManager] Waiting to acquire shared lock on daemon addresses registry.
2025-02-16T01:27:44.775+0900 [DEBUG] [org.gradle.cache.internal.DefaultFileLockManager] Lock acquired on daemon addresses registry.
2025-02-16T01:27:44.775+0900 [DEBUG] [org.gradle.cache.internal.DefaultFileLockManager] Releasing lock on daemon addresses registry.
2025-02-16T01:27:44.775+0900 [DEBUG] [org.gradle.cache.internal.DefaultFileLockManager] Waiting to acquire shared lock on daemon addresses registry.
2025-02-16T01:27:44.775+0900 [DEBUG] [org.gradle.cache.internal.DefaultFileLockManager] Lock acquired on daemon addresses registry.
2025-02-16T01:27:44.775+0900 [DEBUG] [org.gradle.cache.internal.DefaultFileLockManager] Releasing lock on daemon addresses registry.
2025-02-16T01:27:54.776+0900 [DEBUG] [org.gradle.cache.internal.DefaultFileLockManager] Waiting to acquire shared lock on daemon addresses registry.
2025-02-16T01:27:54.779+0900 [DEBUG] [org.gradle.cache.internal.DefaultFileLockManager] Lock acquired on daemon addresses registry.
2025-02-16T01:27:54.780+0900 [DEBUG] [org.gradle.cache.internal.DefaultFileLockManager] Releasing lock on daemon addresses registry.
2025-02-16T01:27:54.782+0900 [DEBUG] [org.gradle.cache.internal.DefaultFileLockManager] Waiting to acquire shared lock on daemon addresses registry.
2025-02-16T01:27:54.782+0900 [DEBUG] [org.gradle.cache.internal.DefaultFileLockManager] Lock acquired on daemon addresses registry.
2025-02-16T01:27:54.782+0900 [DEBUG] [org.gradle.cache.internal.DefaultFileLockManager] Releasing lock on daemon addresses registry.
2025-02-16T01:27:54.783+0900 [DEBUG] [org.gradle.cache.internal.DefaultFileLockManager] Waiting to acquire shared lock on daemon addresses registry.
2025-02-16T01:27:54.783+0900 [DEBUG] [org.gradle.cache.internal.DefaultFileLockManager] Lock acquired on daemon addresses registry.
2025-02-16T01:27:54.783+0900 [DEBUG] [org.gradle.cache.internal.DefaultFileLockManager] Releasing lock on daemon addresses registry.
2025-02-16T01:28:04.775+0900 [DEBUG] [org.gradle.cache.internal.DefaultFileLockManager] Waiting to acquire shared lock on daemon addresses registry.
2025-02-16T01:28:04.776+0900 [DEBUG] [org.gradle.cache.internal.DefaultFileLockManager] Lock acquired on daemon addresses registry.
2025-02-16T01:28:04.776+0900 [DEBUG] [org.gradle.cache.internal.DefaultFileLockManager] Releasing lock on daemon addresses registry.
2025-02-16T01:28:04.776+0900 [DEBUG] [org.gradle.cache.internal.DefaultFileLockManager] Waiting to acquire shared lock on daemon addresses registry.
2025-02-16T01:28:04.777+0900 [DEBUG] [org.gradle.cache.internal.DefaultFileLockManager] Lock acquired on daemon addresses registry.
2025-02-16T01:28:04.777+0900 [DEBUG] [org.gradle.cache.internal.DefaultFileLockManager] Releasing lock on daemon addresses registry.
2025-02-16T01:28:04.777+0900 [DEBUG] [org.gradle.cache.internal.DefaultFileLockManager] Waiting to acquire shared lock on daemon addresses registry.
2025-02-16T01:28:04.777+0900 [DEBUG] [org.gradle.cache.internal.DefaultFileLockManager] Lock acquired on daemon addresses registry.
2025-02-16T01:28:04.777+0900 [DEBUG] [org.gradle.cache.internal.DefaultFileLockManager] Releasing lock on daemon addresses registry.
2025-02-16T01:28:14.773+0900 [DEBUG] [org.gradle.cache.internal.DefaultFileLockManager] Waiting to acquire shared lock on daemon addresses registry.
2025-02-16T01:28:14.773+0900 [DEBUG] [org.gradle.cache.internal.DefaultFileLockManager] Lock acquired on daemon addresses registry.
2025-02-16T01:28:14.773+0900 [DEBUG] [org.gradle.cache.internal.DefaultFileLockManager] Releasing lock on daemon addresses registry.
2025-02-16T01:28:14.773+0900 [DEBUG] [org.gradle.cache.internal.DefaultFileLockManager] Waiting to acquire shared lock on daemon addresses registry.
2025-02-16T01:28:14.773+0900 [DEBUG] [org.gradle.cache.internal.DefaultFileLockManager] Lock acquired on daemon addresses registry.
2025-02-16T01:28:14.773+0900 [DEBUG] [org.gradle.cache.internal.DefaultFileLockManager] Releasing lock on daemon addresses registry.
2025-02-16T01:28:14.773+0900 [DEBUG] [org.gradle.cache.internal.DefaultFileLockManager] Waiting to acquire shared lock on daemon addresses registry.
2025-02-16T01:28:14.773+0900 [DEBUG] [org.gradle.cache.internal.DefaultFileLockManager] Lock acquired on daemon addresses registry.
2025-02-16T01:28:14.773+0900 [DEBUG] [org.gradle.cache.internal.DefaultFileLockManager] Releasing lock on daemon addresses registry.
2025-02-16T01:28:24.777+0900 [DEBUG] [org.gradle.cache.internal.DefaultFileLockManager] Waiting to acquire shared lock on daemon addresses registry.
2025-02-16T01:28:24.777+0900 [DEBUG] [org.gradle.cache.internal.DefaultFileLockManager] Lock acquired on daemon addresses registry.
2025-02-16T01:28:24.777+0900 [DEBUG] [org.gradle.cache.internal.DefaultFileLockManager] Releasing lock on daemon addresses registry.
2025-02-16T01:28:24.777+0900 [DEBUG] [org.gradle.cache.internal.DefaultFileLockManager] Waiting to acquire shared lock on daemon addresses registry.
2025-02-16T01:28:24.777+0900 [DEBUG] [org.gradle.cache.internal.DefaultFileLockManager] Lock acquired on daemon addresses registry.
2025-02-16T01:28:24.777+0900 [DEBUG] [org.gradle.cache.internal.DefaultFileLockManager] Releasing lock on daemon addresses registry.
2025-02-16T01:28:24.777+0900 [DEBUG] [org.gradle.cache.internal.DefaultFileLockManager] Waiting to acquire shared lock on daemon addresses registry.
2025-02-16T01:28:24.777+0900 [DEBUG] [org.gradle.cache.internal.DefaultFileLockManager] Lock acquired on daemon addresses registry.
2025-02-16T01:28:24.777+0900 [DEBUG] [org.gradle.cache.internal.DefaultFileLockManager] Releasing lock on daemon addresses registry.
2025-02-16T01:28:34.774+0900 [DEBUG] [org.gradle.cache.internal.DefaultFileLockManager] Waiting to acquire shared lock on daemon addresses registry.
2025-02-16T01:28:34.774+0900 [DEBUG] [org.gradle.cache.internal.DefaultFileLockManager] Lock acquired on daemon addresses registry.
2025-02-16T01:28:34.774+0900 [DEBUG] [org.gradle.cache.internal.DefaultFileLockManager] Releasing lock on daemon addresses registry.
2025-02-16T01:28:34.775+0900 [DEBUG] [org.gradle.cache.internal.DefaultFileLockManager] Waiting to acquire shared lock on daemon addresses registry.
2025-02-16T01:28:34.775+0900 [DEBUG] [org.gradle.cache.internal.DefaultFileLockManager] Lock acquired on daemon addresses registry.
2025-02-16T01:28:34.775+0900 [DEBUG] [org.gradle.cache.internal.DefaultFileLockManager] Releasing lock on daemon addresses registry.
2025-02-16T01:28:34.775+0900 [DEBUG] [org.gradle.cache.internal.DefaultFileLockManager] Waiting to acquire shared lock on daemon addresses registry.
2025-02-16T01:28:34.775+0900 [DEBUG] [org.gradle.cache.internal.DefaultFileLockManager] Lock acquired on daemon addresses registry.
2025-02-16T01:28:34.775+0900 [DEBUG] [org.gradle.cache.internal.DefaultFileLockManager] Releasing lock on daemon addresses registry.
2025-02-16T01:28:44.773+0900 [DEBUG] [org.gradle.cache.internal.DefaultFileLockManager] Waiting to acquire shared lock on daemon addresses registry.
2025-02-16T01:28:44.773+0900 [DEBUG] [org.gradle.cache.internal.DefaultFileLockManager] Lock acquired on daemon addresses registry.
2025-02-16T01:28:44.773+0900 [DEBUG] [org.gradle.cache.internal.DefaultFileLockManager] Releasing lock on daemon addresses registry.
2025-02-16T01:28:44.773+0900 [DEBUG] [org.gradle.cache.internal.DefaultFileLockManager] Waiting to acquire shared lock on daemon addresses registry.
2025-02-16T01:28:44.773+0900 [DEBUG] [org.gradle.cache.internal.DefaultFileLockManager] Lock acquired on daemon addresses registry.
2025-02-16T01:28:44.773+0900 [DEBUG] [org.gradle.cache.internal.DefaultFileLockManager] Releasing lock on daemon addresses registry.
2025-02-16T01:28:44.773+0900 [DEBUG] [org.gradle.cache.internal.DefaultFileLockManager] Waiting to acquire shared lock on daemon addresses registry.
2025-02-16T01:28:44.773+0900 [DEBUG] [org.gradle.cache.internal.DefaultFileLockManager] Lock acquired on daemon addresses registry.
2025-02-16T01:28:44.773+0900 [DEBUG] [org.gradle.cache.internal.DefaultFileLockManager] Releasing lock on daemon addresses registry.
2025-02-16T01:28:54.774+0900 [DEBUG] [org.gradle.cache.internal.DefaultFileLockManager] Waiting to acquire shared lock on daemon addresses registry.
2025-02-16T01:28:54.774+0900 [DEBUG] [org.gradle.cache.internal.DefaultFileLockManager] Lock acquired on daemon addresses registry.
2025-02-16T01:28:54.774+0900 [DEBUG] [org.gradle.cache.internal.DefaultFileLockManager] Releasing lock on daemon addresses registry.
2025-02-16T01:28:54.775+0900 [DEBUG] [org.gradle.cache.internal.DefaultFileLockManager] Waiting to acquire shared lock on daemon addresses registry.
2025-02-16T01:28:54.775+0900 [DEBUG] [org.gradle.cache.internal.DefaultFileLockManager] Lock acquired on daemon addresses registry.
2025-02-16T01:28:54.775+0900 [DEBUG] [org.gradle.cache.internal.DefaultFileLockManager] Releasing lock on daemon addresses registry.
2025-02-16T01:28:54.775+0900 [DEBUG] [org.gradle.cache.internal.DefaultFileLockManager] Waiting to acquire shared lock on daemon addresses registry.
2025-02-16T01:28:54.775+0900 [DEBUG] [org.gradle.cache.internal.DefaultFileLockManager] Lock acquired on daemon addresses registry.
2025-02-16T01:28:54.775+0900 [DEBUG] [org.gradle.cache.internal.DefaultFileLockManager] Releasing lock on daemon addresses registry.
2025-02-16T01:29:04.771+0900 [DEBUG] [org.gradle.cache.internal.DefaultFileLockManager] Waiting to acquire shared lock on daemon addresses registry.
2025-02-16T01:29:04.772+0900 [DEBUG] [org.gradle.cache.internal.DefaultFileLockManager] Lock acquired on daemon addresses registry.
2025-02-16T01:29:04.772+0900 [DEBUG] [org.gradle.cache.internal.DefaultFileLockManager] Releasing lock on daemon addresses registry.
2025-02-16T01:29:04.772+0900 [DEBUG] [org.gradle.cache.internal.DefaultFileLockManager] Waiting to acquire shared lock on daemon addresses registry.
2025-02-16T01:29:04.772+0900 [DEBUG] [org.gradle.cache.internal.DefaultFileLockManager] Lock acquired on daemon addresses registry.
2025-02-16T01:29:04.773+0900 [DEBUG] [org.gradle.cache.internal.DefaultFileLockManager] Releasing lock on daemon addresses registry.
2025-02-16T01:29:04.773+0900 [DEBUG] [org.gradle.cache.internal.DefaultFileLockManager] Waiting to acquire shared lock on daemon addresses registry.
2025-02-16T01:29:04.773+0900 [DEBUG] [org.gradle.cache.internal.DefaultFileLockManager] Lock acquired on daemon addresses registry.
2025-02-16T01:29:04.773+0900 [DEBUG] [org.gradle.cache.internal.DefaultFileLockManager] Releasing lock on daemon addresses registry.
2025-02-16T01:29:14.771+0900 [DEBUG] [org.gradle.cache.internal.DefaultFileLockManager] Waiting to acquire shared lock on daemon addresses registry.
2025-02-16T01:29:14.772+0900 [DEBUG] [org.gradle.cache.internal.DefaultFileLockManager] Lock acquired on daemon addresses registry.
2025-02-16T01:29:14.773+0900 [DEBUG] [org.gradle.cache.internal.DefaultFileLockManager] Releasing lock on daemon addresses registry.
2025-02-16T01:29:14.773+0900 [DEBUG] [org.gradle.cache.internal.DefaultFileLockManager] Waiting to acquire shared lock on daemon addresses registry.
2025-02-16T01:29:14.773+0900 [DEBUG] [org.gradle.cache.internal.DefaultFileLockManager] Lock acquired on daemon addresses registry.
2025-02-16T01:29:14.773+0900 [DEBUG] [org.gradle.cache.internal.DefaultFileLockManager] Releasing lock on daemon addresses registry.
2025-02-16T01:29:14.773+0900 [DEBUG] [org.gradle.cache.internal.DefaultFileLockManager] Waiting to acquire shared lock on daemon addresses registry.
2025-02-16T01:29:14.773+0900 [DEBUG] [org.gradle.cache.internal.DefaultFileLockManager] Lock acquired on daemon addresses registry.
2025-02-16T01:29:14.774+0900 [DEBUG] [org.gradle.cache.internal.DefaultFileLockManager] Releasing lock on daemon addresses registry.
2025-02-16T01:29:24.773+0900 [DEBUG] [org.gradle.cache.internal.DefaultFileLockManager] Waiting to acquire shared lock on daemon addresses registry.
2025-02-16T01:29:24.773+0900 [DEBUG] [org.gradle.cache.internal.DefaultFileLockManager] Lock acquired on daemon addresses registry.
2025-02-16T01:29:24.774+0900 [DEBUG] [org.gradle.cache.internal.DefaultFileLockManager] Releasing lock on daemon addresses registry.
2025-02-16T01:29:24.774+0900 [DEBUG] [org.gradle.cache.internal.DefaultFileLockManager] Waiting to acquire shared lock on daemon addresses registry.
2025-02-16T01:29:24.775+0900 [DEBUG] [org.gradle.cache.internal.DefaultFileLockManager] Lock acquired on daemon addresses registry.
2025-02-16T01:29:24.775+0900 [DEBUG] [org.gradle.cache.internal.DefaultFileLockManager] Releasing lock on daemon addresses registry.
2025-02-16T01:29:24.775+0900 [DEBUG] [org.gradle.cache.internal.DefaultFileLockManager] Waiting to acquire shared lock on daemon addresses registry.
2025-02-16T01:29:24.776+0900 [DEBUG] [org.gradle.cache.internal.DefaultFileLockManager] Lock acquired on daemon addresses registry.
2025-02-16T01:29:24.776+0900 [DEBUG] [org.gradle.cache.internal.DefaultFileLockManager] Releasing lock on daemon addresses registry.
2025-02-16T01:29:34.771+0900 [DEBUG] [org.gradle.cache.internal.DefaultFileLockManager] Waiting to acquire shared lock on daemon addresses registry.
2025-02-16T01:29:34.771+0900 [DEBUG] [org.gradle.cache.internal.DefaultFileLockManager] Lock acquired on daemon addresses registry.
2025-02-16T01:29:34.771+0900 [DEBUG] [org.gradle.cache.internal.DefaultFileLockManager] Releasing lock on daemon addresses registry.
2025-02-16T01:29:34.771+0900 [DEBUG] [org.gradle.cache.internal.DefaultFileLockManager] Waiting to acquire shared lock on daemon addresses registry.
2025-02-16T01:29:34.771+0900 [DEBUG] [org.gradle.cache.internal.DefaultFileLockManager] Lock acquired on daemon addresses registry.
2025-02-16T01:29:34.771+0900 [DEBUG] [org.gradle.cache.internal.DefaultFileLockManager] Releasing lock on daemon addresses registry.
2025-02-16T01:29:34.771+0900 [DEBUG] [org.gradle.cache.internal.DefaultFileLockManager] Waiting to acquire shared lock on daemon addresses registry.
2025-02-16T01:29:34.771+0900 [DEBUG] [org.gradle.cache.internal.DefaultFileLockManager] Lock acquired on daemon addresses registry.
2025-02-16T01:29:34.772+0900 [DEBUG] [org.gradle.cache.internal.DefaultFileLockManager] Releasing lock on daemon addresses registry.
2025-02-16T01:29:44.775+0900 [DEBUG] [org.gradle.cache.internal.DefaultFileLockManager] Waiting to acquire shared lock on daemon addresses registry.
2025-02-16T01:29:44.775+0900 [DEBUG] [org.gradle.cache.internal.DefaultFileLockManager] Lock acquired on daemon addresses registry.
2025-02-16T01:29:44.775+0900 [DEBUG] [org.gradle.cache.internal.DefaultFileLockManager] Releasing lock on daemon addresses registry.
2025-02-16T01:29:44.776+0900 [DEBUG] [org.gradle.cache.internal.DefaultFileLockManager] Waiting to acquire shared lock on daemon addresses registry.
2025-02-16T01:29:44.776+0900 [DEBUG] [org.gradle.cache.internal.DefaultFileLockManager] Lock acquired on daemon addresses registry.
2025-02-16T01:29:44.776+0900 [DEBUG] [org.gradle.cache.internal.DefaultFileLockManager] Releasing lock on daemon addresses registry.
2025-02-16T01:29:44.776+0900 [DEBUG] [org.gradle.cache.internal.DefaultFileLockManager] Waiting to acquire shared lock on daemon addresses registry.
2025-02-16T01:29:44.777+0900 [DEBUG] [org.gradle.cache.internal.DefaultFileLockManager] Lock acquired on daemon addresses registry.
2025-02-16T01:29:44.777+0900 [DEBUG] [org.gradle.cache.internal.DefaultFileLockManager] Releasing lock on daemon addresses registry.
2025-02-16T01:29:54.774+0900 [DEBUG] [org.gradle.cache.internal.DefaultFileLockManager] Waiting to acquire shared lock on daemon addresses registry.
2025-02-16T01:29:54.774+0900 [DEBUG] [org.gradle.cache.internal.DefaultFileLockManager] Lock acquired on daemon addresses registry.
2025-02-16T01:29:54.774+0900 [DEBUG] [org.gradle.cache.internal.DefaultFileLockManager] Releasing lock on daemon addresses registry.
2025-02-16T01:29:54.774+0900 [DEBUG] [org.gradle.cache.internal.DefaultFileLockManager] Waiting to acquire shared lock on daemon addresses registry.
2025-02-16T01:29:54.774+0900 [DEBUG] [org.gradle.cache.internal.DefaultFileLockManager] Lock acquired on daemon addresses registry.
2025-02-16T01:29:54.774+0900 [DEBUG] [org.gradle.cache.internal.DefaultFileLockManager] Releasing lock on daemon addresses registry.
2025-02-16T01:29:54.774+0900 [DEBUG] [org.gradle.cache.internal.DefaultFileLockManager] Waiting to acquire shared lock on daemon addresses registry.
2025-02-16T01:29:54.774+0900 [DEBUG] [org.gradle.cache.internal.DefaultFileLockManager] Lock acquired on daemon addresses registry.
2025-02-16T01:29:54.775+0900 [DEBUG] [org.gradle.cache.internal.DefaultFileLockManager] Releasing lock on daemon addresses registry.
2025-02-16T01:30:04.773+0900 [DEBUG] [org.gradle.cache.internal.DefaultFileLockManager] Waiting to acquire shared lock on daemon addresses registry.
2025-02-16T01:30:04.775+0900 [DEBUG] [org.gradle.cache.internal.DefaultFileLockManager] Lock acquired on daemon addresses registry.
2025-02-16T01:30:04.778+0900 [DEBUG] [org.gradle.cache.internal.DefaultFileLockManager] Releasing lock on daemon addresses registry.
2025-02-16T01:30:04.779+0900 [DEBUG] [org.gradle.cache.internal.DefaultFileLockManager] Waiting to acquire shared lock on daemon addresses registry.
2025-02-16T01:30:04.779+0900 [DEBUG] [org.gradle.cache.internal.DefaultFileLockManager] Lock acquired on daemon addresses registry.
2025-02-16T01:30:04.779+0900 [DEBUG] [org.gradle.cache.internal.DefaultFileLockManager] Releasing lock on daemon addresses registry.
2025-02-16T01:30:04.779+0900 [DEBUG] [org.gradle.cache.internal.DefaultFileLockManager] Waiting to acquire shared lock on daemon addresses registry.
2025-02-16T01:30:04.779+0900 [DEBUG] [org.gradle.cache.internal.DefaultFileLockManager] Lock acquired on daemon addresses registry.
2025-02-16T01:30:04.779+0900 [DEBUG] [org.gradle.cache.internal.DefaultFileLockManager] Releasing lock on daemon addresses registry.
2025-02-16T01:30:14.774+0900 [DEBUG] [org.gradle.cache.internal.DefaultFileLockManager] Waiting to acquire shared lock on daemon addresses registry.
2025-02-16T01:30:14.774+0900 [DEBUG] [org.gradle.cache.internal.DefaultFileLockManager] Lock acquired on daemon addresses registry.
2025-02-16T01:30:14.774+0900 [DEBUG] [org.gradle.cache.internal.DefaultFileLockManager] Releasing lock on daemon addresses registry.
2025-02-16T01:30:14.774+0900 [DEBUG] [org.gradle.cache.internal.DefaultFileLockManager] Waiting to acquire shared lock on daemon addresses registry.
2025-02-16T01:30:14.774+0900 [DEBUG] [org.gradle.cache.internal.DefaultFileLockManager] Lock acquired on daemon addresses registry.
2025-02-16T01:30:14.774+0900 [DEBUG] [org.gradle.cache.internal.DefaultFileLockManager] Releasing lock on daemon addresses registry.
2025-02-16T01:30:14.774+0900 [DEBUG] [org.gradle.cache.internal.DefaultFileLockManager] Waiting to acquire shared lock on daemon addresses registry.
2025-02-16T01:30:14.774+0900 [DEBUG] [org.gradle.cache.internal.DefaultFileLockManager] Lock acquired on daemon addresses registry.
2025-02-16T01:30:14.775+0900 [DEBUG] [org.gradle.cache.internal.DefaultFileLockManager] Releasing lock on daemon addresses registry.
2025-02-16T01:30:20.537+0900 [DEBUG] [org.gradle.internal.remote.internal.inet.TcpIncomingConnector] Accepted connection from /127.0.0.1:56869 to /127.0.0.1:56494.
2025-02-16T01:30:20.539+0900 [DEBUG] [org.gradle.launcher.daemon.server.SynchronizedDispatchConnection] thread 874: received class org.gradle.launcher.daemon.protocol.Build
2025-02-16T01:30:20.540+0900 [DEBUG] [org.gradle.launcher.daemon.server.DefaultDaemonConnection] thread 874: Received non-IO message from client: Build{id=a028e1db-72b7-45b3-9a94-22c3abe14843, currentDir=/Users/kariv/UMC/Frontend}
2025-02-16T01:30:20.540+0900 [INFO] [org.gradle.launcher.daemon.server.DefaultIncomingConnectionHandler] Received command: Build{id=a028e1db-72b7-45b3-9a94-22c3abe14843, currentDir=/Users/kariv/UMC/Frontend}.
2025-02-16T01:30:20.540+0900 [DEBUG] [org.gradle.launcher.daemon.server.DefaultIncomingConnectionHandler] Starting executing command: Build{id=a028e1db-72b7-45b3-9a94-22c3abe14843, currentDir=/Users/kariv/UMC/Frontend} with connection: socket connection from /127.0.0.1:56494 to /127.0.0.1:56869.
2025-02-16T01:30:20.540+0900 [DEBUG] [org.gradle.launcher.daemon.server.DaemonStateCoordinator] Command execution: started DaemonCommandExecution[command = Build{id=a028e1db-72b7-45b3-9a94-22c3abe14843, currentDir=/Users/kariv/UMC/Frontend}, connection = DefaultDaemonConnection: socket connection from /127.0.0.1:56494 to /127.0.0.1:56869] after 3.23885 minutes of idle
2025-02-16T01:30:20.540+0900 [INFO] [org.gradle.launcher.daemon.server.DaemonRegistryUpdater] Marking the daemon as busy, address: [bc0742fd-d003-4008-bc7f-20ddefeef9c5 port:56494, addresses:[localhost/127.0.0.1]]
2025-02-16T01:30:20.540+0900 [DEBUG] [org.gradle.launcher.daemon.registry.PersistentDaemonRegistry] Marking busy by address: [bc0742fd-d003-4008-bc7f-20ddefeef9c5 port:56494, addresses:[localhost/127.0.0.1]]
2025-02-16T01:30:20.541+0900 [DEBUG] [org.gradle.cache.internal.DefaultFileLockManager] Waiting to acquire exclusive lock on daemon addresses registry.
2025-02-16T01:30:20.541+0900 [DEBUG] [org.gradle.cache.internal.DefaultFileLockManager] Lock acquired on daemon addresses registry.
2025-02-16T01:30:20.542+0900 [DEBUG] [org.gradle.cache.internal.DefaultFileLockManager] Releasing lock on daemon addresses registry.
2025-02-16T01:30:20.542+0900 [DEBUG] [org.gradle.launcher.daemon.server.DaemonStateCoordinator] resetting idle timer
2025-02-16T01:30:20.542+0900 [DEBUG] [org.gradle.launcher.daemon.server.DaemonStateCoordinator] daemon is running. Sleeping until state changes.
2025-02-16T01:30:20.542+0900 [INFO] [org.gradle.launcher.daemon.server.exec.StartBuildOrRespondWithBusy] Daemon is about to start building Build{id=a028e1db-72b7-45b3-9a94-22c3abe14843, currentDir=/Users/kariv/UMC/Frontend}. Dispatching build started information...
2025-02-16T01:30:20.542+0900 [DEBUG] [org.gradle.launcher.daemon.server.SynchronizedDispatchConnection] thread 876: dispatching org.gradle.launcher.daemon.protocol.BuildStarted@770be7c8
2025-02-16T01:30:20.543+0900 [DEBUG] [org.gradle.launcher.daemon.server.exec.EstablishBuildEnvironment] Configuring env variables: [PATH, GSETTINGS_SCHEMA_DIR_CONDA_BACKUP, __CFBundleIdentifier, SHELL, CONDA_DEFAULT_ENV, CONDA_EXE, OLDPWD, CONDA_PYTHON_EXE, USER, COMMAND_MODE, TMPDIR, CONDA_PREFIX, SSH_AUTH_SOCK, _CE_CONDA, XPC_FLAGS, _CE_M, __CF_USER_TEXT_ENCODING, CONDA_PROMPT_MODIFIER, GSETTINGS_SCHEMA_DIR, LOGNAME, LC_CTYPE, XPC_SERVICE_NAME, CONDA_SHLVL, HOME]
2025-02-16T01:30:20.544+0900 [DEBUG] [org.gradle.launcher.daemon.server.exec.LogToClient] About to start relaying all logs to the client via the connection.
2025-02-16T01:30:20.544+0900 [INFO] [org.gradle.launcher.daemon.server.exec.LogToClient] The client will now receive all logging from the daemon (pid: 38875). The daemon log file: /Users/kariv/UMC/Frontend/gradle/daemon/8.9/daemon-38875.out.log
2025-02-16T01:30:20.546+0900 [INFO] [org.gradle.launcher.daemon.server.exec.LogAndCheckHealth] Starting 8th build in daemon [uptime: 8 mins 35.917 secs, performance: 99%, GC rate: 0.00/s, heap usage: 2% of 2 GiB]
2025-02-16T01:30:20.546+0900 [DEBUG] [org.gradle.launcher.daemon.server.exec.ExecuteBuild] The daemon has started executing the build.
2025-02-16T01:30:20.546+0900 [DEBUG] [org.gradle.launcher.daemon.server.exec.ExecuteBuild] Executing build with daemon context: DefaultDaemonContext[uid=00c7bf90-ca55-42c3-8e54-eac397236dba,javaHome=/Applications/Android Studio.app/Contents/jbr/Contents/Home,javaVersion=21,daemonRegistryDir=/Users/kariv/UMC/Frontend/gradle/daemon,pid=38875,idleTimeout=10800000,priority=NORMAL,applyInstrumentationAgent=true,nativeServicesMode=ENABLED,daemonOpts=--add-opens=java.base/java.util=ALL-UNNAMED,--add-opens=java.base/java.lang=ALL-UNNAMED,--add-opens=java.base/java.lang.invoke=ALL-UNNAMED,--add-opens=java.prefs/java.util.prefs=ALL-UNNAMED,--add-exports=jdk.compiler/com.sun.tools.javac.api=ALL-UNNAMED,--add-exports=jdk.compiler/com.sun.tools.javac.util=ALL-UNNAMED,--add-opens=java.base/java.nio.charset=ALL-UNNAMED,--add-opens=java.base/java.net=ALL-UNNAMED,--add-opens=java.base/java.util.concurrent.atomic=ALL-UNNAMED,-Xmx2048m,-Dfile.encoding=UTF-8,-Duser.country=KR,-Duser.language=ko,-Duser.variant]

BUILD SUCCESSFUL in 1s
37 actionable tasks: 5 executed, 32 up-to-date
2025-02-16T01:30:21.672+0900 [DEBUG] [org.gradle.launcher.daemon.server.exec.ExecuteBuild] The daemon has finished executing the build.
2025-02-16T01:30:21.680+0900 [DEBUG] [org.gradle.launcher.daemon.server.DaemonStateCoordinator] daemon is running. Sleeping until state changes.
2025-02-16T01:30:21.680+0900 [DEBUG] [org.gradle.launcher.daemon.server.DaemonStateCoordinator] Command execution: finished waiting for DaemonCommandExecution[command = Build{id=a028e1db-72b7-45b3-9a94-22c3abe14843, currentDir=/Users/kariv/UMC/Frontend}, connection = DefaultDaemonConnection: socket connection from /127.0.0.1:56494 to /127.0.0.1:56869]. Result org.gradle.launcher.daemon.server.DaemonStateCoordinator@43b7a733 with state Busy
2025-02-16T01:30:21.680+0900 [DEBUG] [org.gradle.launcher.daemon.server.DaemonStateCoordinator] Command execution: completed DaemonCommandExecution[command = Build{id=a028e1db-72b7-45b3-9a94-22c3abe14843, currentDir=/Users/kariv/UMC/Frontend}, connection = DefaultDaemonConnection: socket connection from /127.0.0.1:56494 to /127.0.0.1:56869]
2025-02-16T01:30:21.680+0900 [DEBUG] [org.gradle.launcher.daemon.server.DaemonStateCoordinator] resetting idle timer
2025-02-16T01:30:21.680+0900 [INFO] [org.gradle.launcher.daemon.server.DaemonRegistryUpdater] Marking the daemon as idle, address: [bc0742fd-d003-4008-bc7f-20ddefeef9c5 port:56494, addresses:[localhost/127.0.0.1]]
2025-02-16T01:30:21.680+0900 [DEBUG] [org.gradle.launcher.daemon.registry.PersistentDaemonRegistry] Marking busy by address: [bc0742fd-d003-4008-bc7f-20ddefeef9c5 port:56494, addresses:[localhost/127.0.0.1]]
2025-02-16T01:30:21.680+0900 [DEBUG] [org.gradle.cache.internal.DefaultFileLockManager] Waiting to acquire exclusive lock on daemon addresses registry.
2025-02-16T01:30:21.680+0900 [DEBUG] [org.gradle.cache.internal.DefaultFileLockManager] Lock acquired on daemon addresses registry.
2025-02-16T01:30:21.681+0900 [DEBUG] [org.gradle.cache.internal.DefaultFileLockManager] Releasing lock on daemon addresses registry.
2025-02-16T01:30:21.681+0900 [DEBUG] [org.gradle.launcher.daemon.server.exec.ReturnResult] Daemon is dispatching the build result: Success[value=org.gradle.launcher.exec.BuildActionResult@249be91b]
2025-02-16T01:30:21.681+0900 [DEBUG] [org.gradle.launcher.daemon.server.SynchronizedDispatchConnection] thread 873: dispatching Success[value=org.gradle.launcher.exec.BuildActionResult@249be91b]
2025-02-16T01:30:21.681+0900 [DEBUG] [org.gradle.launcher.daemon.server.DaemonStateCoordinator] daemon is running. Sleeping until state changes.
2025-02-16T01:30:21.681+0900 [DEBUG] [org.gradle.launcher.daemon.server.exec.CleanUpVirtualFileSystemAfterBuild] Cleaning virtual file system after build finished
2025-02-16T01:30:21.681+0900 [DEBUG] [org.gradle.launcher.daemon.server.DefaultIncomingConnectionHandler] Finishing executing command: Build{id=a028e1db-72b7-45b3-9a94-22c3abe14843, currentDir=/Users/kariv/UMC/Frontend}
2025-02-16T01:30:21.681+0900 [DEBUG] [org.gradle.launcher.daemon.server.SynchronizedDispatchConnection] thread 874: received class org.gradle.launcher.daemon.protocol.CloseInput
2025-02-16T01:30:21.681+0900 [DEBUG] [org.gradle.launcher.daemon.server.DefaultDaemonConnection] thread 874: Received IO message from client: org.gradle.launcher.daemon.protocol.CloseInput@43c4ac1d
2025-02-16T01:30:21.681+0900 [DEBUG] [org.gradle.launcher.daemon.server.SynchronizedDispatchConnection] thread 874: received class org.gradle.launcher.daemon.protocol.Finished
2025-02-16T01:30:21.681+0900 [DEBUG] [org.gradle.launcher.daemon.server.DefaultDaemonConnection] thread 874: Received non-IO message from client: org.gradle.launcher.daemon.protocol.Finished@4d035a15
2025-02-16T01:30:21.681+0900 [DEBUG] [org.gradle.launcher.daemon.server.DefaultIncomingConnectionHandler] Received finished message: org.gradle.launcher.daemon.protocol.Finished@4d035a15
2025-02-16T01:30:21.681+0900 [DEBUG] [org.gradle.internal.remote.internal.inet.SocketConnection] Discarding EOFException: java.io.EOFException
2025-02-16T01:30:21.681+0900 [DEBUG] [org.gradle.launcher.daemon.server.SynchronizedDispatchConnection] thread 874: received null
2025-02-16T01:30:21.681+0900 [DEBUG] [org.gradle.launcher.daemon.server.DefaultDaemonConnection] thread 874: Received end-of-input from client.
2025-02-16T01:30:21.681+0900 [DEBUG] [org.gradle.launcher.daemon.server.SynchronizedDispatchConnection] thread 873: stopping connection
2025-02-16T01:30:21.682+0900 [DEBUG] [org.gradle.launcher.daemon.server.SynchronizedDispatchConnection] thread 873: stopping connection
2025-02-16T01:30:24.770+0900 [DEBUG] [org.gradle.cache.internal.DefaultFileLockManager] Waiting to acquire shared lock on daemon addresses registry.
2025-02-16T01:30:24.771+0900 [DEBUG] [org.gradle.cache.internal.DefaultFileLockManager] Lock acquired on daemon addresses registry.
2025-02-16T01:30:24.771+0900 [DEBUG] [org.gradle.cache.internal.DefaultFileLockManager] Releasing lock on daemon addresses registry.
2025-02-16T01:30:24.772+0900 [DEBUG] [org.gradle.cache.internal.DefaultFileLockManager] Waiting to acquire shared lock on daemon addresses registry.
2025-02-16T01:30:24.772+0900 [DEBUG] [org.gradle.cache.internal.DefaultFileLockManager] Lock acquired on daemon addresses registry.
2025-02-16T01:30:24.772+0900 [DEBUG] [org.gradle.cache.internal.DefaultFileLockManager] Releasing lock on daemon addresses registry.
2025-02-16T01:30:34.770+0900 [DEBUG] [org.gradle.cache.internal.DefaultFileLockManager] Waiting to acquire shared lock on daemon addresses registry.
2025-02-16T01:30:34.771+0900 [DEBUG] [org.gradle.cache.internal.DefaultFileLockManager] Lock acquired on daemon addresses registry.
2025-02-16T01:30:34.771+0900 [DEBUG] [org.gradle.cache.internal.DefaultFileLockManager] Releasing lock on daemon addresses registry.
2025-02-16T01:30:34.771+0900 [DEBUG] [org.gradle.cache.internal.DefaultFileLockManager] Waiting to acquire shared lock on daemon addresses registry.
2025-02-16T01:30:34.771+0900 [DEBUG] [org.gradle.cache.internal.DefaultFileLockManager] Lock acquired on daemon addresses registry.
2025-02-16T01:30:34.771+0900 [DEBUG] [org.gradle.cache.internal.DefaultFileLockManager] Releasing lock on daemon addresses registry.
2025-02-16T01:30:34.771+0900 [DEBUG] [org.gradle.cache.internal.DefaultFileLockManager] Waiting to acquire shared lock on daemon addresses registry.
2025-02-16T01:30:34.771+0900 [DEBUG] [org.gradle.cache.internal.DefaultFileLockManager] Lock acquired on daemon addresses registry.
2025-02-16T01:30:34.771+0900 [DEBUG] [org.gradle.cache.internal.DefaultFileLockManager] Releasing lock on daemon addresses registry.
2025-02-16T01:30:39.067+0900 [DEBUG] [org.gradle.internal.remote.internal.inet.TcpIncomingConnector] Accepted connection from /127.0.0.1:56888 to /127.0.0.1:56494.
2025-02-16T01:30:39.070+0900 [DEBUG] [org.gradle.launcher.daemon.server.SynchronizedDispatchConnection] thread 983: received class org.gradle.launcher.daemon.protocol.Build
2025-02-16T01:30:39.070+0900 [DEBUG] [org.gradle.launcher.daemon.server.DefaultDaemonConnection] thread 983: Received non-IO message from client: Build{id=207b79f9-5226-4f1c-83d9-6f7ada5841c4, currentDir=/Users/kariv/UMC/Frontend}
2025-02-16T01:30:39.071+0900 [INFO] [org.gradle.launcher.daemon.server.DefaultIncomingConnectionHandler] Received command: Build{id=207b79f9-5226-4f1c-83d9-6f7ada5841c4, currentDir=/Users/kariv/UMC/Frontend}.
2025-02-16T01:30:39.071+0900 [DEBUG] [org.gradle.launcher.daemon.server.DefaultIncomingConnectionHandler] Starting executing command: Build{id=207b79f9-5226-4f1c-83d9-6f7ada5841c4, currentDir=/Users/kariv/UMC/Frontend} with connection: socket connection from /127.0.0.1:56494 to /127.0.0.1:56888.
2025-02-16T01:30:39.072+0900 [DEBUG] [org.gradle.launcher.daemon.server.DaemonStateCoordinator] Command execution: started DaemonCommandExecution[command = Build{id=207b79f9-5226-4f1c-83d9-6f7ada5841c4, currentDir=/Users/kariv/UMC/Frontend}, connection = DefaultDaemonConnection: socket connection from /127.0.0.1:56494 to /127.0.0.1:56888] after 0.28986666666666666 minutes of idle
2025-02-16T01:30:39.072+0900 [INFO] [org.gradle.launcher.daemon.server.DaemonRegistryUpdater] Marking the daemon as busy, address: [bc0742fd-d003-4008-bc7f-20ddefeef9c5 port:56494, addresses:[localhost/127.0.0.1]]
2025-02-16T01:30:39.072+0900 [DEBUG] [org.gradle.launcher.daemon.registry.PersistentDaemonRegistry] Marking busy by address: [bc0742fd-d003-4008-bc7f-20ddefeef9c5 port:56494, addresses:[localhost/127.0.0.1]]
2025-02-16T01:30:39.072+0900 [DEBUG] [org.gradle.cache.internal.DefaultFileLockManager] Waiting to acquire exclusive lock on daemon addresses registry.
2025-02-16T01:30:39.073+0900 [DEBUG] [org.gradle.cache.internal.DefaultFileLockManager] Lock acquired on daemon addresses registry.
2025-02-16T01:30:39.073+0900 [DEBUG] [org.gradle.cache.internal.DefaultFileLockManager] Releasing lock on daemon addresses registry.
2025-02-16T01:30:39.074+0900 [DEBUG] [org.gradle.launcher.daemon.server.DaemonStateCoordinator] resetting idle timer
2025-02-16T01:30:39.074+0900 [DEBUG] [org.gradle.launcher.daemon.server.DaemonStateCoordinator] daemon is running. Sleeping until state changes.
2025-02-16T01:30:39.074+0900 [INFO] [org.gradle.launcher.daemon.server.exec.StartBuildOrRespondWithBusy] Daemon is about to start building Build{id=207b79f9-5226-4f1c-83d9-6f7ada5841c4, currentDir=/Users/kariv/UMC/Frontend}. Dispatching build started information...
2025-02-16T01:30:39.074+0900 [DEBUG] [org.gradle.launcher.daemon.server.SynchronizedDispatchConnection] thread 876: dispatching org.gradle.launcher.daemon.protocol.BuildStarted@7dc7543f
2025-02-16T01:30:39.074+0900 [DEBUG] [org.gradle.launcher.daemon.server.exec.EstablishBuildEnvironment] Configuring env variables: [PATH, GSETTINGS_SCHEMA_DIR_CONDA_BACKUP, __CFBundleIdentifier, SHELL, CONDA_DEFAULT_ENV, CONDA_EXE, OLDPWD, CONDA_PYTHON_EXE, USER, COMMAND_MODE, TMPDIR, CONDA_PREFIX, SSH_AUTH_SOCK, _CE_CONDA, XPC_FLAGS, _CE_M, __CF_USER_TEXT_ENCODING, CONDA_PROMPT_MODIFIER, GSETTINGS_SCHEMA_DIR, LOGNAME, LC_CTYPE, XPC_SERVICE_NAME, CONDA_SHLVL, HOME]
2025-02-16T01:30:39.075+0900 [DEBUG] [org.gradle.launcher.daemon.server.exec.LogToClient] About to start relaying all logs to the client via the connection.
2025-02-16T01:30:39.075+0900 [INFO] [org.gradle.launcher.daemon.server.exec.LogToClient] The client will now receive all logging from the daemon (pid: 38875). The daemon log file: /Users/kariv/UMC/Frontend/gradle/daemon/8.9/daemon-38875.out.log
2025-02-16T01:30:39.076+0900 [INFO] [org.gradle.launcher.daemon.server.exec.LogAndCheckHealth] Starting 9th build in daemon [uptime: 8 mins 54.448 secs, performance: 99%, GC rate: 0.00/s, heap usage: 2% of 2 GiB]
2025-02-16T01:30:39.077+0900 [DEBUG] [org.gradle.launcher.daemon.server.exec.ExecuteBuild] The daemon has started executing the build.
2025-02-16T01:30:39.077+0900 [DEBUG] [org.gradle.launcher.daemon.server.exec.ExecuteBuild] Executing build with daemon context: DefaultDaemonContext[uid=00c7bf90-ca55-42c3-8e54-eac397236dba,javaHome=/Applications/Android Studio.app/Contents/jbr/Contents/Home,javaVersion=21,daemonRegistryDir=/Users/kariv/UMC/Frontend/gradle/daemon,pid=38875,idleTimeout=10800000,priority=NORMAL,applyInstrumentationAgent=true,nativeServicesMode=ENABLED,daemonOpts=--add-opens=java.base/java.util=ALL-UNNAMED,--add-opens=java.base/java.lang=ALL-UNNAMED,--add-opens=java.base/java.lang.invoke=ALL-UNNAMED,--add-opens=java.prefs/java.util.prefs=ALL-UNNAMED,--add-exports=jdk.compiler/com.sun.tools.javac.api=ALL-UNNAMED,--add-exports=jdk.compiler/com.sun.tools.javac.util=ALL-UNNAMED,--add-opens=java.base/java.nio.charset=ALL-UNNAMED,--add-opens=java.base/java.net=ALL-UNNAMED,--add-opens=java.base/java.util.concurrent.atomic=ALL-UNNAMED,-Xmx2048m,-Dfile.encoding=UTF-8,-Duser.country=KR,-Duser.language=ko,-Duser.variant]

BUILD SUCCESSFUL in 445ms
37 actionable tasks: 1 executed, 36 up-to-date
2025-02-16T01:30:39.538+0900 [DEBUG] [org.gradle.launcher.daemon.server.exec.ExecuteBuild] The daemon has finished executing the build.
2025-02-16T01:30:39.539+0900 [DEBUG] [org.gradle.launcher.daemon.server.DaemonStateCoordinator] Command execution: finished waiting for DaemonCommandExecution[command = Build{id=207b79f9-5226-4f1c-83d9-6f7ada5841c4, currentDir=/Users/kariv/UMC/Frontend}, connection = DefaultDaemonConnection: socket connection from /127.0.0.1:56494 to /127.0.0.1:56888]. Result org.gradle.launcher.daemon.server.DaemonStateCoordinator@43b7a733 with state Busy
2025-02-16T01:30:39.540+0900 [DEBUG] [org.gradle.launcher.daemon.server.DaemonStateCoordinator] Command execution: completed DaemonCommandExecution[command = Build{id=207b79f9-5226-4f1c-83d9-6f7ada5841c4, currentDir=/Users/kariv/UMC/Frontend}, connection = DefaultDaemonConnection: socket connection from /127.0.0.1:56494 to /127.0.0.1:56888]
2025-02-16T01:30:39.540+0900 [DEBUG] [org.gradle.launcher.daemon.server.DaemonStateCoordinator] resetting idle timer
2025-02-16T01:30:39.540+0900 [INFO] [org.gradle.launcher.daemon.server.DaemonRegistryUpdater] Marking the daemon as idle, address: [bc0742fd-d003-4008-bc7f-20ddefeef9c5 port:56494, addresses:[localhost/127.0.0.1]]
2025-02-16T01:30:39.540+0900 [DEBUG] [org.gradle.launcher.daemon.registry.PersistentDaemonRegistry] Marking busy by address: [bc0742fd-d003-4008-bc7f-20ddefeef9c5 port:56494, addresses:[localhost/127.0.0.1]]
2025-02-16T01:30:39.540+0900 [DEBUG] [org.gradle.cache.internal.DefaultFileLockManager] Waiting to acquire exclusive lock on daemon addresses registry.
2025-02-16T01:30:39.540+0900 [DEBUG] [org.gradle.cache.internal.DefaultFileLockManager] Lock acquired on daemon addresses registry.
2025-02-16T01:30:39.540+0900 [DEBUG] [org.gradle.cache.internal.DefaultFileLockManager] Releasing lock on daemon addresses registry.
2025-02-16T01:30:39.540+0900 [DEBUG] [org.gradle.launcher.daemon.server.exec.ReturnResult] Daemon is dispatching the build result: Success[value=org.gradle.launcher.exec.BuildActionResult@422fb492]
2025-02-16T01:30:39.540+0900 [DEBUG] [org.gradle.launcher.daemon.server.DaemonStateCoordinator] daemon is running. Sleeping until state changes.
2025-02-16T01:30:39.540+0900 [DEBUG] [org.gradle.launcher.daemon.server.SynchronizedDispatchConnection] thread 873: dispatching Success[value=org.gradle.launcher.exec.BuildActionResult@422fb492]
2025-02-16T01:30:39.541+0900 [DEBUG] [org.gradle.launcher.daemon.server.exec.CleanUpVirtualFileSystemAfterBuild] Cleaning virtual file system after build finished
2025-02-16T01:30:39.541+0900 [DEBUG] [org.gradle.launcher.daemon.server.DefaultIncomingConnectionHandler] Finishing executing command: Build{id=207b79f9-5226-4f1c-83d9-6f7ada5841c4, currentDir=/Users/kariv/UMC/Frontend}
2025-02-16T01:30:39.541+0900 [DEBUG] [org.gradle.launcher.daemon.server.SynchronizedDispatchConnection] thread 983: received class org.gradle.launcher.daemon.protocol.CloseInput
2025-02-16T01:30:39.541+0900 [DEBUG] [org.gradle.launcher.daemon.server.DefaultDaemonConnection] thread 983: Received IO message from client: org.gradle.launcher.daemon.protocol.CloseInput@3d31d8ad
2025-02-16T01:30:39.541+0900 [DEBUG] [org.gradle.launcher.daemon.server.SynchronizedDispatchConnection] thread 983: received class org.gradle.launcher.daemon.protocol.Finished
2025-02-16T01:30:39.541+0900 [DEBUG] [org.gradle.launcher.daemon.server.DefaultDaemonConnection] thread 983: Received non-IO message from client: org.gradle.launcher.daemon.protocol.Finished@33f6317b
2025-02-16T01:30:39.541+0900 [DEBUG] [org.gradle.launcher.daemon.server.DefaultIncomingConnectionHandler] Received finished message: org.gradle.launcher.daemon.protocol.Finished@33f6317b
2025-02-16T01:30:39.541+0900 [DEBUG] [org.gradle.launcher.daemon.server.SynchronizedDispatchConnection] thread 873: stopping connection
2025-02-16T01:30:39.541+0900 [DEBUG] [org.gradle.internal.remote.internal.inet.SocketConnection] Discarding EOFException: java.io.EOFException
2025-02-16T01:30:39.541+0900 [DEBUG] [org.gradle.launcher.daemon.server.SynchronizedDispatchConnection] thread 983: received null
2025-02-16T01:30:39.542+0900 [DEBUG] [org.gradle.launcher.daemon.server.DefaultDaemonConnection] thread 983: Received end-of-input from client.
2025-02-16T01:30:39.542+0900 [DEBUG] [org.gradle.launcher.daemon.server.SynchronizedDispatchConnection] thread 873: stopping connection
2025-02-16T01:30:44.768+0900 [DEBUG] [org.gradle.cache.internal.DefaultFileLockManager] Waiting to acquire shared lock on daemon addresses registry.
2025-02-16T01:30:44.768+0900 [DEBUG] [org.gradle.cache.internal.DefaultFileLockManager] Lock acquired on daemon addresses registry.
2025-02-16T01:30:44.768+0900 [DEBUG] [org.gradle.cache.internal.DefaultFileLockManager] Releasing lock on daemon addresses registry.
2025-02-16T01:30:44.768+0900 [DEBUG] [org.gradle.cache.internal.DefaultFileLockManager] Waiting to acquire shared lock on daemon addresses registry.
2025-02-16T01:30:44.768+0900 [DEBUG] [org.gradle.cache.internal.DefaultFileLockManager] Lock acquired on daemon addresses registry.
2025-02-16T01:30:44.768+0900 [DEBUG] [org.gradle.cache.internal.DefaultFileLockManager] Releasing lock on daemon addresses registry.
2025-02-16T01:30:51.113+0900 [DEBUG] [sun.rmi.transport.tcp] RMI Scheduler(0): close connection, socket: Socket[addr=localhost/127.0.0.1,port=17261,localport=56870]
2025-02-16T01:30:51.130+0900 [DEBUG] [sun.rmi.transport.tcp] RMI TCP Connection(10)-127.0.0.1: (port 56517) connection closed
2025-02-16T01:30:51.131+0900 [DEBUG] [sun.rmi.transport.tcp] RMI TCP Connection(10)-127.0.0.1: close connection, socket: Socket[addr=/127.0.0.1,port=56872,localport=56517]
2025-02-16T01:30:51.131+0900 [DEBUG] [sun.rmi.transport.tcp] RMI TCP Connection(10)-127.0.0.1: socket close: Socket[addr=/127.0.0.1,port=56872,localport=56517]
2025-02-16T01:30:54.773+0900 [DEBUG] [org.gradle.cache.internal.DefaultFileLockManager] Waiting to acquire shared lock on daemon addresses registry.
2025-02-16T01:30:54.775+0900 [DEBUG] [org.gradle.cache.internal.DefaultFileLockManager] Lock acquired on daemon addresses registry.
2025-02-16T01:30:54.776+0900 [DEBUG] [org.gradle.cache.internal.DefaultFileLockManager] Releasing lock on daemon addresses registry.
2025-02-16T01:30:54.778+0900 [DEBUG] [org.gradle.cache.internal.DefaultFileLockManager] Waiting to acquire shared lock on daemon addresses registry.
2025-02-16T01:30:54.779+0900 [DEBUG] [org.gradle.cache.internal.DefaultFileLockManager] Lock acquired on daemon addresses registry.
2025-02-16T01:30:54.779+0900 [DEBUG] [org.gradle.cache.internal.DefaultFileLockManager] Releasing lock on daemon addresses registry.
2025-02-16T01:30:54.780+0900 [DEBUG] [org.gradle.cache.internal.DefaultFileLockManager] Waiting to acquire shared lock on daemon addresses registry.
2025-02-16T01:30:54.781+0900 [DEBUG] [org.gradle.cache.internal.DefaultFileLockManager] Lock acquired on daemon addresses registry.
2025-02-16T01:30:54.781+0900 [DEBUG] [org.gradle.cache.internal.DefaultFileLockManager] Releasing lock on daemon addresses registry.
2025-02-16T01:31:04.772+0900 [DEBUG] [org.gradle.cache.internal.DefaultFileLockManager] Waiting to acquire shared lock on daemon addresses registry.
2025-02-16T01:31:04.773+0900 [DEBUG] [org.gradle.cache.internal.DefaultFileLockManager] Lock acquired on daemon addresses registry.
2025-02-16T01:31:04.773+0900 [DEBUG] [org.gradle.cache.internal.DefaultFileLockManager] Releasing lock on daemon addresses registry.
2025-02-16T01:31:04.774+0900 [DEBUG] [org.gradle.cache.internal.DefaultFileLockManager] Waiting to acquire shared lock on daemon addresses registry.
2025-02-16T01:31:04.774+0900 [DEBUG] [org.gradle.cache.internal.DefaultFileLockManager] Lock acquired on daemon addresses registry.
2025-02-16T01:31:04.774+0900 [DEBUG] [org.gradle.cache.internal.DefaultFileLockManager] Releasing lock on daemon addresses registry.
2025-02-16T01:31:04.774+0900 [DEBUG] [org.gradle.cache.internal.DefaultFileLockManager] Waiting to acquire shared lock on daemon addresses registry.
2025-02-16T01:31:04.775+0900 [DEBUG] [org.gradle.cache.internal.DefaultFileLockManager] Lock acquired on daemon addresses registry.
2025-02-16T01:31:04.775+0900 [DEBUG] [org.gradle.cache.internal.DefaultFileLockManager] Releasing lock on daemon addresses registry.
2025-02-16T01:31:06.117+0900 [DEBUG] [sun.rmi.transport.tcp] RMI Scheduler(0): close connection, socket: Socket[addr=localhost/127.0.0.1,port=17261,localport=56889]
2025-02-16T01:31:14.771+0900 [DEBUG] [org.gradle.cache.internal.DefaultFileLockManager] Waiting to acquire shared lock on daemon addresses registry.
2025-02-16T01:31:14.771+0900 [DEBUG] [org.gradle.cache.internal.DefaultFileLockManager] Lock acquired on daemon addresses registry.
2025-02-16T01:31:14.772+0900 [DEBUG] [org.gradle.cache.internal.DefaultFileLockManager] Releasing lock on daemon addresses registry.
2025-02-16T01:31:14.773+0900 [DEBUG] [org.gradle.cache.internal.DefaultFileLockManager] Waiting to acquire shared lock on daemon addresses registry.
2025-02-16T01:31:14.773+0900 [DEBUG] [org.gradle.cache.internal.DefaultFileLockManager] Lock acquired on daemon addresses registry.
2025-02-16T01:31:14.774+0900 [DEBUG] [org.gradle.cache.internal.DefaultFileLockManager] Releasing lock on daemon addresses registry.
2025-02-16T01:31:14.774+0900 [DEBUG] [org.gradle.cache.internal.DefaultFileLockManager] Waiting to acquire shared lock on daemon addresses registry.
2025-02-16T01:31:14.775+0900 [DEBUG] [org.gradle.cache.internal.DefaultFileLockManager] Lock acquired on daemon addresses registry.
2025-02-16T01:31:14.775+0900 [DEBUG] [org.gradle.cache.internal.DefaultFileLockManager] Releasing lock on daemon addresses registry.
2025-02-16T01:31:24.772+0900 [DEBUG] [org.gradle.cache.internal.DefaultFileLockManager] Waiting to acquire shared lock on daemon addresses registry.
2025-02-16T01:31:24.772+0900 [DEBUG] [org.gradle.cache.internal.DefaultFileLockManager] Lock acquired on daemon addresses registry.
2025-02-16T01:31:24.773+0900 [DEBUG] [org.gradle.cache.internal.DefaultFileLockManager] Releasing lock on daemon addresses registry.
2025-02-16T01:31:24.773+0900 [DEBUG] [org.gradle.cache.internal.DefaultFileLockManager] Waiting to acquire shared lock on daemon addresses registry.
2025-02-16T01:31:24.774+0900 [DEBUG] [org.gradle.cache.internal.DefaultFileLockManager] Lock acquired on daemon addresses registry.
2025-02-16T01:31:24.774+0900 [DEBUG] [org.gradle.cache.internal.DefaultFileLockManager] Releasing lock on daemon addresses registry.
2025-02-16T01:31:24.775+0900 [DEBUG] [org.gradle.cache.internal.DefaultFileLockManager] Waiting to acquire shared lock on daemon addresses registry.
2025-02-16T01:31:24.775+0900 [DEBUG] [org.gradle.cache.internal.DefaultFileLockManager] Lock acquired on daemon addresses registry.
2025-02-16T01:31:24.775+0900 [DEBUG] [org.gradle.cache.internal.DefaultFileLockManager] Releasing lock on daemon addresses registry.
2025-02-16T01:31:34.769+0900 [DEBUG] [org.gradle.cache.internal.DefaultFileLockManager] Waiting to acquire shared lock on daemon addresses registry.
2025-02-16T01:31:34.770+0900 [DEBUG] [org.gradle.cache.internal.DefaultFileLockManager] Lock acquired on daemon addresses registry.
2025-02-16T01:31:34.770+0900 [DEBUG] [org.gradle.cache.internal.DefaultFileLockManager] Releasing lock on daemon addresses registry.
2025-02-16T01:31:34.771+0900 [DEBUG] [org.gradle.cache.internal.DefaultFileLockManager] Waiting to acquire shared lock on daemon addresses registry.
2025-02-16T01:31:34.771+0900 [DEBUG] [org.gradle.cache.internal.DefaultFileLockManager] Lock acquired on daemon addresses registry.
2025-02-16T01:31:34.771+0900 [DEBUG] [org.gradle.cache.internal.DefaultFileLockManager] Releasing lock on daemon addresses registry.
2025-02-16T01:31:34.772+0900 [DEBUG] [org.gradle.cache.internal.DefaultFileLockManager] Waiting to acquire shared lock on daemon addresses registry.
2025-02-16T01:31:34.772+0900 [DEBUG] [org.gradle.cache.internal.DefaultFileLockManager] Lock acquired on daemon addresses registry.
2025-02-16T01:31:34.772+0900 [DEBUG] [org.gradle.cache.internal.DefaultFileLockManager] Releasing lock on daemon addresses registry.
2025-02-16T01:31:44.770+0900 [DEBUG] [org.gradle.cache.internal.DefaultFileLockManager] Waiting to acquire shared lock on daemon addresses registry.
2025-02-16T01:31:44.771+0900 [DEBUG] [org.gradle.cache.internal.DefaultFileLockManager] Lock acquired on daemon addresses registry.
2025-02-16T01:31:44.771+0900 [DEBUG] [org.gradle.cache.internal.DefaultFileLockManager] Releasing lock on daemon addresses registry.
2025-02-16T01:31:44.772+0900 [DEBUG] [org.gradle.cache.internal.DefaultFileLockManager] Waiting to acquire shared lock on daemon addresses registry.
2025-02-16T01:31:44.772+0900 [DEBUG] [org.gradle.cache.internal.DefaultFileLockManager] Lock acquired on daemon addresses registry.
2025-02-16T01:31:44.773+0900 [DEBUG] [org.gradle.cache.internal.DefaultFileLockManager] Releasing lock on daemon addresses registry.
2025-02-16T01:31:44.773+0900 [DEBUG] [org.gradle.cache.internal.DefaultFileLockManager] Waiting to acquire shared lock on daemon addresses registry.
2025-02-16T01:31:44.773+0900 [DEBUG] [org.gradle.cache.internal.DefaultFileLockManager] Lock acquired on daemon addresses registry.
2025-02-16T01:31:44.774+0900 [DEBUG] [org.gradle.cache.internal.DefaultFileLockManager] Releasing lock on daemon addresses registry.
2025-02-16T01:31:54.770+0900 [DEBUG] [org.gradle.cache.internal.DefaultFileLockManager] Waiting to acquire shared lock on daemon addresses registry.
2025-02-16T01:31:54.771+0900 [DEBUG] [org.gradle.cache.internal.DefaultFileLockManager] Lock acquired on daemon addresses registry.
2025-02-16T01:31:54.771+0900 [DEBUG] [org.gradle.cache.internal.DefaultFileLockManager] Releasing lock on daemon addresses registry.
2025-02-16T01:31:54.772+0900 [DEBUG] [org.gradle.cache.internal.DefaultFileLockManager] Waiting to acquire shared lock on daemon addresses registry.
2025-02-16T01:31:54.772+0900 [DEBUG] [org.gradle.cache.internal.DefaultFileLockManager] Lock acquired on daemon addresses registry.
2025-02-16T01:31:54.773+0900 [DEBUG] [org.gradle.cache.internal.DefaultFileLockManager] Releasing lock on daemon addresses registry.
2025-02-16T01:31:54.773+0900 [DEBUG] [org.gradle.cache.internal.DefaultFileLockManager] Waiting to acquire shared lock on daemon addresses registry.
2025-02-16T01:31:54.774+0900 [DEBUG] [org.gradle.cache.internal.DefaultFileLockManager] Lock acquired on daemon addresses registry.
2025-02-16T01:31:54.774+0900 [DEBUG] [org.gradle.cache.internal.DefaultFileLockManager] Releasing lock on daemon addresses registry.
2025-02-16T01:32:04.674+0900 [DEBUG] [sun.rmi.transport.tcp] RMI TCP Connection(11)-127.0.0.1: accepted socket from [127.0.0.1:56958]
2025-02-16T01:32:04.683+0900 [DEBUG] [sun.rmi.transport.tcp] RMI TCP Connection(11)-127.0.0.1: (port 56517) op = 80
2025-02-16T01:32:04.685+0900 [DEBUG] [sun.rmi.loader] RMI TCP Connection(11)-127.0.0.1: name = "[Ljava.rmi.server.ObjID;", codebase = "", defaultLoader = jdk.internal.loader.ClassLoaders$PlatformClassLoader@7de7f93
2025-02-16T01:32:04.686+0900 [DEBUG] [sun.rmi.loader] RMI TCP Connection(11)-127.0.0.1: name = "java.rmi.dgc.Lease", codebase = "", defaultLoader = jdk.internal.loader.ClassLoaders$PlatformClassLoader@7de7f93
2025-02-16T01:32:04.687+0900 [DEBUG] [sun.rmi.loader] RMI TCP Connection(11)-127.0.0.1: name = "java.rmi.dgc.VMID", codebase = "", defaultLoader = jdk.internal.loader.ClassLoaders$PlatformClassLoader@7de7f93
2025-02-16T01:32:04.687+0900 [DEBUG] [sun.rmi.loader] RMI TCP Connection(11)-127.0.0.1: name = "[B", codebase = "", defaultLoader = jdk.internal.loader.ClassLoaders$PlatformClassLoader@7de7f93
2025-02-16T01:32:04.689+0900 [DEBUG] [sun.rmi.loader] RMI TCP Connection(11)-127.0.0.1: name = "java.rmi.server.UID", codebase = "", defaultLoader = jdk.internal.loader.ClassLoaders$PlatformClassLoader@7de7f93
2025-02-16T01:32:04.769+0900 [DEBUG] [org.gradle.cache.internal.DefaultFileLockManager] Waiting to acquire shared lock on daemon addresses registry.
2025-02-16T01:32:04.770+0900 [DEBUG] [org.gradle.cache.internal.DefaultFileLockManager] Lock acquired on daemon addresses registry.
2025-02-16T01:32:04.770+0900 [DEBUG] [org.gradle.cache.internal.DefaultFileLockManager] Releasing lock on daemon addresses registry.
2025-02-16T01:32:04.770+0900 [DEBUG] [org.gradle.cache.internal.DefaultFileLockManager] Waiting to acquire shared lock on daemon addresses registry.
2025-02-16T01:32:04.770+0900 [DEBUG] [org.gradle.cache.internal.DefaultFileLockManager] Lock acquired on daemon addresses registry.
2025-02-16T01:32:04.770+0900 [DEBUG] [org.gradle.cache.internal.DefaultFileLockManager] Releasing lock on daemon addresses registry.
2025-02-16T01:32:04.770+0900 [DEBUG] [org.gradle.cache.internal.DefaultFileLockManager] Waiting to acquire shared lock on daemon addresses registry.
2025-02-16T01:32:04.771+0900 [DEBUG] [org.gradle.cache.internal.DefaultFileLockManager] Lock acquired on daemon addresses registry.
2025-02-16T01:32:04.771+0900 [DEBUG] [org.gradle.cache.internal.DefaultFileLockManager] Releasing lock on daemon addresses registry.
2025-02-16T01:32:14.769+0900 [DEBUG] [org.gradle.cache.internal.DefaultFileLockManager] Waiting to acquire shared lock on daemon addresses registry.
2025-02-16T01:32:14.769+0900 [DEBUG] [org.gradle.cache.internal.DefaultFileLockManager] Lock acquired on daemon addresses registry.
2025-02-16T01:32:14.769+0900 [DEBUG] [org.gradle.cache.internal.DefaultFileLockManager] Releasing lock on daemon addresses registry.
2025-02-16T01:32:14.770+0900 [DEBUG] [org.gradle.cache.internal.DefaultFileLockManager] Waiting to acquire shared lock on daemon addresses registry.
2025-02-16T01:32:14.770+0900 [DEBUG] [org.gradle.cache.internal.DefaultFileLockManager] Lock acquired on daemon addresses registry.
2025-02-16T01:32:14.770+0900 [DEBUG] [org.gradle.cache.internal.DefaultFileLockManager] Releasing lock on daemon addresses registry.
2025-02-16T01:32:14.770+0900 [DEBUG] [org.gradle.cache.internal.DefaultFileLockManager] Waiting to acquire shared lock on daemon addresses registry.
2025-02-16T01:32:14.771+0900 [DEBUG] [org.gradle.cache.internal.DefaultFileLockManager] Lock acquired on daemon addresses registry.
2025-02-16T01:32:14.771+0900 [DEBUG] [org.gradle.cache.internal.DefaultFileLockManager] Releasing lock on daemon addresses registry.
2025-02-16T01:32:19.697+0900 [DEBUG] [sun.rmi.transport.tcp] RMI TCP Connection(11)-127.0.0.1: (port 56517) connection closed
2025-02-16T01:32:19.698+0900 [DEBUG] [sun.rmi.transport.tcp] RMI TCP Connection(11)-127.0.0.1: close connection, socket: Socket[addr=/127.0.0.1,port=56958,localport=56517]
2025-02-16T01:32:19.698+0900 [DEBUG] [sun.rmi.transport.tcp] RMI TCP Connection(11)-127.0.0.1: socket close: Socket[addr=/127.0.0.1,port=56958,localport=56517]
2025-02-16T01:32:24.768+0900 [DEBUG] [org.gradle.cache.internal.DefaultFileLockManager] Waiting to acquire shared lock on daemon addresses registry.
2025-02-16T01:32:24.769+0900 [DEBUG] [org.gradle.cache.internal.DefaultFileLockManager] Lock acquired on daemon addresses registry.
2025-02-16T01:32:24.769+0900 [DEBUG] [org.gradle.cache.internal.DefaultFileLockManager] Releasing lock on daemon addresses registry.
2025-02-16T01:32:24.770+0900 [DEBUG] [org.gradle.cache.internal.DefaultFileLockManager] Waiting to acquire shared lock on daemon addresses registry.
2025-02-16T01:32:24.770+0900 [DEBUG] [org.gradle.cache.internal.DefaultFileLockManager] Lock acquired on daemon addresses registry.
2025-02-16T01:32:24.770+0900 [DEBUG] [org.gradle.cache.internal.DefaultFileLockManager] Releasing lock on daemon addresses registry.
2025-02-16T01:32:24.771+0900 [DEBUG] [org.gradle.cache.internal.DefaultFileLockManager] Waiting to acquire shared lock on daemon addresses registry.
2025-02-16T01:32:24.771+0900 [DEBUG] [org.gradle.cache.internal.DefaultFileLockManager] Lock acquired on daemon addresses registry.
2025-02-16T01:32:24.772+0900 [DEBUG] [org.gradle.cache.internal.DefaultFileLockManager] Releasing lock on daemon addresses registry.
2025-02-16T01:32:34.771+0900 [DEBUG] [org.gradle.cache.internal.DefaultFileLockManager] Waiting to acquire shared lock on daemon addresses registry.
2025-02-16T01:32:34.773+0900 [DEBUG] [org.gradle.cache.internal.DefaultFileLockManager] Lock acquired on daemon addresses registry.
2025-02-16T01:32:34.774+0900 [DEBUG] [org.gradle.cache.internal.DefaultFileLockManager] Releasing lock on daemon addresses registry.
2025-02-16T01:32:34.775+0900 [DEBUG] [org.gradle.cache.internal.DefaultFileLockManager] Waiting to acquire shared lock on daemon addresses registry.
2025-02-16T01:32:34.776+0900 [DEBUG] [org.gradle.cache.internal.DefaultFileLockManager] Lock acquired on daemon addresses registry.
2025-02-16T01:32:34.776+0900 [DEBUG] [org.gradle.cache.internal.DefaultFileLockManager] Releasing lock on daemon addresses registry.
2025-02-16T01:32:34.777+0900 [DEBUG] [org.gradle.cache.internal.DefaultFileLockManager] Waiting to acquire shared lock on daemon addresses registry.
2025-02-16T01:32:34.777+0900 [DEBUG] [org.gradle.cache.internal.DefaultFileLockManager] Lock acquired on daemon addresses registry.
2025-02-16T01:32:34.778+0900 [DEBUG] [org.gradle.cache.internal.DefaultFileLockManager] Releasing lock on daemon addresses registry.
2025-02-16T01:32:44.768+0900 [DEBUG] [org.gradle.cache.internal.DefaultFileLockManager] Waiting to acquire shared lock on daemon addresses registry.
2025-02-16T01:32:44.769+0900 [DEBUG] [org.gradle.cache.internal.DefaultFileLockManager] Lock acquired on daemon addresses registry.
2025-02-16T01:32:44.770+0900 [DEBUG] [org.gradle.cache.internal.DefaultFileLockManager] Releasing lock on daemon addresses registry.
2025-02-16T01:32:44.771+0900 [DEBUG] [org.gradle.cache.internal.DefaultFileLockManager] Waiting to acquire shared lock on daemon addresses registry.
2025-02-16T01:32:44.771+0900 [DEBUG] [org.gradle.cache.internal.DefaultFileLockManager] Lock acquired on daemon addresses registry.
2025-02-16T01:32:44.771+0900 [DEBUG] [org.gradle.cache.internal.DefaultFileLockManager] Releasing lock on daemon addresses registry.
2025-02-16T01:32:44.772+0900 [DEBUG] [org.gradle.cache.internal.DefaultFileLockManager] Waiting to acquire shared lock on daemon addresses registry.
2025-02-16T01:32:44.772+0900 [DEBUG] [org.gradle.cache.internal.DefaultFileLockManager] Lock acquired on daemon addresses registry.
2025-02-16T01:32:44.773+0900 [DEBUG] [org.gradle.cache.internal.DefaultFileLockManager] Releasing lock on daemon addresses registry.
2025-02-16T01:32:54.767+0900 [DEBUG] [org.gradle.cache.internal.DefaultFileLockManager] Waiting to acquire shared lock on daemon addresses registry.
2025-02-16T01:32:54.768+0900 [DEBUG] [org.gradle.cache.internal.DefaultFileLockManager] Lock acquired on daemon addresses registry.
2025-02-16T01:32:54.769+0900 [DEBUG] [org.gradle.cache.internal.DefaultFileLockManager] Releasing lock on daemon addresses registry.
2025-02-16T01:32:54.774+0900 [DEBUG] [org.gradle.cache.internal.DefaultFileLockManager] Waiting to acquire shared lock on daemon addresses registry.
2025-02-16T01:32:54.774+0900 [DEBUG] [org.gradle.cache.internal.DefaultFileLockManager] Lock acquired on daemon addresses registry.
2025-02-16T01:32:54.776+0900 [DEBUG] [org.gradle.cache.internal.DefaultFileLockManager] Releasing lock on daemon addresses registry.
2025-02-16T01:32:54.778+0900 [DEBUG] [org.gradle.cache.internal.DefaultFileLockManager] Waiting to acquire shared lock on daemon addresses registry.
2025-02-16T01:32:54.783+0900 [DEBUG] [org.gradle.cache.internal.DefaultFileLockManager] Lock acquired on daemon addresses registry.
2025-02-16T01:32:54.784+0900 [DEBUG] [org.gradle.cache.internal.DefaultFileLockManager] Releasing lock on daemon addresses registry.
2025-02-16T01:33:04.769+0900 [DEBUG] [org.gradle.cache.internal.DefaultFileLockManager] Waiting to acquire shared lock on daemon addresses registry.
2025-02-16T01:33:04.770+0900 [DEBUG] [org.gradle.cache.internal.DefaultFileLockManager] Lock acquired on daemon addresses registry.
2025-02-16T01:33:04.771+0900 [DEBUG] [org.gradle.cache.internal.DefaultFileLockManager] Releasing lock on daemon addresses registry.
2025-02-16T01:33:04.772+0900 [DEBUG] [org.gradle.cache.internal.DefaultFileLockManager] Waiting to acquire shared lock on daemon addresses registry.
2025-02-16T01:33:04.772+0900 [DEBUG] [org.gradle.cache.internal.DefaultFileLockManager] Lock acquired on daemon addresses registry.
2025-02-16T01:33:04.772+0900 [DEBUG] [org.gradle.cache.internal.DefaultFileLockManager] Releasing lock on daemon addresses registry.
2025-02-16T01:33:04.773+0900 [DEBUG] [org.gradle.cache.internal.DefaultFileLockManager] Waiting to acquire shared lock on daemon addresses registry.
2025-02-16T01:33:04.773+0900 [DEBUG] [org.gradle.cache.internal.DefaultFileLockManager] Lock acquired on daemon addresses registry.
2025-02-16T01:33:04.773+0900 [DEBUG] [org.gradle.cache.internal.DefaultFileLockManager] Releasing lock on daemon addresses registry.
2025-02-16T01:33:14.767+0900 [DEBUG] [org.gradle.cache.internal.DefaultFileLockManager] Waiting to acquire shared lock on daemon addresses registry.
2025-02-16T01:33:14.767+0900 [DEBUG] [org.gradle.cache.internal.DefaultFileLockManager] Lock acquired on daemon addresses registry.
2025-02-16T01:33:14.767+0900 [DEBUG] [org.gradle.cache.internal.DefaultFileLockManager] Releasing lock on daemon addresses registry.
2025-02-16T01:33:14.768+0900 [DEBUG] [org.gradle.cache.internal.DefaultFileLockManager] Waiting to acquire shared lock on daemon addresses registry.
2025-02-16T01:33:14.768+0900 [DEBUG] [org.gradle.cache.internal.DefaultFileLockManager] Lock acquired on daemon addresses registry.
2025-02-16T01:33:14.769+0900 [DEBUG] [org.gradle.cache.internal.DefaultFileLockManager] Releasing lock on daemon addresses registry.
2025-02-16T01:33:14.769+0900 [DEBUG] [org.gradle.cache.internal.DefaultFileLockManager] Waiting to acquire shared lock on daemon addresses registry.
2025-02-16T01:33:14.769+0900 [DEBUG] [org.gradle.cache.internal.DefaultFileLockManager] Lock acquired on daemon addresses registry.
2025-02-16T01:33:14.770+0900 [DEBUG] [org.gradle.cache.internal.DefaultFileLockManager] Releasing lock on daemon addresses registry.
2025-02-16T01:33:24.763+0900 [DEBUG] [org.gradle.cache.internal.DefaultFileLockManager] Waiting to acquire shared lock on daemon addresses registry.
2025-02-16T01:33:24.765+0900 [DEBUG] [org.gradle.cache.internal.DefaultFileLockManager] Lock acquired on daemon addresses registry.
2025-02-16T01:33:24.765+0900 [DEBUG] [org.gradle.cache.internal.DefaultFileLockManager] Releasing lock on daemon addresses registry.
2025-02-16T01:33:24.766+0900 [DEBUG] [org.gradle.cache.internal.DefaultFileLockManager] Waiting to acquire shared lock on daemon addresses registry.
2025-02-16T01:33:24.766+0900 [DEBUG] [org.gradle.cache.internal.DefaultFileLockManager] Lock acquired on daemon addresses registry.
2025-02-16T01:33:24.767+0900 [DEBUG] [org.gradle.cache.internal.DefaultFileLockManager] Releasing lock on daemon addresses registry.
2025-02-16T01:33:24.767+0900 [DEBUG] [org.gradle.cache.internal.DefaultFileLockManager] Waiting to acquire shared lock on daemon addresses registry.
2025-02-16T01:33:24.768+0900 [DEBUG] [org.gradle.cache.internal.DefaultFileLockManager] Lock acquired on daemon addresses registry.
2025-02-16T01:33:24.768+0900 [DEBUG] [org.gradle.cache.internal.DefaultFileLockManager] Releasing lock on daemon addresses registry.
2025-02-16T01:33:34.766+0900 [DEBUG] [org.gradle.cache.internal.DefaultFileLockManager] Waiting to acquire shared lock on daemon addresses registry.
2025-02-16T01:33:34.766+0900 [DEBUG] [org.gradle.cache.internal.DefaultFileLockManager] Lock acquired on daemon addresses registry.
2025-02-16T01:33:34.766+0900 [DEBUG] [org.gradle.cache.internal.DefaultFileLockManager] Releasing lock on daemon addresses registry.
2025-02-16T01:33:34.766+0900 [DEBUG] [org.gradle.cache.internal.DefaultFileLockManager] Waiting to acquire shared lock on daemon addresses registry.
2025-02-16T01:33:34.766+0900 [DEBUG] [org.gradle.cache.internal.DefaultFileLockManager] Lock acquired on daemon addresses registry.
2025-02-16T01:33:34.767+0900 [DEBUG] [org.gradle.cache.internal.DefaultFileLockManager] Releasing lock on daemon addresses registry.
2025-02-16T01:33:34.767+0900 [DEBUG] [org.gradle.cache.internal.DefaultFileLockManager] Waiting to acquire shared lock on daemon addresses registry.
2025-02-16T01:33:34.767+0900 [DEBUG] [org.gradle.cache.internal.DefaultFileLockManager] Lock acquired on daemon addresses registry.
2025-02-16T01:33:34.768+0900 [DEBUG] [org.gradle.cache.internal.DefaultFileLockManager] Releasing lock on daemon addresses registry.
2025-02-16T01:33:44.766+0900 [DEBUG] [org.gradle.cache.internal.DefaultFileLockManager] Waiting to acquire shared lock on daemon addresses registry.
2025-02-16T01:33:44.767+0900 [DEBUG] [org.gradle.cache.internal.DefaultFileLockManager] Lock acquired on daemon addresses registry.
2025-02-16T01:33:44.768+0900 [DEBUG] [org.gradle.cache.internal.DefaultFileLockManager] Releasing lock on daemon addresses registry.
2025-02-16T01:33:44.768+0900 [DEBUG] [org.gradle.cache.internal.DefaultFileLockManager] Waiting to acquire shared lock on daemon addresses registry.
2025-02-16T01:33:44.769+0900 [DEBUG] [org.gradle.cache.internal.DefaultFileLockManager] Lock acquired on daemon addresses registry.
2025-02-16T01:33:44.769+0900 [DEBUG] [org.gradle.cache.internal.DefaultFileLockManager] Releasing lock on daemon addresses registry.
2025-02-16T01:33:44.770+0900 [DEBUG] [org.gradle.cache.internal.DefaultFileLockManager] Waiting to acquire shared lock on daemon addresses registry.
2025-02-16T01:33:44.770+0900 [DEBUG] [org.gradle.cache.internal.DefaultFileLockManager] Lock acquired on daemon addresses registry.
2025-02-16T01:33:44.771+0900 [DEBUG] [org.gradle.cache.internal.DefaultFileLockManager] Releasing lock on daemon addresses registry.
2025-02-16T01:33:54.770+0900 [DEBUG] [org.gradle.cache.internal.DefaultFileLockManager] Waiting to acquire shared lock on daemon addresses registry.
2025-02-16T01:33:54.772+0900 [DEBUG] [org.gradle.cache.internal.DefaultFileLockManager] Lock acquired on daemon addresses registry.
2025-02-16T01:33:54.773+0900 [DEBUG] [org.gradle.cache.internal.DefaultFileLockManager] Releasing lock on daemon addresses registry.
2025-02-16T01:33:54.775+0900 [DEBUG] [org.gradle.cache.internal.DefaultFileLockManager] Waiting to acquire shared lock on daemon addresses registry.
2025-02-16T01:33:54.775+0900 [DEBUG] [org.gradle.cache.internal.DefaultFileLockManager] Lock acquired on daemon addresses registry.
2025-02-16T01:33:54.775+0900 [DEBUG] [org.gradle.cache.internal.DefaultFileLockManager] Releasing lock on daemon addresses registry.
2025-02-16T01:33:54.776+0900 [DEBUG] [org.gradle.cache.internal.DefaultFileLockManager] Waiting to acquire shared lock on daemon addresses registry.
2025-02-16T01:33:54.777+0900 [DEBUG] [org.gradle.cache.internal.DefaultFileLockManager] Lock acquired on daemon addresses registry.
2025-02-16T01:33:54.777+0900 [DEBUG] [org.gradle.cache.internal.DefaultFileLockManager] Releasing lock on daemon addresses registry.
2025-02-16T01:34:04.766+0900 [DEBUG] [org.gradle.cache.internal.DefaultFileLockManager] Waiting to acquire shared lock on daemon addresses registry.
2025-02-16T01:34:04.768+0900 [DEBUG] [org.gradle.cache.internal.DefaultFileLockManager] Lock acquired on daemon addresses registry.
2025-02-16T01:34:04.769+0900 [DEBUG] [org.gradle.cache.internal.DefaultFileLockManager] Releasing lock on daemon addresses registry.
2025-02-16T01:34:04.770+0900 [DEBUG] [org.gradle.cache.internal.DefaultFileLockManager] Waiting to acquire shared lock on daemon addresses registry.
2025-02-16T01:34:04.770+0900 [DEBUG] [org.gradle.cache.internal.DefaultFileLockManager] Lock acquired on daemon addresses registry.
2025-02-16T01:34:04.771+0900 [DEBUG] [org.gradle.cache.internal.DefaultFileLockManager] Releasing lock on daemon addresses registry.
2025-02-16T01:34:04.771+0900 [DEBUG] [org.gradle.cache.internal.DefaultFileLockManager] Waiting to acquire shared lock on daemon addresses registry.
2025-02-16T01:34:04.771+0900 [DEBUG] [org.gradle.cache.internal.DefaultFileLockManager] Lock acquired on daemon addresses registry.
2025-02-16T01:34:04.771+0900 [DEBUG] [org.gradle.cache.internal.DefaultFileLockManager] Releasing lock on daemon addresses registry.
2025-02-16T01:34:14.760+0900 [DEBUG] [org.gradle.cache.internal.DefaultFileLockManager] Waiting to acquire shared lock on daemon addresses registry.
2025-02-16T01:34:14.762+0900 [DEBUG] [org.gradle.cache.internal.DefaultFileLockManager] Lock acquired on daemon addresses registry.
2025-02-16T01:34:14.762+0900 [DEBUG] [org.gradle.cache.internal.DefaultFileLockManager] Releasing lock on daemon addresses registry.
2025-02-16T01:34:14.763+0900 [DEBUG] [org.gradle.cache.internal.DefaultFileLockManager] Waiting to acquire shared lock on daemon addresses registry.
2025-02-16T01:34:14.763+0900 [DEBUG] [org.gradle.cache.internal.DefaultFileLockManager] Lock acquired on daemon addresses registry.
2025-02-16T01:34:14.764+0900 [DEBUG] [org.gradle.cache.internal.DefaultFileLockManager] Releasing lock on daemon addresses registry.
2025-02-16T01:34:14.764+0900 [DEBUG] [org.gradle.cache.internal.DefaultFileLockManager] Waiting to acquire shared lock on daemon addresses registry.
2025-02-16T01:34:14.765+0900 [DEBUG] [org.gradle.cache.internal.DefaultFileLockManager] Lock acquired on daemon addresses registry.
2025-02-16T01:34:14.765+0900 [DEBUG] [org.gradle.cache.internal.DefaultFileLockManager] Releasing lock on daemon addresses registry.
2025-02-16T01:34:24.764+0900 [DEBUG] [org.gradle.cache.internal.DefaultFileLockManager] Waiting to acquire shared lock on daemon addresses registry.
2025-02-16T01:34:24.764+0900 [DEBUG] [org.gradle.cache.internal.DefaultFileLockManager] Lock acquired on daemon addresses registry.
2025-02-16T01:34:24.765+0900 [DEBUG] [org.gradle.cache.internal.DefaultFileLockManager] Releasing lock on daemon addresses registry.
2025-02-16T01:34:24.765+0900 [DEBUG] [org.gradle.cache.internal.DefaultFileLockManager] Waiting to acquire shared lock on daemon addresses registry.
2025-02-16T01:34:24.765+0900 [DEBUG] [org.gradle.cache.internal.DefaultFileLockManager] Lock acquired on daemon addresses registry.
2025-02-16T01:34:24.765+0900 [DEBUG] [org.gradle.cache.internal.DefaultFileLockManager] Releasing lock on daemon addresses registry.
2025-02-16T01:34:24.766+0900 [DEBUG] [org.gradle.cache.internal.DefaultFileLockManager] Waiting to acquire shared lock on daemon addresses registry.
2025-02-16T01:34:24.766+0900 [DEBUG] [org.gradle.cache.internal.DefaultFileLockManager] Lock acquired on daemon addresses registry.
2025-02-16T01:34:24.766+0900 [DEBUG] [org.gradle.cache.internal.DefaultFileLockManager] Releasing lock on daemon addresses registry.
2025-02-16T01:34:34.765+0900 [DEBUG] [org.gradle.cache.internal.DefaultFileLockManager] Waiting to acquire shared lock on daemon addresses registry.
2025-02-16T01:34:34.765+0900 [DEBUG] [org.gradle.cache.internal.DefaultFileLockManager] Lock acquired on daemon addresses registry.
2025-02-16T01:34:34.766+0900 [DEBUG] [org.gradle.cache.internal.DefaultFileLockManager] Releasing lock on daemon addresses registry.
2025-02-16T01:34:34.767+0900 [DEBUG] [org.gradle.cache.internal.DefaultFileLockManager] Waiting to acquire shared lock on daemon addresses registry.
2025-02-16T01:34:34.767+0900 [DEBUG] [org.gradle.cache.internal.DefaultFileLockManager] Lock acquired on daemon addresses registry.
2025-02-16T01:34:34.768+0900 [DEBUG] [org.gradle.cache.internal.DefaultFileLockManager] Releasing lock on daemon addresses registry.
2025-02-16T01:34:34.768+0900 [DEBUG] [org.gradle.cache.internal.DefaultFileLockManager] Waiting to acquire shared lock on daemon addresses registry.
2025-02-16T01:34:34.768+0900 [DEBUG] [org.gradle.cache.internal.DefaultFileLockManager] Lock acquired on daemon addresses registry.
2025-02-16T01:34:34.769+0900 [DEBUG] [org.gradle.cache.internal.DefaultFileLockManager] Releasing lock on daemon addresses registry.
2025-02-16T01:34:44.765+0900 [DEBUG] [org.gradle.cache.internal.DefaultFileLockManager] Waiting to acquire shared lock on daemon addresses registry.
2025-02-16T01:34:44.765+0900 [DEBUG] [org.gradle.cache.internal.DefaultFileLockManager] Lock acquired on daemon addresses registry.
2025-02-16T01:34:44.765+0900 [DEBUG] [org.gradle.cache.internal.DefaultFileLockManager] Releasing lock on daemon addresses registry.
2025-02-16T01:34:44.766+0900 [DEBUG] [org.gradle.cache.internal.DefaultFileLockManager] Waiting to acquire shared lock on daemon addresses registry.
2025-02-16T01:34:44.767+0900 [DEBUG] [org.gradle.cache.internal.DefaultFileLockManager] Lock acquired on daemon addresses registry.
2025-02-16T01:34:44.767+0900 [DEBUG] [org.gradle.cache.internal.DefaultFileLockManager] Releasing lock on daemon addresses registry.
2025-02-16T01:34:44.768+0900 [DEBUG] [org.gradle.cache.internal.DefaultFileLockManager] Waiting to acquire shared lock on daemon addresses registry.
2025-02-16T01:34:44.768+0900 [DEBUG] [org.gradle.cache.internal.DefaultFileLockManager] Lock acquired on daemon addresses registry.
2025-02-16T01:34:44.768+0900 [DEBUG] [org.gradle.cache.internal.DefaultFileLockManager] Releasing lock on daemon addresses registry.
2025-02-16T01:34:54.764+0900 [DEBUG] [org.gradle.cache.internal.DefaultFileLockManager] Waiting to acquire shared lock on daemon addresses registry.
2025-02-16T01:34:54.765+0900 [DEBUG] [org.gradle.cache.internal.DefaultFileLockManager] Lock acquired on daemon addresses registry.
2025-02-16T01:34:54.766+0900 [DEBUG] [org.gradle.cache.internal.DefaultFileLockManager] Releasing lock on daemon addresses registry.
2025-02-16T01:34:54.766+0900 [DEBUG] [org.gradle.cache.internal.DefaultFileLockManager] Waiting to acquire shared lock on daemon addresses registry.
2025-02-16T01:34:54.767+0900 [DEBUG] [org.gradle.cache.internal.DefaultFileLockManager] Lock acquired on daemon addresses registry.
2025-02-16T01:34:54.767+0900 [DEBUG] [org.gradle.cache.internal.DefaultFileLockManager] Releasing lock on daemon addresses registry.
2025-02-16T01:34:54.767+0900 [DEBUG] [org.gradle.cache.internal.DefaultFileLockManager] Waiting to acquire shared lock on daemon addresses registry.
2025-02-16T01:34:54.768+0900 [DEBUG] [org.gradle.cache.internal.DefaultFileLockManager] Lock acquired on daemon addresses registry.
2025-02-16T01:34:54.768+0900 [DEBUG] [org.gradle.cache.internal.DefaultFileLockManager] Releasing lock on daemon addresses registry.
2025-02-16T01:35:04.762+0900 [DEBUG] [org.gradle.cache.internal.DefaultFileLockManager] Waiting to acquire shared lock on daemon addresses registry.
2025-02-16T01:35:04.764+0900 [DEBUG] [org.gradle.cache.internal.DefaultFileLockManager] Lock acquired on daemon addresses registry.
2025-02-16T01:35:04.764+0900 [DEBUG] [org.gradle.cache.internal.DefaultFileLockManager] Releasing lock on daemon addresses registry.
2025-02-16T01:35:04.765+0900 [DEBUG] [org.gradle.cache.internal.DefaultFileLockManager] Waiting to acquire shared lock on daemon addresses registry.
2025-02-16T01:35:04.765+0900 [DEBUG] [org.gradle.cache.internal.DefaultFileLockManager] Lock acquired on daemon addresses registry.
2025-02-16T01:35:04.766+0900 [DEBUG] [org.gradle.cache.internal.DefaultFileLockManager] Releasing lock on daemon addresses registry.
2025-02-16T01:35:04.766+0900 [DEBUG] [org.gradle.cache.internal.DefaultFileLockManager] Waiting to acquire shared lock on daemon addresses registry.
2025-02-16T01:35:04.767+0900 [DEBUG] [org.gradle.cache.internal.DefaultFileLockManager] Lock acquired on daemon addresses registry.
2025-02-16T01:35:04.767+0900 [DEBUG] [org.gradle.cache.internal.DefaultFileLockManager] Releasing lock on daemon addresses registry.
2025-02-16T01:35:14.763+0900 [DEBUG] [org.gradle.cache.internal.DefaultFileLockManager] Waiting to acquire shared lock on daemon addresses registry.
2025-02-16T01:35:14.763+0900 [DEBUG] [org.gradle.cache.internal.DefaultFileLockManager] Lock acquired on daemon addresses registry.
2025-02-16T01:35:14.764+0900 [DEBUG] [org.gradle.cache.internal.DefaultFileLockManager] Releasing lock on daemon addresses registry.
2025-02-16T01:35:14.764+0900 [DEBUG] [org.gradle.cache.internal.DefaultFileLockManager] Waiting to acquire shared lock on daemon addresses registry.
2025-02-16T01:35:14.765+0900 [DEBUG] [org.gradle.cache.internal.DefaultFileLockManager] Lock acquired on daemon addresses registry.
2025-02-16T01:35:14.765+0900 [DEBUG] [org.gradle.cache.internal.DefaultFileLockManager] Releasing lock on daemon addresses registry.
2025-02-16T01:35:14.765+0900 [DEBUG] [org.gradle.cache.internal.DefaultFileLockManager] Waiting to acquire shared lock on daemon addresses registry.
2025-02-16T01:35:14.765+0900 [DEBUG] [org.gradle.cache.internal.DefaultFileLockManager] Lock acquired on daemon addresses registry.
2025-02-16T01:35:14.766+0900 [DEBUG] [org.gradle.cache.internal.DefaultFileLockManager] Releasing lock on daemon addresses registry.
2025-02-16T01:35:21.131+0900 [DEBUG] [sun.rmi.transport.tcp] RMI TCP Connection(12)-127.0.0.1: accepted socket from [127.0.0.1:57033]
2025-02-16T01:35:21.135+0900 [DEBUG] [sun.rmi.transport.tcp] RMI TCP Connection(12)-127.0.0.1: (port 56517) op = 80
2025-02-16T01:35:21.136+0900 [DEBUG] [sun.rmi.loader] RMI TCP Connection(12)-127.0.0.1: name = "[Ljava.rmi.server.ObjID;", codebase = "", defaultLoader = jdk.internal.loader.ClassLoaders$PlatformClassLoader@7de7f93
2025-02-16T01:35:21.137+0900 [DEBUG] [sun.rmi.loader] RMI TCP Connection(12)-127.0.0.1: name = "java.rmi.dgc.Lease", codebase = "", defaultLoader = jdk.internal.loader.ClassLoaders$PlatformClassLoader@7de7f93
2025-02-16T01:35:21.139+0900 [DEBUG] [sun.rmi.loader] RMI TCP Connection(12)-127.0.0.1: name = "java.rmi.dgc.VMID", codebase = "", defaultLoader = jdk.internal.loader.ClassLoaders$PlatformClassLoader@7de7f93
2025-02-16T01:35:21.141+0900 [DEBUG] [sun.rmi.loader] RMI TCP Connection(12)-127.0.0.1: name = "[B", codebase = "", defaultLoader = jdk.internal.loader.ClassLoaders$PlatformClassLoader@7de7f93
2025-02-16T01:35:21.141+0900 [DEBUG] [sun.rmi.loader] RMI TCP Connection(12)-127.0.0.1: name = "java.rmi.server.UID", codebase = "", defaultLoader = jdk.internal.loader.ClassLoaders$PlatformClassLoader@7de7f93
2025-02-16T01:35:24.760+0900 [DEBUG] [org.gradle.cache.internal.DefaultFileLockManager] Waiting to acquire shared lock on daemon addresses registry.
2025-02-16T01:35:24.760+0900 [DEBUG] [org.gradle.cache.internal.DefaultFileLockManager] Lock acquired on daemon addresses registry.
2025-02-16T01:35:24.761+0900 [DEBUG] [org.gradle.cache.internal.DefaultFileLockManager] Releasing lock on daemon addresses registry.
2025-02-16T01:35:24.762+0900 [DEBUG] [org.gradle.cache.internal.DefaultFileLockManager] Waiting to acquire shared lock on daemon addresses registry.
2025-02-16T01:35:24.762+0900 [DEBUG] [org.gradle.cache.internal.DefaultFileLockManager] Lock acquired on daemon addresses registry.
2025-02-16T01:35:24.762+0900 [DEBUG] [org.gradle.cache.internal.DefaultFileLockManager] Releasing lock on daemon addresses registry.
2025-02-16T01:35:24.763+0900 [DEBUG] [org.gradle.cache.internal.DefaultFileLockManager] Waiting to acquire shared lock on daemon addresses registry.
2025-02-16T01:35:24.763+0900 [DEBUG] [org.gradle.cache.internal.DefaultFileLockManager] Lock acquired on daemon addresses registry.
2025-02-16T01:35:24.764+0900 [DEBUG] [org.gradle.cache.internal.DefaultFileLockManager] Releasing lock on daemon addresses registry.
2025-02-16T01:35:34.761+0900 [DEBUG] [org.gradle.cache.internal.DefaultFileLockManager] Waiting to acquire shared lock on daemon addresses registry.
2025-02-16T01:35:34.762+0900 [DEBUG] [org.gradle.cache.internal.DefaultFileLockManager] Lock acquired on daemon addresses registry.
2025-02-16T01:35:34.763+0900 [DEBUG] [org.gradle.cache.internal.DefaultFileLockManager] Releasing lock on daemon addresses registry.
2025-02-16T01:35:34.763+0900 [DEBUG] [org.gradle.cache.internal.DefaultFileLockManager] Waiting to acquire shared lock on daemon addresses registry.
2025-02-16T01:35:34.764+0900 [DEBUG] [org.gradle.cache.internal.DefaultFileLockManager] Lock acquired on daemon addresses registry.
2025-02-16T01:35:34.764+0900 [DEBUG] [org.gradle.cache.internal.DefaultFileLockManager] Releasing lock on daemon addresses registry.
2025-02-16T01:35:34.765+0900 [DEBUG] [org.gradle.cache.internal.DefaultFileLockManager] Waiting to acquire shared lock on daemon addresses registry.
2025-02-16T01:35:34.765+0900 [DEBUG] [org.gradle.cache.internal.DefaultFileLockManager] Lock acquired on daemon addresses registry.
2025-02-16T01:35:34.765+0900 [DEBUG] [org.gradle.cache.internal.DefaultFileLockManager] Releasing lock on daemon addresses registry.
2025-02-16T01:35:36.149+0900 [DEBUG] [sun.rmi.transport.tcp] RMI TCP Connection(12)-127.0.0.1: (port 56517) connection closed
2025-02-16T01:35:36.150+0900 [DEBUG] [sun.rmi.transport.tcp] RMI TCP Connection(12)-127.0.0.1: close connection, socket: Socket[addr=/127.0.0.1,port=57033,localport=56517]
2025-02-16T01:35:36.150+0900 [DEBUG] [sun.rmi.transport.tcp] RMI TCP Connection(12)-127.0.0.1: socket close: Socket[addr=/127.0.0.1,port=57033,localport=56517]
2025-02-16T01:35:44.762+0900 [DEBUG] [org.gradle.cache.internal.DefaultFileLockManager] Waiting to acquire shared lock on daemon addresses registry.
2025-02-16T01:35:44.764+0900 [DEBUG] [org.gradle.cache.internal.DefaultFileLockManager] Lock acquired on daemon addresses registry.
2025-02-16T01:35:44.764+0900 [DEBUG] [org.gradle.cache.internal.DefaultFileLockManager] Releasing lock on daemon addresses registry.
2025-02-16T01:35:44.765+0900 [DEBUG] [org.gradle.cache.internal.DefaultFileLockManager] Waiting to acquire shared lock on daemon addresses registry.
2025-02-16T01:35:44.766+0900 [DEBUG] [org.gradle.cache.internal.DefaultFileLockManager] Lock acquired on daemon addresses registry.
2025-02-16T01:35:44.766+0900 [DEBUG] [org.gradle.cache.internal.DefaultFileLockManager] Releasing lock on daemon addresses registry.
2025-02-16T01:35:44.767+0900 [DEBUG] [org.gradle.cache.internal.DefaultFileLockManager] Waiting to acquire shared lock on daemon addresses registry.
2025-02-16T01:35:44.767+0900 [DEBUG] [org.gradle.cache.internal.DefaultFileLockManager] Lock acquired on daemon addresses registry.
2025-02-16T01:35:44.767+0900 [DEBUG] [org.gradle.cache.internal.DefaultFileLockManager] Releasing lock on daemon addresses registry.
2025-02-16T01:35:54.763+0900 [DEBUG] [org.gradle.cache.internal.DefaultFileLockManager] Waiting to acquire shared lock on daemon addresses registry.
2025-02-16T01:35:54.763+0900 [DEBUG] [org.gradle.cache.internal.DefaultFileLockManager] Lock acquired on daemon addresses registry.
2025-02-16T01:35:54.764+0900 [DEBUG] [org.gradle.cache.internal.DefaultFileLockManager] Releasing lock on daemon addresses registry.
2025-02-16T01:35:54.765+0900 [DEBUG] [org.gradle.cache.internal.DefaultFileLockManager] Waiting to acquire shared lock on daemon addresses registry.
2025-02-16T01:35:54.765+0900 [DEBUG] [org.gradle.cache.internal.DefaultFileLockManager] Lock acquired on daemon addresses registry.
2025-02-16T01:35:54.765+0900 [DEBUG] [org.gradle.cache.internal.DefaultFileLockManager] Releasing lock on daemon addresses registry.
2025-02-16T01:35:54.766+0900 [DEBUG] [org.gradle.cache.internal.DefaultFileLockManager] Waiting to acquire shared lock on daemon addresses registry.
2025-02-16T01:35:54.766+0900 [DEBUG] [org.gradle.cache.internal.DefaultFileLockManager] Lock acquired on daemon addresses registry.
2025-02-16T01:35:54.766+0900 [DEBUG] [org.gradle.cache.internal.DefaultFileLockManager] Releasing lock on daemon addresses registry.
2025-02-16T01:36:04.763+0900 [DEBUG] [org.gradle.cache.internal.DefaultFileLockManager] Waiting to acquire shared lock on daemon addresses registry.
2025-02-16T01:36:04.764+0900 [DEBUG] [org.gradle.cache.internal.DefaultFileLockManager] Lock acquired on daemon addresses registry.
2025-02-16T01:36:04.764+0900 [DEBUG] [org.gradle.cache.internal.DefaultFileLockManager] Releasing lock on daemon addresses registry.
2025-02-16T01:36:04.765+0900 [DEBUG] [org.gradle.cache.internal.DefaultFileLockManager] Waiting to acquire shared lock on daemon addresses registry.
2025-02-16T01:36:04.766+0900 [DEBUG] [org.gradle.cache.internal.DefaultFileLockManager] Lock acquired on daemon addresses registry.
2025-02-16T01:36:04.766+0900 [DEBUG] [org.gradle.cache.internal.DefaultFileLockManager] Releasing lock on daemon addresses registry.
2025-02-16T01:36:04.766+0900 [DEBUG] [org.gradle.cache.internal.DefaultFileLockManager] Waiting to acquire shared lock on daemon addresses registry.
2025-02-16T01:36:04.766+0900 [DEBUG] [org.gradle.cache.internal.DefaultFileLockManager] Lock acquired on daemon addresses registry.
2025-02-16T01:36:04.766+0900 [DEBUG] [org.gradle.cache.internal.DefaultFileLockManager] Releasing lock on daemon addresses registry.
2025-02-16T01:36:14.762+0900 [DEBUG] [org.gradle.cache.internal.DefaultFileLockManager] Waiting to acquire shared lock on daemon addresses registry.
2025-02-16T01:36:14.762+0900 [DEBUG] [org.gradle.cache.internal.DefaultFileLockManager] Lock acquired on daemon addresses registry.
2025-02-16T01:36:14.763+0900 [DEBUG] [org.gradle.cache.internal.DefaultFileLockManager] Releasing lock on daemon addresses registry.
2025-02-16T01:36:14.763+0900 [DEBUG] [org.gradle.cache.internal.DefaultFileLockManager] Waiting to acquire shared lock on daemon addresses registry.
2025-02-16T01:36:14.764+0900 [DEBUG] [org.gradle.cache.internal.DefaultFileLockManager] Lock acquired on daemon addresses registry.
2025-02-16T01:36:14.764+0900 [DEBUG] [org.gradle.cache.internal.DefaultFileLockManager] Releasing lock on daemon addresses registry.
2025-02-16T01:36:14.765+0900 [DEBUG] [org.gradle.cache.internal.DefaultFileLockManager] Waiting to acquire shared lock on daemon addresses registry.
2025-02-16T01:36:14.765+0900 [DEBUG] [org.gradle.cache.internal.DefaultFileLockManager] Lock acquired on daemon addresses registry.
2025-02-16T01:36:14.765+0900 [DEBUG] [org.gradle.cache.internal.DefaultFileLockManager] Releasing lock on daemon addresses registry.
2025-02-16T01:36:24.758+0900 [DEBUG] [org.gradle.cache.internal.DefaultFileLockManager] Waiting to acquire shared lock on daemon addresses registry.
2025-02-16T01:36:24.760+0900 [DEBUG] [org.gradle.cache.internal.DefaultFileLockManager] Lock acquired on daemon addresses registry.
2025-02-16T01:36:24.760+0900 [DEBUG] [org.gradle.cache.internal.DefaultFileLockManager] Releasing lock on daemon addresses registry.
2025-02-16T01:36:24.761+0900 [DEBUG] [org.gradle.cache.internal.DefaultFileLockManager] Waiting to acquire shared lock on daemon addresses registry.
2025-02-16T01:36:24.761+0900 [DEBUG] [org.gradle.cache.internal.DefaultFileLockManager] Lock acquired on daemon addresses registry.
2025-02-16T01:36:24.762+0900 [DEBUG] [org.gradle.cache.internal.DefaultFileLockManager] Releasing lock on daemon addresses registry.
2025-02-16T01:36:24.762+0900 [DEBUG] [org.gradle.cache.internal.DefaultFileLockManager] Waiting to acquire shared lock on daemon addresses registry.
2025-02-16T01:36:24.762+0900 [DEBUG] [org.gradle.cache.internal.DefaultFileLockManager] Lock acquired on daemon addresses registry.
2025-02-16T01:36:24.762+0900 [DEBUG] [org.gradle.cache.internal.DefaultFileLockManager] Releasing lock on daemon addresses registry.
2025-02-16T01:36:34.761+0900 [DEBUG] [org.gradle.cache.internal.DefaultFileLockManager] Waiting to acquire shared lock on daemon addresses registry.
2025-02-16T01:36:34.761+0900 [DEBUG] [org.gradle.cache.internal.DefaultFileLockManager] Lock acquired on daemon addresses registry.
2025-02-16T01:36:34.762+0900 [DEBUG] [org.gradle.cache.internal.DefaultFileLockManager] Releasing lock on daemon addresses registry.
2025-02-16T01:36:34.763+0900 [DEBUG] [org.gradle.cache.internal.DefaultFileLockManager] Waiting to acquire shared lock on daemon addresses registry.
2025-02-16T01:36:34.763+0900 [DEBUG] [org.gradle.cache.internal.DefaultFileLockManager] Lock acquired on daemon addresses registry.
2025-02-16T01:36:34.764+0900 [DEBUG] [org.gradle.cache.internal.DefaultFileLockManager] Releasing lock on daemon addresses registry.
2025-02-16T01:36:34.764+0900 [DEBUG] [org.gradle.cache.internal.DefaultFileLockManager] Waiting to acquire shared lock on daemon addresses registry.
2025-02-16T01:36:34.764+0900 [DEBUG] [org.gradle.cache.internal.DefaultFileLockManager] Lock acquired on daemon addresses registry.
2025-02-16T01:36:34.765+0900 [DEBUG] [org.gradle.cache.internal.DefaultFileLockManager] Releasing lock on daemon addresses registry.
2025-02-16T01:36:44.757+0900 [DEBUG] [org.gradle.cache.internal.DefaultFileLockManager] Waiting to acquire shared lock on daemon addresses registry.
2025-02-16T01:36:44.758+0900 [DEBUG] [org.gradle.cache.internal.DefaultFileLockManager] Lock acquired on daemon addresses registry.
2025-02-16T01:36:44.758+0900 [DEBUG] [org.gradle.cache.internal.DefaultFileLockManager] Releasing lock on daemon addresses registry.
2025-02-16T01:36:44.759+0900 [DEBUG] [org.gradle.cache.internal.DefaultFileLockManager] Waiting to acquire shared lock on daemon addresses registry.
2025-02-16T01:36:44.760+0900 [DEBUG] [org.gradle.cache.internal.DefaultFileLockManager] Lock acquired on daemon addresses registry.
2025-02-16T01:36:44.760+0900 [DEBUG] [org.gradle.cache.internal.DefaultFileLockManager] Releasing lock on daemon addresses registry.
2025-02-16T01:36:44.761+0900 [DEBUG] [org.gradle.cache.internal.DefaultFileLockManager] Waiting to acquire shared lock on daemon addresses registry.
2025-02-16T01:36:44.761+0900 [DEBUG] [org.gradle.cache.internal.DefaultFileLockManager] Lock acquired on daemon addresses registry.
2025-02-16T01:36:44.761+0900 [DEBUG] [org.gradle.cache.internal.DefaultFileLockManager] Releasing lock on daemon addresses registry.
2025-02-16T01:36:54.759+0900 [DEBUG] [org.gradle.cache.internal.DefaultFileLockManager] Waiting to acquire shared lock on daemon addresses registry.
2025-02-16T01:36:54.760+0900 [DEBUG] [org.gradle.cache.internal.DefaultFileLockManager] Lock acquired on daemon addresses registry.
2025-02-16T01:36:54.760+0900 [DEBUG] [org.gradle.cache.internal.DefaultFileLockManager] Releasing lock on daemon addresses registry.
2025-02-16T01:36:54.761+0900 [DEBUG] [org.gradle.cache.internal.DefaultFileLockManager] Waiting to acquire shared lock on daemon addresses registry.
2025-02-16T01:36:54.761+0900 [DEBUG] [org.gradle.cache.internal.DefaultFileLockManager] Lock acquired on daemon addresses registry.
2025-02-16T01:36:54.762+0900 [DEBUG] [org.gradle.cache.internal.DefaultFileLockManager] Releasing lock on daemon addresses registry.
2025-02-16T01:36:54.763+0900 [DEBUG] [org.gradle.cache.internal.DefaultFileLockManager] Waiting to acquire shared lock on daemon addresses registry.
2025-02-16T01:36:54.763+0900 [DEBUG] [org.gradle.cache.internal.DefaultFileLockManager] Lock acquired on daemon addresses registry.
2025-02-16T01:36:54.764+0900 [DEBUG] [org.gradle.cache.internal.DefaultFileLockManager] Releasing lock on daemon addresses registry.
2025-02-16T01:37:04.674+0900 [DEBUG] [sun.rmi.transport.tcp] RMI TCP Connection(13)-127.0.0.1: accepted socket from [127.0.0.1:57074]
2025-02-16T01:37:04.679+0900 [DEBUG] [sun.rmi.transport.tcp] RMI TCP Connection(13)-127.0.0.1: (port 56517) op = 80
2025-02-16T01:37:04.682+0900 [DEBUG] [sun.rmi.loader] RMI TCP Connection(13)-127.0.0.1: name = "[Ljava.rmi.server.ObjID;", codebase = "", defaultLoader = jdk.internal.loader.ClassLoaders$PlatformClassLoader@7de7f93
2025-02-16T01:37:04.685+0900 [DEBUG] [sun.rmi.loader] RMI TCP Connection(13)-127.0.0.1: name = "java.rmi.dgc.Lease", codebase = "", defaultLoader = jdk.internal.loader.ClassLoaders$PlatformClassLoader@7de7f93
2025-02-16T01:37:04.685+0900 [DEBUG] [sun.rmi.loader] RMI TCP Connection(13)-127.0.0.1: name = "java.rmi.dgc.VMID", codebase = "", defaultLoader = jdk.internal.loader.ClassLoaders$PlatformClassLoader@7de7f93
2025-02-16T01:37:04.685+0900 [DEBUG] [sun.rmi.loader] RMI TCP Connection(13)-127.0.0.1: name = "[B", codebase = "", defaultLoader = jdk.internal.loader.ClassLoaders$PlatformClassLoader@7de7f93
2025-02-16T01:37:04.686+0900 [DEBUG] [sun.rmi.loader] RMI TCP Connection(13)-127.0.0.1: name = "java.rmi.server.UID", codebase = "", defaultLoader = jdk.internal.loader.ClassLoaders$PlatformClassLoader@7de7f93
2025-02-16T01:37:04.759+0900 [DEBUG] [org.gradle.cache.internal.DefaultFileLockManager] Waiting to acquire shared lock on daemon addresses registry.
2025-02-16T01:37:04.760+0900 [DEBUG] [org.gradle.cache.internal.DefaultFileLockManager] Lock acquired on daemon addresses registry.
2025-02-16T01:37:04.761+0900 [DEBUG] [org.gradle.cache.internal.DefaultFileLockManager] Releasing lock on daemon addresses registry.
2025-02-16T01:37:04.762+0900 [DEBUG] [org.gradle.cache.internal.DefaultFileLockManager] Waiting to acquire shared lock on daemon addresses registry.
2025-02-16T01:37:04.762+0900 [DEBUG] [org.gradle.cache.internal.DefaultFileLockManager] Lock acquired on daemon addresses registry.
2025-02-16T01:37:04.762+0900 [DEBUG] [org.gradle.cache.internal.DefaultFileLockManager] Releasing lock on daemon addresses registry.
2025-02-16T01:37:04.762+0900 [DEBUG] [org.gradle.cache.internal.DefaultFileLockManager] Waiting to acquire shared lock on daemon addresses registry.
2025-02-16T01:37:04.762+0900 [DEBUG] [org.gradle.cache.internal.DefaultFileLockManager] Lock acquired on daemon addresses registry.
2025-02-16T01:37:04.763+0900 [DEBUG] [org.gradle.cache.internal.DefaultFileLockManager] Releasing lock on daemon addresses registry.
2025-02-16T01:37:14.760+0900 [DEBUG] [org.gradle.cache.internal.DefaultFileLockManager] Waiting to acquire shared lock on daemon addresses registry.
2025-02-16T01:37:14.760+0900 [DEBUG] [org.gradle.cache.internal.DefaultFileLockManager] Lock acquired on daemon addresses registry.
2025-02-16T01:37:14.761+0900 [DEBUG] [org.gradle.cache.internal.DefaultFileLockManager] Releasing lock on daemon addresses registry.
2025-02-16T01:37:14.761+0900 [DEBUG] [org.gradle.cache.internal.DefaultFileLockManager] Waiting to acquire shared lock on daemon addresses registry.
2025-02-16T01:37:14.762+0900 [DEBUG] [org.gradle.cache.internal.DefaultFileLockManager] Lock acquired on daemon addresses registry.
2025-02-16T01:37:14.762+0900 [DEBUG] [org.gradle.cache.internal.DefaultFileLockManager] Releasing lock on daemon addresses registry.
2025-02-16T01:37:14.763+0900 [DEBUG] [org.gradle.cache.internal.DefaultFileLockManager] Waiting to acquire shared lock on daemon addresses registry.
2025-02-16T01:37:14.763+0900 [DEBUG] [org.gradle.cache.internal.DefaultFileLockManager] Lock acquired on daemon addresses registry.
2025-02-16T01:37:14.763+0900 [DEBUG] [org.gradle.cache.internal.DefaultFileLockManager] Releasing lock on daemon addresses registry.
2025-02-16T01:37:19.689+0900 [DEBUG] [sun.rmi.transport.tcp] RMI TCP Connection(13)-127.0.0.1: (port 56517) connection closed
2025-02-16T01:37:19.691+0900 [DEBUG] [sun.rmi.transport.tcp] RMI TCP Connection(13)-127.0.0.1: close connection, socket: Socket[addr=/127.0.0.1,port=57074,localport=56517]
2025-02-16T01:37:19.692+0900 [DEBUG] [sun.rmi.transport.tcp] RMI TCP Connection(13)-127.0.0.1: socket close: Socket[addr=/127.0.0.1,port=57074,localport=56517]
2025-02-16T01:37:24.760+0900 [DEBUG] [org.gradle.cache.internal.DefaultFileLockManager] Waiting to acquire shared lock on daemon addresses registry.
2025-02-16T01:37:24.761+0900 [DEBUG] [org.gradle.cache.internal.DefaultFileLockManager] Lock acquired on daemon addresses registry.
2025-02-16T01:37:24.761+0900 [DEBUG] [org.gradle.cache.internal.DefaultFileLockManager] Releasing lock on daemon addresses registry.
2025-02-16T01:37:24.761+0900 [DEBUG] [org.gradle.cache.internal.DefaultFileLockManager] Waiting to acquire shared lock on daemon addresses registry.
2025-02-16T01:37:24.761+0900 [DEBUG] [org.gradle.cache.internal.DefaultFileLockManager] Lock acquired on daemon addresses registry.
2025-02-16T01:37:24.762+0900 [DEBUG] [org.gradle.cache.internal.DefaultFileLockManager] Releasing lock on daemon addresses registry.
2025-02-16T01:37:24.762+0900 [DEBUG] [org.gradle.cache.internal.DefaultFileLockManager] Waiting to acquire shared lock on daemon addresses registry.
2025-02-16T01:37:24.762+0900 [DEBUG] [org.gradle.cache.internal.DefaultFileLockManager] Lock acquired on daemon addresses registry.
2025-02-16T01:37:24.762+0900 [DEBUG] [org.gradle.cache.internal.DefaultFileLockManager] Releasing lock on daemon addresses registry.
2025-02-16T01:37:34.759+0900 [DEBUG] [org.gradle.cache.internal.DefaultFileLockManager] Waiting to acquire shared lock on daemon addresses registry.
2025-02-16T01:37:34.759+0900 [DEBUG] [org.gradle.cache.internal.DefaultFileLockManager] Lock acquired on daemon addresses registry.
2025-02-16T01:37:34.759+0900 [DEBUG] [org.gradle.cache.internal.DefaultFileLockManager] Releasing lock on daemon addresses registry.
2025-02-16T01:37:34.760+0900 [DEBUG] [org.gradle.cache.internal.DefaultFileLockManager] Waiting to acquire shared lock on daemon addresses registry.
2025-02-16T01:37:34.760+0900 [DEBUG] [org.gradle.cache.internal.DefaultFileLockManager] Lock acquired on daemon addresses registry.
2025-02-16T01:37:34.760+0900 [DEBUG] [org.gradle.cache.internal.DefaultFileLockManager] Releasing lock on daemon addresses registry.
2025-02-16T01:37:34.760+0900 [DEBUG] [org.gradle.cache.internal.DefaultFileLockManager] Waiting to acquire shared lock on daemon addresses registry.
2025-02-16T01:37:34.760+0900 [DEBUG] [org.gradle.cache.internal.DefaultFileLockManager] Lock acquired on daemon addresses registry.
2025-02-16T01:37:34.760+0900 [DEBUG] [org.gradle.cache.internal.DefaultFileLockManager] Releasing lock on daemon addresses registry.
2025-02-16T01:37:44.755+0900 [DEBUG] [org.gradle.cache.internal.DefaultFileLockManager] Waiting to acquire shared lock on daemon addresses registry.
2025-02-16T01:37:44.756+0900 [DEBUG] [org.gradle.cache.internal.DefaultFileLockManager] Lock acquired on daemon addresses registry.
2025-02-16T01:37:44.757+0900 [DEBUG] [org.gradle.cache.internal.DefaultFileLockManager] Releasing lock on daemon addresses registry.
2025-02-16T01:37:44.757+0900 [DEBUG] [org.gradle.cache.internal.DefaultFileLockManager] Waiting to acquire shared lock on daemon addresses registry.
2025-02-16T01:37:44.758+0900 [DEBUG] [org.gradle.cache.internal.DefaultFileLockManager] Lock acquired on daemon addresses registry.
2025-02-16T01:37:44.758+0900 [DEBUG] [org.gradle.cache.internal.DefaultFileLockManager] Releasing lock on daemon addresses registry.
2025-02-16T01:37:44.759+0900 [DEBUG] [org.gradle.cache.internal.DefaultFileLockManager] Waiting to acquire shared lock on daemon addresses registry.
2025-02-16T01:37:44.759+0900 [DEBUG] [org.gradle.cache.internal.DefaultFileLockManager] Lock acquired on daemon addresses registry.
2025-02-16T01:37:44.759+0900 [DEBUG] [org.gradle.cache.internal.DefaultFileLockManager] Releasing lock on daemon addresses registry.
2025-02-16T01:37:54.754+0900 [DEBUG] [org.gradle.cache.internal.DefaultFileLockManager] Waiting to acquire shared lock on daemon addresses registry.
2025-02-16T01:37:54.755+0900 [DEBUG] [org.gradle.cache.internal.DefaultFileLockManager] Lock acquired on daemon addresses registry.
2025-02-16T01:37:54.755+0900 [DEBUG] [org.gradle.cache.internal.DefaultFileLockManager] Releasing lock on daemon addresses registry.
2025-02-16T01:37:54.756+0900 [DEBUG] [org.gradle.cache.internal.DefaultFileLockManager] Waiting to acquire shared lock on daemon addresses registry.
2025-02-16T01:37:54.756+0900 [DEBUG] [org.gradle.cache.internal.DefaultFileLockManager] Lock acquired on daemon addresses registry.
2025-02-16T01:37:54.756+0900 [DEBUG] [org.gradle.cache.internal.DefaultFileLockManager] Releasing lock on daemon addresses registry.
2025-02-16T01:37:54.756+0900 [DEBUG] [org.gradle.cache.internal.DefaultFileLockManager] Waiting to acquire shared lock on daemon addresses registry.
2025-02-16T01:37:54.756+0900 [DEBUG] [org.gradle.cache.internal.DefaultFileLockManager] Lock acquired on daemon addresses registry.
2025-02-16T01:37:54.757+0900 [DEBUG] [org.gradle.cache.internal.DefaultFileLockManager] Releasing lock on daemon addresses registry.
2025-02-16T01:38:04.756+0900 [DEBUG] [org.gradle.cache.internal.DefaultFileLockManager] Waiting to acquire shared lock on daemon addresses registry.
2025-02-16T01:38:04.758+0900 [DEBUG] [org.gradle.cache.internal.DefaultFileLockManager] Lock acquired on daemon addresses registry.
2025-02-16T01:38:04.759+0900 [DEBUG] [org.gradle.cache.internal.DefaultFileLockManager] Releasing lock on daemon addresses registry.
2025-02-16T01:38:04.761+0900 [DEBUG] [org.gradle.cache.internal.DefaultFileLockManager] Waiting to acquire shared lock on daemon addresses registry.
2025-02-16T01:38:04.761+0900 [DEBUG] [org.gradle.cache.internal.DefaultFileLockManager] Lock acquired on daemon addresses registry.
2025-02-16T01:38:04.762+0900 [DEBUG] [org.gradle.cache.internal.DefaultFileLockManager] Releasing lock on daemon addresses registry.
2025-02-16T01:38:04.762+0900 [DEBUG] [org.gradle.cache.internal.DefaultFileLockManager] Waiting to acquire shared lock on daemon addresses registry.
2025-02-16T01:38:04.763+0900 [DEBUG] [org.gradle.cache.internal.DefaultFileLockManager] Lock acquired on daemon addresses registry.
2025-02-16T01:38:04.763+0900 [DEBUG] [org.gradle.cache.internal.DefaultFileLockManager] Releasing lock on daemon addresses registry.
2025-02-16T01:38:14.757+0900 [DEBUG] [org.gradle.cache.internal.DefaultFileLockManager] Waiting to acquire shared lock on daemon addresses registry.
2025-02-16T01:38:14.758+0900 [DEBUG] [org.gradle.cache.internal.DefaultFileLockManager] Lock acquired on daemon addresses registry.
2025-02-16T01:38:14.759+0900 [DEBUG] [org.gradle.cache.internal.DefaultFileLockManager] Releasing lock on daemon addresses registry.
2025-02-16T01:38:14.760+0900 [DEBUG] [org.gradle.cache.internal.DefaultFileLockManager] Waiting to acquire shared lock on daemon addresses registry.
2025-02-16T01:38:14.760+0900 [DEBUG] [org.gradle.cache.internal.DefaultFileLockManager] Lock acquired on daemon addresses registry.
2025-02-16T01:38:14.760+0900 [DEBUG] [org.gradle.cache.internal.DefaultFileLockManager] Releasing lock on daemon addresses registry.
2025-02-16T01:38:14.761+0900 [DEBUG] [org.gradle.cache.internal.DefaultFileLockManager] Waiting to acquire shared lock on daemon addresses registry.
2025-02-16T01:38:14.761+0900 [DEBUG] [org.gradle.cache.internal.DefaultFileLockManager] Lock acquired on daemon addresses registry.
2025-02-16T01:38:14.761+0900 [DEBUG] [org.gradle.cache.internal.DefaultFileLockManager] Releasing lock on daemon addresses registry.
2025-02-16T01:38:24.753+0900 [DEBUG] [org.gradle.cache.internal.DefaultFileLockManager] Waiting to acquire shared lock on daemon addresses registry.
2025-02-16T01:38:24.754+0900 [DEBUG] [org.gradle.cache.internal.DefaultFileLockManager] Lock acquired on daemon addresses registry.
2025-02-16T01:38:24.754+0900 [DEBUG] [org.gradle.cache.internal.DefaultFileLockManager] Releasing lock on daemon addresses registry.
2025-02-16T01:38:24.756+0900 [DEBUG] [org.gradle.cache.internal.DefaultFileLockManager] Waiting to acquire shared lock on daemon addresses registry.
2025-02-16T01:38:24.756+0900 [DEBUG] [org.gradle.cache.internal.DefaultFileLockManager] Lock acquired on daemon addresses registry.
2025-02-16T01:38:24.757+0900 [DEBUG] [org.gradle.cache.internal.DefaultFileLockManager] Releasing lock on daemon addresses registry.
2025-02-16T01:38:24.757+0900 [DEBUG] [org.gradle.cache.internal.DefaultFileLockManager] Waiting to acquire shared lock on daemon addresses registry.
2025-02-16T01:38:24.758+0900 [DEBUG] [org.gradle.cache.internal.DefaultFileLockManager] Lock acquired on daemon addresses registry.
2025-02-16T01:38:24.759+0900 [DEBUG] [org.gradle.cache.internal.DefaultFileLockManager] Releasing lock on daemon addresses registry.
2025-02-16T01:38:34.756+0900 [DEBUG] [org.gradle.cache.internal.DefaultFileLockManager] Waiting to acquire shared lock on daemon addresses registry.
2025-02-16T01:38:34.757+0900 [DEBUG] [org.gradle.cache.internal.DefaultFileLockManager] Lock acquired on daemon addresses registry.
2025-02-16T01:38:34.757+0900 [DEBUG] [org.gradle.cache.internal.DefaultFileLockManager] Releasing lock on daemon addresses registry.
2025-02-16T01:38:34.758+0900 [DEBUG] [org.gradle.cache.internal.DefaultFileLockManager] Waiting to acquire shared lock on daemon addresses registry.
2025-02-16T01:38:34.758+0900 [DEBUG] [org.gradle.cache.internal.DefaultFileLockManager] Lock acquired on daemon addresses registry.
2025-02-16T01:38:34.759+0900 [DEBUG] [org.gradle.cache.internal.DefaultFileLockManager] Releasing lock on daemon addresses registry.
2025-02-16T01:38:34.759+0900 [DEBUG] [org.gradle.cache.internal.DefaultFileLockManager] Waiting to acquire shared lock on daemon addresses registry.
2025-02-16T01:38:34.759+0900 [DEBUG] [org.gradle.cache.internal.DefaultFileLockManager] Lock acquired on daemon addresses registry.
2025-02-16T01:38:34.760+0900 [DEBUG] [org.gradle.cache.internal.DefaultFileLockManager] Releasing lock on daemon addresses registry.
2025-02-16T01:38:44.754+0900 [DEBUG] [org.gradle.cache.internal.DefaultFileLockManager] Waiting to acquire shared lock on daemon addresses registry.
2025-02-16T01:38:44.755+0900 [DEBUG] [org.gradle.cache.internal.DefaultFileLockManager] Lock acquired on daemon addresses registry.
2025-02-16T01:38:44.755+0900 [DEBUG] [org.gradle.cache.internal.DefaultFileLockManager] Releasing lock on daemon addresses registry.
2025-02-16T01:38:44.755+0900 [DEBUG] [org.gradle.cache.internal.DefaultFileLockManager] Waiting to acquire shared lock on daemon addresses registry.
2025-02-16T01:38:44.755+0900 [DEBUG] [org.gradle.cache.internal.DefaultFileLockManager] Lock acquired on daemon addresses registry.
2025-02-16T01:38:44.755+0900 [DEBUG] [org.gradle.cache.internal.DefaultFileLockManager] Releasing lock on daemon addresses registry.
2025-02-16T01:38:44.756+0900 [DEBUG] [org.gradle.cache.internal.DefaultFileLockManager] Waiting to acquire shared lock on daemon addresses registry.
2025-02-16T01:38:44.756+0900 [DEBUG] [org.gradle.cache.internal.DefaultFileLockManager] Lock acquired on daemon addresses registry.
2025-02-16T01:38:44.756+0900 [DEBUG] [org.gradle.cache.internal.DefaultFileLockManager] Releasing lock on daemon addresses registry.
2025-02-16T01:38:54.756+0900 [DEBUG] [org.gradle.cache.internal.DefaultFileLockManager] Waiting to acquire shared lock on daemon addresses registry.
2025-02-16T01:38:54.756+0900 [DEBUG] [org.gradle.cache.internal.DefaultFileLockManager] Lock acquired on daemon addresses registry.
2025-02-16T01:38:54.757+0900 [DEBUG] [org.gradle.cache.internal.DefaultFileLockManager] Releasing lock on daemon addresses registry.
2025-02-16T01:38:54.758+0900 [DEBUG] [org.gradle.cache.internal.DefaultFileLockManager] Waiting to acquire shared lock on daemon addresses registry.
2025-02-16T01:38:54.758+0900 [DEBUG] [org.gradle.cache.internal.DefaultFileLockManager] Lock acquired on daemon addresses registry.
2025-02-16T01:38:54.758+0900 [DEBUG] [org.gradle.cache.internal.DefaultFileLockManager] Releasing lock on daemon addresses registry.
2025-02-16T01:38:54.758+0900 [DEBUG] [org.gradle.cache.internal.DefaultFileLockManager] Waiting to acquire shared lock on daemon addresses registry.
2025-02-16T01:38:54.758+0900 [DEBUG] [org.gradle.cache.internal.DefaultFileLockManager] Lock acquired on daemon addresses registry.
2025-02-16T01:38:54.759+0900 [DEBUG] [org.gradle.cache.internal.DefaultFileLockManager] Releasing lock on daemon addresses registry.
2025-02-16T01:39:04.755+0900 [DEBUG] [org.gradle.cache.internal.DefaultFileLockManager] Waiting to acquire shared lock on daemon addresses registry.
2025-02-16T01:39:04.756+0900 [DEBUG] [org.gradle.cache.internal.DefaultFileLockManager] Lock acquired on daemon addresses registry.
2025-02-16T01:39:04.756+0900 [DEBUG] [org.gradle.cache.internal.DefaultFileLockManager] Releasing lock on daemon addresses registry.
2025-02-16T01:39:04.757+0900 [DEBUG] [org.gradle.cache.internal.DefaultFileLockManager] Waiting to acquire shared lock on daemon addresses registry.
2025-02-16T01:39:04.758+0900 [DEBUG] [org.gradle.cache.internal.DefaultFileLockManager] Lock acquired on daemon addresses registry.
2025-02-16T01:39:04.758+0900 [DEBUG] [org.gradle.cache.internal.DefaultFileLockManager] Releasing lock on daemon addresses registry.
2025-02-16T01:39:04.758+0900 [DEBUG] [org.gradle.cache.internal.DefaultFileLockManager] Waiting to acquire shared lock on daemon addresses registry.
2025-02-16T01:39:04.759+0900 [DEBUG] [org.gradle.cache.internal.DefaultFileLockManager] Lock acquired on daemon addresses registry.
2025-02-16T01:39:04.759+0900 [DEBUG] [org.gradle.cache.internal.DefaultFileLockManager] Releasing lock on daemon addresses registry.
2025-02-16T01:39:14.755+0900 [DEBUG] [org.gradle.cache.internal.DefaultFileLockManager] Waiting to acquire shared lock on daemon addresses registry.
2025-02-16T01:39:14.756+0900 [DEBUG] [org.gradle.cache.internal.DefaultFileLockManager] Lock acquired on daemon addresses registry.
2025-02-16T01:39:14.757+0900 [DEBUG] [org.gradle.cache.internal.DefaultFileLockManager] Releasing lock on daemon addresses registry.
2025-02-16T01:39:14.757+0900 [DEBUG] [org.gradle.cache.internal.DefaultFileLockManager] Waiting to acquire shared lock on daemon addresses registry.
2025-02-16T01:39:14.757+0900 [DEBUG] [org.gradle.cache.internal.DefaultFileLockManager] Lock acquired on daemon addresses registry.
2025-02-16T01:39:14.757+0900 [DEBUG] [org.gradle.cache.internal.DefaultFileLockManager] Releasing lock on daemon addresses registry.
2025-02-16T01:39:14.758+0900 [DEBUG] [org.gradle.cache.internal.DefaultFileLockManager] Waiting to acquire shared lock on daemon addresses registry.
2025-02-16T01:39:14.758+0900 [DEBUG] [org.gradle.cache.internal.DefaultFileLockManager] Lock acquired on daemon addresses registry.
2025-02-16T01:39:14.758+0900 [DEBUG] [org.gradle.cache.internal.DefaultFileLockManager] Releasing lock on daemon addresses registry.
2025-02-16T01:39:24.758+0900 [DEBUG] [org.gradle.cache.internal.DefaultFileLockManager] Waiting to acquire shared lock on daemon addresses registry.
2025-02-16T01:39:24.758+0900 [DEBUG] [org.gradle.cache.internal.DefaultFileLockManager] Lock acquired on daemon addresses registry.
2025-02-16T01:39:24.759+0900 [DEBUG] [org.gradle.cache.internal.DefaultFileLockManager] Releasing lock on daemon addresses registry.
2025-02-16T01:39:24.759+0900 [DEBUG] [org.gradle.cache.internal.DefaultFileLockManager] Waiting to acquire shared lock on daemon addresses registry.
2025-02-16T01:39:24.759+0900 [DEBUG] [org.gradle.cache.internal.DefaultFileLockManager] Lock acquired on daemon addresses registry.
2025-02-16T01:39:24.759+0900 [DEBUG] [org.gradle.cache.internal.DefaultFileLockManager] Releasing lock on daemon addresses registry.
2025-02-16T01:39:24.760+0900 [DEBUG] [org.gradle.cache.internal.DefaultFileLockManager] Waiting to acquire shared lock on daemon addresses registry.
2025-02-16T01:39:24.760+0900 [DEBUG] [org.gradle.cache.internal.DefaultFileLockManager] Lock acquired on daemon addresses registry.
2025-02-16T01:39:24.760+0900 [DEBUG] [org.gradle.cache.internal.DefaultFileLockManager] Releasing lock on daemon addresses registry.
2025-02-16T01:39:34.757+0900 [DEBUG] [org.gradle.cache.internal.DefaultFileLockManager] Waiting to acquire shared lock on daemon addresses registry.
2025-02-16T01:39:34.758+0900 [DEBUG] [org.gradle.cache.internal.DefaultFileLockManager] Lock acquired on daemon addresses registry.
2025-02-16T01:39:34.759+0900 [DEBUG] [org.gradle.cache.internal.DefaultFileLockManager] Releasing lock on daemon addresses registry.
2025-02-16T01:39:34.760+0900 [DEBUG] [org.gradle.cache.internal.DefaultFileLockManager] Waiting to acquire shared lock on daemon addresses registry.
2025-02-16T01:39:34.775+0900 [DEBUG] [org.gradle.cache.internal.DefaultFileLockManager] Lock acquired on daemon addresses registry.
2025-02-16T01:39:34.781+0900 [DEBUG] [org.gradle.cache.internal.DefaultFileLockManager] Releasing lock on daemon addresses registry.
2025-02-16T01:39:34.782+0900 [DEBUG] [org.gradle.cache.internal.DefaultFileLockManager] Waiting to acquire shared lock on daemon addresses registry.
2025-02-16T01:39:34.783+0900 [DEBUG] [org.gradle.cache.internal.DefaultFileLockManager] Lock acquired on daemon addresses registry.
2025-02-16T01:39:34.784+0900 [DEBUG] [org.gradle.cache.internal.DefaultFileLockManager] Releasing lock on daemon addresses registry.
2025-02-16T01:39:44.750+0900 [DEBUG] [org.gradle.cache.internal.DefaultFileLockManager] Waiting to acquire shared lock on daemon addresses registry.
2025-02-16T01:39:44.751+0900 [DEBUG] [org.gradle.cache.internal.DefaultFileLockManager] Lock acquired on daemon addresses registry.
2025-02-16T01:39:44.751+0900 [DEBUG] [org.gradle.cache.internal.DefaultFileLockManager] Releasing lock on daemon addresses registry.
2025-02-16T01:39:44.752+0900 [DEBUG] [org.gradle.cache.internal.DefaultFileLockManager] Waiting to acquire shared lock on daemon addresses registry.
2025-02-16T01:39:44.752+0900 [DEBUG] [org.gradle.cache.internal.DefaultFileLockManager] Lock acquired on daemon addresses registry.
2025-02-16T01:39:44.752+0900 [DEBUG] [org.gradle.cache.internal.DefaultFileLockManager] Releasing lock on daemon addresses registry.
2025-02-16T01:39:44.752+0900 [DEBUG] [org.gradle.cache.internal.DefaultFileLockManager] Waiting to acquire shared lock on daemon addresses registry.
2025-02-16T01:39:44.752+0900 [DEBUG] [org.gradle.cache.internal.DefaultFileLockManager] Lock acquired on daemon addresses registry.
2025-02-16T01:39:44.752+0900 [DEBUG] [org.gradle.cache.internal.DefaultFileLockManager] Releasing lock on daemon addresses registry.
2025-02-16T01:39:54.754+0900 [DEBUG] [org.gradle.cache.internal.DefaultFileLockManager] Waiting to acquire shared lock on daemon addresses registry.
2025-02-16T01:39:54.755+0900 [DEBUG] [org.gradle.cache.internal.DefaultFileLockManager] Lock acquired on daemon addresses registry.
2025-02-16T01:39:54.756+0900 [DEBUG] [org.gradle.cache.internal.DefaultFileLockManager] Releasing lock on daemon addresses registry.
2025-02-16T01:39:54.757+0900 [DEBUG] [org.gradle.cache.internal.DefaultFileLockManager] Waiting to acquire shared lock on daemon addresses registry.
2025-02-16T01:39:54.757+0900 [DEBUG] [org.gradle.cache.internal.DefaultFileLockManager] Lock acquired on daemon addresses registry.
2025-02-16T01:39:54.757+0900 [DEBUG] [org.gradle.cache.internal.DefaultFileLockManager] Releasing lock on daemon addresses registry.
2025-02-16T01:39:54.757+0900 [DEBUG] [org.gradle.cache.internal.DefaultFileLockManager] Waiting to acquire shared lock on daemon addresses registry.
2025-02-16T01:39:54.758+0900 [DEBUG] [org.gradle.cache.internal.DefaultFileLockManager] Lock acquired on daemon addresses registry.
2025-02-16T01:39:54.758+0900 [DEBUG] [org.gradle.cache.internal.DefaultFileLockManager] Releasing lock on daemon addresses registry.
2025-02-16T01:40:04.752+0900 [DEBUG] [org.gradle.cache.internal.DefaultFileLockManager] Waiting to acquire shared lock on daemon addresses registry.
2025-02-16T01:40:04.754+0900 [DEBUG] [org.gradle.cache.internal.DefaultFileLockManager] Lock acquired on daemon addresses registry.
2025-02-16T01:40:04.755+0900 [DEBUG] [org.gradle.cache.internal.DefaultFileLockManager] Releasing lock on daemon addresses registry.
2025-02-16T01:40:04.755+0900 [DEBUG] [org.gradle.cache.internal.DefaultFileLockManager] Waiting to acquire shared lock on daemon addresses registry.
2025-02-16T01:40:04.755+0900 [DEBUG] [org.gradle.cache.internal.DefaultFileLockManager] Lock acquired on daemon addresses registry.
2025-02-16T01:40:04.755+0900 [DEBUG] [org.gradle.cache.internal.DefaultFileLockManager] Releasing lock on daemon addresses registry.
2025-02-16T01:40:04.755+0900 [DEBUG] [org.gradle.cache.internal.DefaultFileLockManager] Waiting to acquire shared lock on daemon addresses registry.
2025-02-16T01:40:04.756+0900 [DEBUG] [org.gradle.cache.internal.DefaultFileLockManager] Lock acquired on daemon addresses registry.
2025-02-16T01:40:04.756+0900 [DEBUG] [org.gradle.cache.internal.DefaultFileLockManager] Releasing lock on daemon addresses registry.
2025-02-16T01:40:14.751+0900 [DEBUG] [org.gradle.cache.internal.DefaultFileLockManager] Waiting to acquire shared lock on daemon addresses registry.
2025-02-16T01:40:14.751+0900 [DEBUG] [org.gradle.cache.internal.DefaultFileLockManager] Lock acquired on daemon addresses registry.
2025-02-16T01:40:14.752+0900 [DEBUG] [org.gradle.cache.internal.DefaultFileLockManager] Releasing lock on daemon addresses registry.
2025-02-16T01:40:14.752+0900 [DEBUG] [org.gradle.cache.internal.DefaultFileLockManager] Waiting to acquire shared lock on daemon addresses registry.
2025-02-16T01:40:14.752+0900 [DEBUG] [org.gradle.cache.internal.DefaultFileLockManager] Lock acquired on daemon addresses registry.
2025-02-16T01:40:14.753+0900 [DEBUG] [org.gradle.cache.internal.DefaultFileLockManager] Releasing lock on daemon addresses registry.
2025-02-16T01:40:14.753+0900 [DEBUG] [org.gradle.cache.internal.DefaultFileLockManager] Waiting to acquire shared lock on daemon addresses registry.
2025-02-16T01:40:14.753+0900 [DEBUG] [org.gradle.cache.internal.DefaultFileLockManager] Lock acquired on daemon addresses registry.
2025-02-16T01:40:14.754+0900 [DEBUG] [org.gradle.cache.internal.DefaultFileLockManager] Releasing lock on daemon addresses registry.
2025-02-16T01:40:21.132+0900 [DEBUG] [sun.rmi.transport.tcp] RMI TCP Connection(14)-127.0.0.1: accepted socket from [127.0.0.1:57192]
2025-02-16T01:40:21.133+0900 [DEBUG] [sun.rmi.transport.tcp] RMI TCP Connection(14)-127.0.0.1: (port 56517) op = 80
2025-02-16T01:40:21.134+0900 [DEBUG] [sun.rmi.loader] RMI TCP Connection(14)-127.0.0.1: name = "[Ljava.rmi.server.ObjID;", codebase = "", defaultLoader = jdk.internal.loader.ClassLoaders$PlatformClassLoader@7de7f93
2025-02-16T01:40:21.134+0900 [DEBUG] [sun.rmi.loader] RMI TCP Connection(14)-127.0.0.1: name = "java.rmi.dgc.Lease", codebase = "", defaultLoader = jdk.internal.loader.ClassLoaders$PlatformClassLoader@7de7f93
2025-02-16T01:40:21.135+0900 [DEBUG] [sun.rmi.loader] RMI TCP Connection(14)-127.0.0.1: name = "java.rmi.dgc.VMID", codebase = "", defaultLoader = jdk.internal.loader.ClassLoaders$PlatformClassLoader@7de7f93
2025-02-16T01:40:21.135+0900 [DEBUG] [sun.rmi.loader] RMI TCP Connection(14)-127.0.0.1: name = "[B", codebase = "", defaultLoader = jdk.internal.loader.ClassLoaders$PlatformClassLoader@7de7f93
2025-02-16T01:40:21.135+0900 [DEBUG] [sun.rmi.loader] RMI TCP Connection(14)-127.0.0.1: name = "java.rmi.server.UID", codebase = "", defaultLoader = jdk.internal.loader.ClassLoaders$PlatformClassLoader@7de7f93
2025-02-16T01:40:24.752+0900 [DEBUG] [org.gradle.cache.internal.DefaultFileLockManager] Waiting to acquire shared lock on daemon addresses registry.
2025-02-16T01:40:24.753+0900 [DEBUG] [org.gradle.cache.internal.DefaultFileLockManager] Lock acquired on daemon addresses registry.
2025-02-16T01:40:24.753+0900 [DEBUG] [org.gradle.cache.internal.DefaultFileLockManager] Releasing lock on daemon addresses registry.
2025-02-16T01:40:24.754+0900 [DEBUG] [org.gradle.cache.internal.DefaultFileLockManager] Waiting to acquire shared lock on daemon addresses registry.
2025-02-16T01:40:24.754+0900 [DEBUG] [org.gradle.cache.internal.DefaultFileLockManager] Lock acquired on daemon addresses registry.
2025-02-16T01:40:24.754+0900 [DEBUG] [org.gradle.cache.internal.DefaultFileLockManager] Releasing lock on daemon addresses registry.
2025-02-16T01:40:24.755+0900 [DEBUG] [org.gradle.cache.internal.DefaultFileLockManager] Waiting to acquire shared lock on daemon addresses registry.
2025-02-16T01:40:24.755+0900 [DEBUG] [org.gradle.cache.internal.DefaultFileLockManager] Lock acquired on daemon addresses registry.
2025-02-16T01:40:24.755+0900 [DEBUG] [org.gradle.cache.internal.DefaultFileLockManager] Releasing lock on daemon addresses registry.
2025-02-16T01:40:34.751+0900 [DEBUG] [org.gradle.cache.internal.DefaultFileLockManager] Waiting to acquire shared lock on daemon addresses registry.
2025-02-16T01:40:34.752+0900 [DEBUG] [org.gradle.cache.internal.DefaultFileLockManager] Lock acquired on daemon addresses registry.
2025-02-16T01:40:34.752+0900 [DEBUG] [org.gradle.cache.internal.DefaultFileLockManager] Releasing lock on daemon addresses registry.
2025-02-16T01:40:34.753+0900 [DEBUG] [org.gradle.cache.internal.DefaultFileLockManager] Waiting to acquire shared lock on daemon addresses registry.
2025-02-16T01:40:34.753+0900 [DEBUG] [org.gradle.cache.internal.DefaultFileLockManager] Lock acquired on daemon addresses registry.
2025-02-16T01:40:34.753+0900 [DEBUG] [org.gradle.cache.internal.DefaultFileLockManager] Releasing lock on daemon addresses registry.
2025-02-16T01:40:34.753+0900 [DEBUG] [org.gradle.cache.internal.DefaultFileLockManager] Waiting to acquire shared lock on daemon addresses registry.
2025-02-16T01:40:34.753+0900 [DEBUG] [org.gradle.cache.internal.DefaultFileLockManager] Lock acquired on daemon addresses registry.
2025-02-16T01:40:34.753+0900 [DEBUG] [org.gradle.cache.internal.DefaultFileLockManager] Releasing lock on daemon addresses registry.
2025-02-16T01:40:36.141+0900 [DEBUG] [sun.rmi.transport.tcp] RMI TCP Connection(14)-127.0.0.1: (port 56517) connection closed
2025-02-16T01:40:36.141+0900 [DEBUG] [sun.rmi.transport.tcp] RMI TCP Connection(14)-127.0.0.1: close connection, socket: Socket[addr=/127.0.0.1,port=57192,localport=56517]
2025-02-16T01:40:36.142+0900 [DEBUG] [sun.rmi.transport.tcp] RMI TCP Connection(14)-127.0.0.1: socket close: Socket[addr=/127.0.0.1,port=57192,localport=56517]
2025-02-16T01:40:42.747+0900 [DEBUG] [org.gradle.internal.remote.internal.inet.TcpIncomingConnector] Accepted connection from /127.0.0.1:57200 to /127.0.0.1:56494.
2025-02-16T01:40:42.752+0900 [DEBUG] [org.gradle.launcher.daemon.server.SynchronizedDispatchConnection] thread 1071: received class org.gradle.launcher.daemon.protocol.Build
2025-02-16T01:40:42.752+0900 [DEBUG] [org.gradle.launcher.daemon.server.DefaultDaemonConnection] thread 1071: Received non-IO message from client: Build{id=ef73bf49-b172-4531-893c-36c6ada11203, currentDir=/Users/kariv/UMC/Frontend}
2025-02-16T01:40:42.752+0900 [INFO] [org.gradle.launcher.daemon.server.DefaultIncomingConnectionHandler] Received command: Build{id=ef73bf49-b172-4531-893c-36c6ada11203, currentDir=/Users/kariv/UMC/Frontend}.
2025-02-16T01:40:42.752+0900 [DEBUG] [org.gradle.launcher.daemon.server.DefaultIncomingConnectionHandler] Starting executing command: Build{id=ef73bf49-b172-4531-893c-36c6ada11203, currentDir=/Users/kariv/UMC/Frontend} with connection: socket connection from /127.0.0.1:56494 to /127.0.0.1:57200.
2025-02-16T01:40:42.753+0900 [DEBUG] [org.gradle.launcher.daemon.server.DaemonStateCoordinator] Command execution: started DaemonCommandExecution[command = Build{id=ef73bf49-b172-4531-893c-36c6ada11203, currentDir=/Users/kariv/UMC/Frontend}, connection = DefaultDaemonConnection: socket connection from /127.0.0.1:56494 to /127.0.0.1:57200] after 10.053883333333333 minutes of idle
2025-02-16T01:40:42.753+0900 [INFO] [org.gradle.launcher.daemon.server.DaemonRegistryUpdater] Marking the daemon as busy, address: [bc0742fd-d003-4008-bc7f-20ddefeef9c5 port:56494, addresses:[localhost/127.0.0.1]]
2025-02-16T01:40:42.753+0900 [DEBUG] [org.gradle.launcher.daemon.registry.PersistentDaemonRegistry] Marking busy by address: [bc0742fd-d003-4008-bc7f-20ddefeef9c5 port:56494, addresses:[localhost/127.0.0.1]]
2025-02-16T01:40:42.754+0900 [DEBUG] [org.gradle.cache.internal.DefaultFileLockManager] Waiting to acquire exclusive lock on daemon addresses registry.
2025-02-16T01:40:42.755+0900 [DEBUG] [org.gradle.cache.internal.DefaultFileLockManager] Lock acquired on daemon addresses registry.
2025-02-16T01:40:42.758+0900 [DEBUG] [org.gradle.cache.internal.DefaultFileLockManager] Releasing lock on daemon addresses registry.
2025-02-16T01:40:42.759+0900 [DEBUG] [org.gradle.launcher.daemon.server.DaemonStateCoordinator] resetting idle timer
2025-02-16T01:40:42.759+0900 [DEBUG] [org.gradle.launcher.daemon.server.DaemonStateCoordinator] daemon is running. Sleeping until state changes.
2025-02-16T01:40:42.759+0900 [INFO] [org.gradle.launcher.daemon.server.exec.StartBuildOrRespondWithBusy] Daemon is about to start building Build{id=ef73bf49-b172-4531-893c-36c6ada11203, currentDir=/Users/kariv/UMC/Frontend}. Dispatching build started information...
2025-02-16T01:40:42.759+0900 [DEBUG] [org.gradle.launcher.daemon.server.SynchronizedDispatchConnection] thread 1073: dispatching org.gradle.launcher.daemon.protocol.BuildStarted@546d09ee
2025-02-16T01:40:42.761+0900 [DEBUG] [org.gradle.launcher.daemon.server.exec.EstablishBuildEnvironment] Configuring env variables: [PATH, GSETTINGS_SCHEMA_DIR_CONDA_BACKUP, __CFBundleIdentifier, SHELL, CONDA_DEFAULT_ENV, CONDA_EXE, OLDPWD, CONDA_PYTHON_EXE, USER, COMMAND_MODE, TMPDIR, CONDA_PREFIX, SSH_AUTH_SOCK, _CE_CONDA, XPC_FLAGS, _CE_M, __CF_USER_TEXT_ENCODING, CONDA_PROMPT_MODIFIER, GSETTINGS_SCHEMA_DIR, LOGNAME, LC_CTYPE, XPC_SERVICE_NAME, CONDA_SHLVL, HOME]
2025-02-16T01:40:42.763+0900 [DEBUG] [org.gradle.launcher.daemon.server.exec.LogToClient] About to start relaying all logs to the client via the connection.
2025-02-16T01:40:42.763+0900 [INFO] [org.gradle.launcher.daemon.server.exec.LogToClient] The client will now receive all logging from the daemon (pid: 38875). The daemon log file: /Users/kariv/UMC/Frontend/gradle/daemon/8.9/daemon-38875.out.log
2025-02-16T01:40:42.766+0900 [INFO] [org.gradle.launcher.daemon.server.exec.LogAndCheckHealth] Starting 10th build in daemon [uptime: 18 mins 58.156 secs, performance: 99%, GC rate: 0.00/s, heap usage: 2% of 2 GiB]
2025-02-16T01:40:42.766+0900 [DEBUG] [org.gradle.launcher.daemon.server.exec.ExecuteBuild] The daemon has started executing the build.
2025-02-16T01:40:42.766+0900 [DEBUG] [org.gradle.launcher.daemon.server.exec.ExecuteBuild] Executing build with daemon context: DefaultDaemonContext[uid=00c7bf90-ca55-42c3-8e54-eac397236dba,javaHome=/Applications/Android Studio.app/Contents/jbr/Contents/Home,javaVersion=21,daemonRegistryDir=/Users/kariv/UMC/Frontend/gradle/daemon,pid=38875,idleTimeout=10800000,priority=NORMAL,applyInstrumentationAgent=true,nativeServicesMode=ENABLED,daemonOpts=--add-opens=java.base/java.util=ALL-UNNAMED,--add-opens=java.base/java.lang=ALL-UNNAMED,--add-opens=java.base/java.lang.invoke=ALL-UNNAMED,--add-opens=java.prefs/java.util.prefs=ALL-UNNAMED,--add-exports=jdk.compiler/com.sun.tools.javac.api=ALL-UNNAMED,--add-exports=jdk.compiler/com.sun.tools.javac.util=ALL-UNNAMED,--add-opens=java.base/java.nio.charset=ALL-UNNAMED,--add-opens=java.base/java.net=ALL-UNNAMED,--add-opens=java.base/java.util.concurrent.atomic=ALL-UNNAMED,-Xmx2048m,-Dfile.encoding=UTF-8,-Duser.country=KR,-Duser.language=ko,-Duser.variant]

BUILD SUCCESSFUL in 2s
37 actionable tasks: 9 executed, 28 up-to-date
2025-02-16T01:40:45.204+0900 [DEBUG] [org.gradle.launcher.daemon.server.exec.ExecuteBuild] The daemon has finished executing the build.
2025-02-16T01:40:45.212+0900 [DEBUG] [org.gradle.launcher.daemon.server.DaemonStateCoordinator] daemon is running. Sleeping until state changes.
2025-02-16T01:40:45.212+0900 [DEBUG] [org.gradle.launcher.daemon.server.DaemonStateCoordinator] Command execution: finished waiting for DaemonCommandExecution[command = Build{id=ef73bf49-b172-4531-893c-36c6ada11203, currentDir=/Users/kariv/UMC/Frontend}, connection = DefaultDaemonConnection: socket connection from /127.0.0.1:56494 to /127.0.0.1:57200]. Result org.gradle.launcher.daemon.server.DaemonStateCoordinator@43b7a733 with state Busy
2025-02-16T01:40:45.212+0900 [DEBUG] [org.gradle.launcher.daemon.server.DaemonStateCoordinator] Command execution: completed DaemonCommandExecution[command = Build{id=ef73bf49-b172-4531-893c-36c6ada11203, currentDir=/Users/kariv/UMC/Frontend}, connection = DefaultDaemonConnection: socket connection from /127.0.0.1:56494 to /127.0.0.1:57200]
2025-02-16T01:40:45.212+0900 [DEBUG] [org.gradle.launcher.daemon.server.DaemonStateCoordinator] resetting idle timer
2025-02-16T01:40:45.212+0900 [INFO] [org.gradle.launcher.daemon.server.DaemonRegistryUpdater] Marking the daemon as idle, address: [bc0742fd-d003-4008-bc7f-20ddefeef9c5 port:56494, addresses:[localhost/127.0.0.1]]
2025-02-16T01:40:45.212+0900 [DEBUG] [org.gradle.launcher.daemon.registry.PersistentDaemonRegistry] Marking busy by address: [bc0742fd-d003-4008-bc7f-20ddefeef9c5 port:56494, addresses:[localhost/127.0.0.1]]
2025-02-16T01:40:45.212+0900 [DEBUG] [org.gradle.cache.internal.DefaultFileLockManager] Waiting to acquire exclusive lock on daemon addresses registry.
2025-02-16T01:40:45.212+0900 [DEBUG] [org.gradle.cache.internal.DefaultFileLockManager] Lock acquired on daemon addresses registry.
2025-02-16T01:40:45.213+0900 [DEBUG] [org.gradle.cache.internal.DefaultFileLockManager] Releasing lock on daemon addresses registry.
2025-02-16T01:40:45.213+0900 [DEBUG] [org.gradle.launcher.daemon.server.exec.ReturnResult] Daemon is dispatching the build result: Success[value=org.gradle.launcher.exec.BuildActionResult@7e64e4ff]
2025-02-16T01:40:45.213+0900 [DEBUG] [org.gradle.launcher.daemon.server.SynchronizedDispatchConnection] thread 1070: dispatching Success[value=org.gradle.launcher.exec.BuildActionResult@7e64e4ff]
2025-02-16T01:40:45.213+0900 [DEBUG] [org.gradle.launcher.daemon.server.DaemonStateCoordinator] daemon is running. Sleeping until state changes.
2025-02-16T01:40:45.213+0900 [DEBUG] [org.gradle.launcher.daemon.server.exec.CleanUpVirtualFileSystemAfterBuild] Cleaning virtual file system after build finished
2025-02-16T01:40:45.213+0900 [DEBUG] [org.gradle.launcher.daemon.server.SynchronizedDispatchConnection] thread 1071: received class org.gradle.launcher.daemon.protocol.CloseInput
2025-02-16T01:40:45.213+0900 [DEBUG] [org.gradle.launcher.daemon.server.DefaultDaemonConnection] thread 1071: Received IO message from client: org.gradle.launcher.daemon.protocol.CloseInput@5b528b30
2025-02-16T01:40:45.213+0900 [DEBUG] [org.gradle.launcher.daemon.server.DefaultIncomingConnectionHandler] Finishing executing command: Build{id=ef73bf49-b172-4531-893c-36c6ada11203, currentDir=/Users/kariv/UMC/Frontend}
2025-02-16T01:40:45.213+0900 [DEBUG] [org.gradle.launcher.daemon.server.SynchronizedDispatchConnection] thread 1071: received class org.gradle.launcher.daemon.protocol.Finished
2025-02-16T01:40:45.213+0900 [DEBUG] [org.gradle.launcher.daemon.server.DefaultDaemonConnection] thread 1071: Received non-IO message from client: org.gradle.launcher.daemon.protocol.Finished@55957e2a
2025-02-16T01:40:45.213+0900 [DEBUG] [org.gradle.launcher.daemon.server.DefaultIncomingConnectionHandler] Received finished message: org.gradle.launcher.daemon.protocol.Finished@55957e2a
2025-02-16T01:40:45.214+0900 [DEBUG] [org.gradle.launcher.daemon.server.SynchronizedDispatchConnection] thread 1070: stopping connection
2025-02-16T01:40:45.214+0900 [DEBUG] [org.gradle.internal.remote.internal.inet.SocketConnection] Discarding EOFException: java.io.EOFException
2025-02-16T01:40:45.214+0900 [DEBUG] [org.gradle.launcher.daemon.server.SynchronizedDispatchConnection] thread 1071: received null
2025-02-16T01:40:45.214+0900 [DEBUG] [org.gradle.launcher.daemon.server.DefaultDaemonConnection] thread 1071: Received end-of-input from client.
2025-02-16T01:40:45.214+0900 [DEBUG] [org.gradle.launcher.daemon.server.SynchronizedDispatchConnection] thread 1070: stopping connection
2025-02-16T01:40:54.752+0900 [DEBUG] [org.gradle.cache.internal.DefaultFileLockManager] Waiting to acquire shared lock on daemon addresses registry.
2025-02-16T01:40:54.753+0900 [DEBUG] [org.gradle.cache.internal.DefaultFileLockManager] Lock acquired on daemon addresses registry.
2025-02-16T01:40:54.753+0900 [DEBUG] [org.gradle.cache.internal.DefaultFileLockManager] Releasing lock on daemon addresses registry.
2025-02-16T01:40:54.754+0900 [DEBUG] [org.gradle.cache.internal.DefaultFileLockManager] Waiting to acquire shared lock on daemon addresses registry.
2025-02-16T01:40:54.754+0900 [DEBUG] [org.gradle.cache.internal.DefaultFileLockManager] Lock acquired on daemon addresses registry.
2025-02-16T01:40:54.754+0900 [DEBUG] [org.gradle.cache.internal.DefaultFileLockManager] Releasing lock on daemon addresses registry.
2025-02-16T01:41:04.749+0900 [DEBUG] [org.gradle.cache.internal.DefaultFileLockManager] Waiting to acquire shared lock on daemon addresses registry.
2025-02-16T01:41:04.750+0900 [DEBUG] [org.gradle.cache.internal.DefaultFileLockManager] Lock acquired on daemon addresses registry.
2025-02-16T01:41:04.751+0900 [DEBUG] [org.gradle.cache.internal.DefaultFileLockManager] Releasing lock on daemon addresses registry.
2025-02-16T01:41:04.751+0900 [DEBUG] [org.gradle.cache.internal.DefaultFileLockManager] Waiting to acquire shared lock on daemon addresses registry.
2025-02-16T01:41:04.751+0900 [DEBUG] [org.gradle.cache.internal.DefaultFileLockManager] Lock acquired on daemon addresses registry.
2025-02-16T01:41:04.752+0900 [DEBUG] [org.gradle.cache.internal.DefaultFileLockManager] Releasing lock on daemon addresses registry.
2025-02-16T01:41:04.752+0900 [DEBUG] [org.gradle.cache.internal.DefaultFileLockManager] Waiting to acquire shared lock on daemon addresses registry.
2025-02-16T01:41:04.753+0900 [DEBUG] [org.gradle.cache.internal.DefaultFileLockManager] Lock acquired on daemon addresses registry.
2025-02-16T01:41:04.753+0900 [DEBUG] [org.gradle.cache.internal.DefaultFileLockManager] Releasing lock on daemon addresses registry.
2025-02-16T01:41:14.750+0900 [DEBUG] [org.gradle.cache.internal.DefaultFileLockManager] Waiting to acquire shared lock on daemon addresses registry.
2025-02-16T01:41:14.750+0900 [DEBUG] [org.gradle.cache.internal.DefaultFileLockManager] Lock acquired on daemon addresses registry.
2025-02-16T01:41:14.750+0900 [DEBUG] [org.gradle.cache.internal.DefaultFileLockManager] Releasing lock on daemon addresses registry.
2025-02-16T01:41:14.750+0900 [DEBUG] [org.gradle.cache.internal.DefaultFileLockManager] Waiting to acquire shared lock on daemon addresses registry.
2025-02-16T01:41:14.750+0900 [DEBUG] [org.gradle.cache.internal.DefaultFileLockManager] Lock acquired on daemon addresses registry.
2025-02-16T01:41:14.750+0900 [DEBUG] [org.gradle.cache.internal.DefaultFileLockManager] Releasing lock on daemon addresses registry.
2025-02-16T01:41:14.750+0900 [DEBUG] [org.gradle.cache.internal.DefaultFileLockManager] Waiting to acquire shared lock on daemon addresses registry.
2025-02-16T01:41:14.750+0900 [DEBUG] [org.gradle.cache.internal.DefaultFileLockManager] Lock acquired on daemon addresses registry.
2025-02-16T01:41:14.750+0900 [DEBUG] [org.gradle.cache.internal.DefaultFileLockManager] Releasing lock on daemon addresses registry.
2025-02-16T01:41:24.750+0900 [DEBUG] [org.gradle.cache.internal.DefaultFileLockManager] Waiting to acquire shared lock on daemon addresses registry.
2025-02-16T01:41:24.750+0900 [DEBUG] [org.gradle.cache.internal.DefaultFileLockManager] Lock acquired on daemon addresses registry.
2025-02-16T01:41:24.750+0900 [DEBUG] [org.gradle.cache.internal.DefaultFileLockManager] Releasing lock on daemon addresses registry.
2025-02-16T01:41:24.750+0900 [DEBUG] [org.gradle.cache.internal.DefaultFileLockManager] Waiting to acquire shared lock on daemon addresses registry.
2025-02-16T01:41:24.750+0900 [DEBUG] [org.gradle.cache.internal.DefaultFileLockManager] Lock acquired on daemon addresses registry.
2025-02-16T01:41:24.751+0900 [DEBUG] [org.gradle.cache.internal.DefaultFileLockManager] Releasing lock on daemon addresses registry.
2025-02-16T01:41:24.751+0900 [DEBUG] [org.gradle.cache.internal.DefaultFileLockManager] Waiting to acquire shared lock on daemon addresses registry.
2025-02-16T01:41:24.751+0900 [DEBUG] [org.gradle.cache.internal.DefaultFileLockManager] Lock acquired on daemon addresses registry.
2025-02-16T01:41:24.751+0900 [DEBUG] [org.gradle.cache.internal.DefaultFileLockManager] Releasing lock on daemon addresses registry.
2025-02-16T01:41:34.752+0900 [DEBUG] [org.gradle.cache.internal.DefaultFileLockManager] Waiting to acquire shared lock on daemon addresses registry.
2025-02-16T01:41:34.753+0900 [DEBUG] [org.gradle.cache.internal.DefaultFileLockManager] Lock acquired on daemon addresses registry.
2025-02-16T01:41:34.753+0900 [DEBUG] [org.gradle.cache.internal.DefaultFileLockManager] Releasing lock on daemon addresses registry.
2025-02-16T01:41:34.754+0900 [DEBUG] [org.gradle.cache.internal.DefaultFileLockManager] Waiting to acquire shared lock on daemon addresses registry.
2025-02-16T01:41:34.754+0900 [DEBUG] [org.gradle.cache.internal.DefaultFileLockManager] Lock acquired on daemon addresses registry.
2025-02-16T01:41:34.754+0900 [DEBUG] [org.gradle.cache.internal.DefaultFileLockManager] Releasing lock on daemon addresses registry.
2025-02-16T01:41:34.755+0900 [DEBUG] [org.gradle.cache.internal.DefaultFileLockManager] Waiting to acquire shared lock on daemon addresses registry.
2025-02-16T01:41:34.755+0900 [DEBUG] [org.gradle.cache.internal.DefaultFileLockManager] Lock acquired on daemon addresses registry.
2025-02-16T01:41:34.755+0900 [DEBUG] [org.gradle.cache.internal.DefaultFileLockManager] Releasing lock on daemon addresses registry.
2025-02-16T01:41:44.745+0900 [DEBUG] [org.gradle.cache.internal.DefaultFileLockManager] Waiting to acquire shared lock on daemon addresses registry.
2025-02-16T01:41:44.746+0900 [DEBUG] [org.gradle.cache.internal.DefaultFileLockManager] Lock acquired on daemon addresses registry.
2025-02-16T01:41:44.746+0900 [DEBUG] [org.gradle.cache.internal.DefaultFileLockManager] Releasing lock on daemon addresses registry.
2025-02-16T01:41:44.747+0900 [DEBUG] [org.gradle.cache.internal.DefaultFileLockManager] Waiting to acquire shared lock on daemon addresses registry.
2025-02-16T01:41:44.747+0900 [DEBUG] [org.gradle.cache.internal.DefaultFileLockManager] Lock acquired on daemon addresses registry.
2025-02-16T01:41:44.747+0900 [DEBUG] [org.gradle.cache.internal.DefaultFileLockManager] Releasing lock on daemon addresses registry.
2025-02-16T01:41:44.747+0900 [DEBUG] [org.gradle.cache.internal.DefaultFileLockManager] Waiting to acquire shared lock on daemon addresses registry.
2025-02-16T01:41:44.747+0900 [DEBUG] [org.gradle.cache.internal.DefaultFileLockManager] Lock acquired on daemon addresses registry.
2025-02-16T01:41:44.747+0900 [DEBUG] [org.gradle.cache.internal.DefaultFileLockManager] Releasing lock on daemon addresses registry.
2025-02-16T01:41:54.751+0900 [DEBUG] [org.gradle.cache.internal.DefaultFileLockManager] Waiting to acquire shared lock on daemon addresses registry.
2025-02-16T01:41:54.752+0900 [DEBUG] [org.gradle.cache.internal.DefaultFileLockManager] Lock acquired on daemon addresses registry.
2025-02-16T01:41:54.753+0900 [DEBUG] [org.gradle.cache.internal.DefaultFileLockManager] Releasing lock on daemon addresses registry.
2025-02-16T01:41:54.754+0900 [DEBUG] [org.gradle.cache.internal.DefaultFileLockManager] Waiting to acquire shared lock on daemon addresses registry.
2025-02-16T01:41:54.755+0900 [DEBUG] [org.gradle.cache.internal.DefaultFileLockManager] Lock acquired on daemon addresses registry.
2025-02-16T01:41:54.755+0900 [DEBUG] [org.gradle.cache.internal.DefaultFileLockManager] Releasing lock on daemon addresses registry.
2025-02-16T01:41:54.755+0900 [DEBUG] [org.gradle.cache.internal.DefaultFileLockManager] Waiting to acquire shared lock on daemon addresses registry.
2025-02-16T01:41:54.755+0900 [DEBUG] [org.gradle.cache.internal.DefaultFileLockManager] Lock acquired on daemon addresses registry.
2025-02-16T01:41:54.756+0900 [DEBUG] [org.gradle.cache.internal.DefaultFileLockManager] Releasing lock on daemon addresses registry.
2025-02-16T01:42:04.671+0900 [DEBUG] [sun.rmi.transport.tcp] RMI TCP Connection(15)-127.0.0.1: accepted socket from [127.0.0.1:57248]
2025-02-16T01:42:04.676+0900 [DEBUG] [sun.rmi.transport.tcp] RMI TCP Connection(15)-127.0.0.1: (port 56517) op = 80
2025-02-16T01:42:04.676+0900 [DEBUG] [sun.rmi.loader] RMI TCP Connection(15)-127.0.0.1: name = "[Ljava.rmi.server.ObjID;", codebase = "", defaultLoader = jdk.internal.loader.ClassLoaders$PlatformClassLoader@7de7f93
2025-02-16T01:42:04.677+0900 [DEBUG] [sun.rmi.loader] RMI TCP Connection(15)-127.0.0.1: name = "java.rmi.dgc.Lease", codebase = "", defaultLoader = jdk.internal.loader.ClassLoaders$PlatformClassLoader@7de7f93
2025-02-16T01:42:04.677+0900 [DEBUG] [sun.rmi.loader] RMI TCP Connection(15)-127.0.0.1: name = "java.rmi.dgc.VMID", codebase = "", defaultLoader = jdk.internal.loader.ClassLoaders$PlatformClassLoader@7de7f93
2025-02-16T01:42:04.677+0900 [DEBUG] [sun.rmi.loader] RMI TCP Connection(15)-127.0.0.1: name = "[B", codebase = "", defaultLoader = jdk.internal.loader.ClassLoaders$PlatformClassLoader@7de7f93
2025-02-16T01:42:04.677+0900 [DEBUG] [sun.rmi.loader] RMI TCP Connection(15)-127.0.0.1: name = "java.rmi.server.UID", codebase = "", defaultLoader = jdk.internal.loader.ClassLoaders$PlatformClassLoader@7de7f93
2025-02-16T01:42:04.749+0900 [DEBUG] [org.gradle.cache.internal.DefaultFileLockManager] Waiting to acquire shared lock on daemon addresses registry.
2025-02-16T01:42:04.750+0900 [DEBUG] [org.gradle.cache.internal.DefaultFileLockManager] Lock acquired on daemon addresses registry.
2025-02-16T01:42:04.750+0900 [DEBUG] [org.gradle.cache.internal.DefaultFileLockManager] Releasing lock on daemon addresses registry.
2025-02-16T01:42:04.751+0900 [DEBUG] [org.gradle.cache.internal.DefaultFileLockManager] Waiting to acquire shared lock on daemon addresses registry.
2025-02-16T01:42:04.751+0900 [DEBUG] [org.gradle.cache.internal.DefaultFileLockManager] Lock acquired on daemon addresses registry.
2025-02-16T01:42:04.751+0900 [DEBUG] [org.gradle.cache.internal.DefaultFileLockManager] Releasing lock on daemon addresses registry.
2025-02-16T01:42:04.751+0900 [DEBUG] [org.gradle.cache.internal.DefaultFileLockManager] Waiting to acquire shared lock on daemon addresses registry.
2025-02-16T01:42:04.751+0900 [DEBUG] [org.gradle.cache.internal.DefaultFileLockManager] Lock acquired on daemon addresses registry.
2025-02-16T01:42:04.751+0900 [DEBUG] [org.gradle.cache.internal.DefaultFileLockManager] Releasing lock on daemon addresses registry.
2025-02-16T01:42:14.746+0900 [DEBUG] [org.gradle.cache.internal.DefaultFileLockManager] Waiting to acquire shared lock on daemon addresses registry.
2025-02-16T01:42:14.747+0900 [DEBUG] [org.gradle.cache.internal.DefaultFileLockManager] Lock acquired on daemon addresses registry.
2025-02-16T01:42:14.747+0900 [DEBUG] [org.gradle.cache.internal.DefaultFileLockManager] Releasing lock on daemon addresses registry.
2025-02-16T01:42:14.747+0900 [DEBUG] [org.gradle.cache.internal.DefaultFileLockManager] Waiting to acquire shared lock on daemon addresses registry.
2025-02-16T01:42:14.747+0900 [DEBUG] [org.gradle.cache.internal.DefaultFileLockManager] Lock acquired on daemon addresses registry.
2025-02-16T01:42:14.747+0900 [DEBUG] [org.gradle.cache.internal.DefaultFileLockManager] Releasing lock on daemon addresses registry.
2025-02-16T01:42:14.747+0900 [DEBUG] [org.gradle.cache.internal.DefaultFileLockManager] Waiting to acquire shared lock on daemon addresses registry.
2025-02-16T01:42:14.747+0900 [DEBUG] [org.gradle.cache.internal.DefaultFileLockManager] Lock acquired on daemon addresses registry.
2025-02-16T01:42:14.747+0900 [DEBUG] [org.gradle.cache.internal.DefaultFileLockManager] Releasing lock on daemon addresses registry.
2025-02-16T01:42:19.682+0900 [DEBUG] [sun.rmi.transport.tcp] RMI TCP Connection(15)-127.0.0.1: (port 56517) connection closed
2025-02-16T01:42:19.682+0900 [DEBUG] [sun.rmi.transport.tcp] RMI TCP Connection(15)-127.0.0.1: close connection, socket: Socket[addr=/127.0.0.1,port=57248,localport=56517]
2025-02-16T01:42:19.683+0900 [DEBUG] [sun.rmi.transport.tcp] RMI TCP Connection(15)-127.0.0.1: socket close: Socket[addr=/127.0.0.1,port=57248,localport=56517]
2025-02-16T01:42:24.744+0900 [DEBUG] [org.gradle.cache.internal.DefaultFileLockManager] Waiting to acquire shared lock on daemon addresses registry.
2025-02-16T01:42:24.745+0900 [DEBUG] [org.gradle.cache.internal.DefaultFileLockManager] Lock acquired on daemon addresses registry.
2025-02-16T01:42:24.745+0900 [DEBUG] [org.gradle.cache.internal.DefaultFileLockManager] Releasing lock on daemon addresses registry.
2025-02-16T01:42:24.746+0900 [DEBUG] [org.gradle.cache.internal.DefaultFileLockManager] Waiting to acquire shared lock on daemon addresses registry.
2025-02-16T01:42:24.746+0900 [DEBUG] [org.gradle.cache.internal.DefaultFileLockManager] Lock acquired on daemon addresses registry.
2025-02-16T01:42:24.746+0900 [DEBUG] [org.gradle.cache.internal.DefaultFileLockManager] Releasing lock on daemon addresses registry.
2025-02-16T01:42:24.746+0900 [DEBUG] [org.gradle.cache.internal.DefaultFileLockManager] Waiting to acquire shared lock on daemon addresses registry.
2025-02-16T01:42:24.746+0900 [DEBUG] [org.gradle.cache.internal.DefaultFileLockManager] Lock acquired on daemon addresses registry.
2025-02-16T01:42:24.746+0900 [DEBUG] [org.gradle.cache.internal.DefaultFileLockManager] Releasing lock on daemon addresses registry.
2025-02-16T01:42:26.070+0900 [DEBUG] [org.gradle.internal.remote.internal.inet.TcpIncomingConnector] Accepted connection from /127.0.0.1:57257 to /127.0.0.1:56494.
2025-02-16T01:42:26.075+0900 [DEBUG] [org.gradle.launcher.daemon.server.SynchronizedDispatchConnection] thread 1174: received class org.gradle.launcher.daemon.protocol.Build
2025-02-16T01:42:26.076+0900 [DEBUG] [org.gradle.launcher.daemon.server.DefaultDaemonConnection] thread 1174: Received non-IO message from client: Build{id=cfb88b97-e20e-4049-9b95-df77b04c5d3b, currentDir=/Users/kariv/UMC/Frontend}
2025-02-16T01:42:26.076+0900 [INFO] [org.gradle.launcher.daemon.server.DefaultIncomingConnectionHandler] Received command: Build{id=cfb88b97-e20e-4049-9b95-df77b04c5d3b, currentDir=/Users/kariv/UMC/Frontend}.
2025-02-16T01:42:26.076+0900 [DEBUG] [org.gradle.launcher.daemon.server.DefaultIncomingConnectionHandler] Starting executing command: Build{id=cfb88b97-e20e-4049-9b95-df77b04c5d3b, currentDir=/Users/kariv/UMC/Frontend} with connection: socket connection from /127.0.0.1:56494 to /127.0.0.1:57257.
2025-02-16T01:42:26.077+0900 [DEBUG] [org.gradle.launcher.daemon.server.DaemonStateCoordinator] Command execution: started DaemonCommandExecution[command = Build{id=cfb88b97-e20e-4049-9b95-df77b04c5d3b, currentDir=/Users/kariv/UMC/Frontend}, connection = DefaultDaemonConnection: socket connection from /127.0.0.1:56494 to /127.0.0.1:57257] after 1.6811166666666668 minutes of idle
2025-02-16T01:42:26.077+0900 [INFO] [org.gradle.launcher.daemon.server.DaemonRegistryUpdater] Marking the daemon as busy, address: [bc0742fd-d003-4008-bc7f-20ddefeef9c5 port:56494, addresses:[localhost/127.0.0.1]]
2025-02-16T01:42:26.077+0900 [DEBUG] [org.gradle.launcher.daemon.registry.PersistentDaemonRegistry] Marking busy by address: [bc0742fd-d003-4008-bc7f-20ddefeef9c5 port:56494, addresses:[localhost/127.0.0.1]]
2025-02-16T01:42:26.077+0900 [DEBUG] [org.gradle.cache.internal.DefaultFileLockManager] Waiting to acquire exclusive lock on daemon addresses registry.
2025-02-16T01:42:26.077+0900 [DEBUG] [org.gradle.cache.internal.DefaultFileLockManager] Lock acquired on daemon addresses registry.
2025-02-16T01:42:26.079+0900 [DEBUG] [org.gradle.cache.internal.DefaultFileLockManager] Releasing lock on daemon addresses registry.
2025-02-16T01:42:26.079+0900 [DEBUG] [org.gradle.launcher.daemon.server.DaemonStateCoordinator] resetting idle timer
2025-02-16T01:42:26.079+0900 [DEBUG] [org.gradle.launcher.daemon.server.DaemonStateCoordinator] daemon is running. Sleeping until state changes.
2025-02-16T01:42:26.081+0900 [INFO] [org.gradle.launcher.daemon.server.exec.StartBuildOrRespondWithBusy] Daemon is about to start building Build{id=cfb88b97-e20e-4049-9b95-df77b04c5d3b, currentDir=/Users/kariv/UMC/Frontend}. Dispatching build started information...
2025-02-16T01:42:26.081+0900 [DEBUG] [org.gradle.launcher.daemon.server.SynchronizedDispatchConnection] thread 1176: dispatching org.gradle.launcher.daemon.protocol.BuildStarted@265b905e
2025-02-16T01:42:26.087+0900 [DEBUG] [org.gradle.launcher.daemon.server.exec.EstablishBuildEnvironment] Configuring env variables: [PATH, GSETTINGS_SCHEMA_DIR_CONDA_BACKUP, __CFBundleIdentifier, SHELL, CONDA_DEFAULT_ENV, CONDA_EXE, OLDPWD, CONDA_PYTHON_EXE, USER, COMMAND_MODE, TMPDIR, CONDA_PREFIX, SSH_AUTH_SOCK, _CE_CONDA, XPC_FLAGS, _CE_M, __CF_USER_TEXT_ENCODING, CONDA_PROMPT_MODIFIER, GSETTINGS_SCHEMA_DIR, LOGNAME, LC_CTYPE, XPC_SERVICE_NAME, CONDA_SHLVL, HOME]
2025-02-16T01:42:26.096+0900 [DEBUG] [org.gradle.internal.watch.vfs.impl.WatchingVirtualFileSystem] Handling VFS change MODIFIED /Users/kariv/UMC/Frontend/app/src/main/res/layout/fragment_exam_detail.xml
2025-02-16T01:42:26.098+0900 [DEBUG] [org.gradle.launcher.daemon.server.exec.LogToClient] About to start relaying all logs to the client via the connection.
2025-02-16T01:42:26.098+0900 [INFO] [org.gradle.launcher.daemon.server.exec.LogToClient] The client will now receive all logging from the daemon (pid: 38875). The daemon log file: /Users/kariv/UMC/Frontend/gradle/daemon/8.9/daemon-38875.out.log
2025-02-16T01:42:26.100+0900 [INFO] [org.gradle.launcher.daemon.server.exec.LogAndCheckHealth] Starting 11th build in daemon [uptime: 20 mins 41.495 secs, performance: 99%, GC rate: 0.00/s, heap usage: 2% of 2 GiB]
2025-02-16T01:42:26.100+0900 [DEBUG] [org.gradle.launcher.daemon.server.exec.ExecuteBuild] The daemon has started executing the build.
2025-02-16T01:42:26.100+0900 [DEBUG] [org.gradle.launcher.daemon.server.exec.ExecuteBuild] Executing build with daemon context: DefaultDaemonContext[uid=00c7bf90-ca55-42c3-8e54-eac397236dba,javaHome=/Applications/Android Studio.app/Contents/jbr/Contents/Home,javaVersion=21,daemonRegistryDir=/Users/kariv/UMC/Frontend/gradle/daemon,pid=38875,idleTimeout=10800000,priority=NORMAL,applyInstrumentationAgent=true,nativeServicesMode=ENABLED,daemonOpts=--add-opens=java.base/java.util=ALL-UNNAMED,--add-opens=java.base/java.lang=ALL-UNNAMED,--add-opens=java.base/java.lang.invoke=ALL-UNNAMED,--add-opens=java.prefs/java.util.prefs=ALL-UNNAMED,--add-exports=jdk.compiler/com.sun.tools.javac.api=ALL-UNNAMED,--add-exports=jdk.compiler/com.sun.tools.javac.util=ALL-UNNAMED,--add-opens=java.base/java.nio.charset=ALL-UNNAMED,--add-opens=java.base/java.net=ALL-UNNAMED,--add-opens=java.base/java.util.concurrent.atomic=ALL-UNNAMED,-Xmx2048m,-Dfile.encoding=UTF-8,-Duser.country=KR,-Duser.language=ko,-Duser.variant]
e: file:///Users/kariv/UMC/Frontend/app/src/main/java/com/example/gonggaksim_frontend/ExamDetailFragment.kt:89:21 Unresolved reference: examQualification
e: file:///Users/kariv/UMC/Frontend/app/src/main/java/com/example/gonggaksim_frontend/ExamDetailFragment.kt:89:39 Variable expected

FAILURE: Build failed with an exception.

* What went wrong:
Execution failed for task ':app:compileDebugKotlin'.
> A failure occurred while executing org.jetbrains.kotlin.compilerRunner.GradleCompilerRunnerWithWorkers$GradleKotlinCompilerWorkAction
   > Compilation error. See log for more details

* Try:
> Run with --info or --debug option to get more log output.
> Run with --scan to get full insights.
> Get more help at https://help.gradle.org.

* Exception is:
org.gradle.api.tasks.TaskExecutionException: Execution failed for task ':app:compileDebugKotlin'.
	at org.gradle.api.internal.tasks.execution.ExecuteActionsTaskExecuter.lambda$executeIfValid$1(ExecuteActionsTaskExecuter.java:130)
	at org.gradle.internal.Try$Failure.ifSuccessfulOrElse(Try.java:293)
	at org.gradle.api.internal.tasks.execution.ExecuteActionsTaskExecuter.executeIfValid(ExecuteActionsTaskExecuter.java:128)
	at org.gradle.api.internal.tasks.execution.ExecuteActionsTaskExecuter.execute(ExecuteActionsTaskExecuter.java:116)
	at org.gradle.api.internal.tasks.execution.FinalizePropertiesTaskExecuter.execute(FinalizePropertiesTaskExecuter.java:46)
	at org.gradle.api.internal.tasks.execution.ResolveTaskExecutionModeExecuter.execute(ResolveTaskExecutionModeExecuter.java:51)
	at org.gradle.api.internal.tasks.execution.SkipTaskWithNoActionsExecuter.execute(SkipTaskWithNoActionsExecuter.java:57)
	at org.gradle.api.internal.tasks.execution.SkipOnlyIfTaskExecuter.execute(SkipOnlyIfTaskExecuter.java:74)
	at org.gradle.api.internal.tasks.execution.CatchExceptionTaskExecuter.execute(CatchExceptionTaskExecuter.java:36)
	at org.gradle.api.internal.tasks.execution.EventFiringTaskExecuter$1.executeTask(EventFiringTaskExecuter.java:77)
	at org.gradle.api.internal.tasks.execution.EventFiringTaskExecuter$1.call(EventFiringTaskExecuter.java:55)
	at org.gradle.api.internal.tasks.execution.EventFiringTaskExecuter$1.call(EventFiringTaskExecuter.java:52)
	at org.gradle.internal.operations.DefaultBuildOperationRunner$CallableBuildOperationWorker.execute(DefaultBuildOperationRunner.java:209)
	at org.gradle.internal.operations.DefaultBuildOperationRunner$CallableBuildOperationWorker.execute(DefaultBuildOperationRunner.java:204)
	at org.gradle.internal.operations.DefaultBuildOperationRunner$2.execute(DefaultBuildOperationRunner.java:66)
	at org.gradle.internal.operations.DefaultBuildOperationRunner$2.execute(DefaultBuildOperationRunner.java:59)
	at org.gradle.internal.operations.DefaultBuildOperationRunner.execute(DefaultBuildOperationRunner.java:166)
	at org.gradle.internal.operations.DefaultBuildOperationRunner.execute(DefaultBuildOperationRunner.java:59)
	at org.gradle.internal.operations.DefaultBuildOperationRunner.call(DefaultBuildOperationRunner.java:53)
	at org.gradle.api.internal.tasks.execution.EventFiringTaskExecuter.execute(EventFiringTaskExecuter.java:52)
	at org.gradle.execution.plan.LocalTaskNodeExecutor.execute(LocalTaskNodeExecutor.java:42)
	at org.gradle.execution.taskgraph.DefaultTaskExecutionGraph$InvokeNodeExecutorsAction.execute(DefaultTaskExecutionGraph.java:331)
	at org.gradle.execution.taskgraph.DefaultTaskExecutionGraph$InvokeNodeExecutorsAction.execute(DefaultTaskExecutionGraph.java:318)
	at org.gradle.execution.taskgraph.DefaultTaskExecutionGraph$BuildOperationAwareExecutionAction.lambda$execute$0(DefaultTaskExecutionGraph.java:314)
	at org.gradle.internal.operations.CurrentBuildOperationRef.with(CurrentBuildOperationRef.java:85)
	at org.gradle.execution.taskgraph.DefaultTaskExecutionGraph$BuildOperationAwareExecutionAction.execute(DefaultTaskExecutionGraph.java:314)
	at org.gradle.execution.taskgraph.DefaultTaskExecutionGraph$BuildOperationAwareExecutionAction.execute(DefaultTaskExecutionGraph.java:303)
	at org.gradle.execution.plan.DefaultPlanExecutor$ExecutorWorker.execute(DefaultPlanExecutor.java:459)
	at org.gradle.execution.plan.DefaultPlanExecutor$ExecutorWorker.run(DefaultPlanExecutor.java:376)
	at org.gradle.internal.concurrent.ExecutorPolicy$CatchAndRecordFailures.onExecute(ExecutorPolicy.java:64)
	at org.gradle.internal.concurrent.AbstractManagedExecutor$1.run(AbstractManagedExecutor.java:48)
Caused by: org.gradle.workers.internal.DefaultWorkerExecutor$WorkExecutionException: A failure occurred while executing org.jetbrains.kotlin.compilerRunner.GradleCompilerRunnerWithWorkers$GradleKotlinCompilerWorkAction
	at org.gradle.workers.internal.DefaultWorkerExecutor$WorkItemExecution.waitForCompletion(DefaultWorkerExecutor.java:287)
	at org.gradle.internal.work.DefaultAsyncWorkTracker.lambda$waitForItemsAndGatherFailures$2(DefaultAsyncWorkTracker.java:130)
	at org.gradle.internal.Factories$1.create(Factories.java:31)
	at org.gradle.internal.work.DefaultWorkerLeaseService.withoutLocks(DefaultWorkerLeaseService.java:339)
	at org.gradle.internal.work.DefaultWorkerLeaseService.withoutLocks(DefaultWorkerLeaseService.java:322)
	at org.gradle.internal.work.DefaultWorkerLeaseService.withoutLock(DefaultWorkerLeaseService.java:327)
	at org.gradle.internal.work.DefaultAsyncWorkTracker.waitForItemsAndGatherFailures(DefaultAsyncWorkTracker.java:126)
	at org.gradle.internal.work.DefaultAsyncWorkTracker.waitForItemsAndGatherFailures(DefaultAsyncWorkTracker.java:92)
	at org.gradle.internal.work.DefaultAsyncWorkTracker.waitForAll(DefaultAsyncWorkTracker.java:78)
	at org.gradle.internal.work.DefaultAsyncWorkTracker.waitForCompletion(DefaultAsyncWorkTracker.java:66)
	at org.gradle.api.internal.tasks.execution.TaskExecution$3.run(TaskExecution.java:252)
	at org.gradle.internal.operations.DefaultBuildOperationRunner$1.execute(DefaultBuildOperationRunner.java:29)
	at org.gradle.internal.operations.DefaultBuildOperationRunner$1.execute(DefaultBuildOperationRunner.java:26)
	at org.gradle.internal.operations.DefaultBuildOperationRunner$2.execute(DefaultBuildOperationRunner.java:66)
	at org.gradle.internal.operations.DefaultBuildOperationRunner$2.execute(DefaultBuildOperationRunner.java:59)
	at org.gradle.internal.operations.DefaultBuildOperationRunner.execute(DefaultBuildOperationRunner.java:166)
	at org.gradle.internal.operations.DefaultBuildOperationRunner.execute(DefaultBuildOperationRunner.java:59)
	at org.gradle.internal.operations.DefaultBuildOperationRunner.run(DefaultBuildOperationRunner.java:47)
	at org.gradle.api.internal.tasks.execution.TaskExecution.executeAction(TaskExecution.java:229)
	at org.gradle.api.internal.tasks.execution.TaskExecution.executeActions(TaskExecution.java:212)
	at org.gradle.api.internal.tasks.execution.TaskExecution.executeWithPreviousOutputFiles(TaskExecution.java:195)
	at org.gradle.api.internal.tasks.execution.TaskExecution.execute(TaskExecution.java:162)
	at org.gradle.internal.execution.steps.ExecuteStep.executeInternal(ExecuteStep.java:105)
	at org.gradle.internal.execution.steps.ExecuteStep.access$000(ExecuteStep.java:44)
	at org.gradle.internal.execution.steps.ExecuteStep$1.call(ExecuteStep.java:59)
	at org.gradle.internal.execution.steps.ExecuteStep$1.call(ExecuteStep.java:56)
	at org.gradle.internal.operations.DefaultBuildOperationRunner$CallableBuildOperationWorker.execute(DefaultBuildOperationRunner.java:209)
	at org.gradle.internal.operations.DefaultBuildOperationRunner$CallableBuildOperationWorker.execute(DefaultBuildOperationRunner.java:204)
	at org.gradle.internal.operations.DefaultBuildOperationRunner$2.execute(DefaultBuildOperationRunner.java:66)
	at org.gradle.internal.operations.DefaultBuildOperationRunner$2.execute(DefaultBuildOperationRunner.java:59)
	at org.gradle.internal.operations.DefaultBuildOperationRunner.execute(DefaultBuildOperationRunner.java:166)
	at org.gradle.internal.operations.DefaultBuildOperationRunner.execute(DefaultBuildOperationRunner.java:59)
	at org.gradle.internal.operations.DefaultBuildOperationRunner.call(DefaultBuildOperationRunner.java:53)
	at org.gradle.internal.execution.steps.ExecuteStep.execute(ExecuteStep.java:56)
	at org.gradle.internal.execution.steps.ExecuteStep.execute(ExecuteStep.java:44)
	at org.gradle.internal.execution.steps.CancelExecutionStep.execute(CancelExecutionStep.java:42)
	at org.gradle.internal.execution.steps.TimeoutStep.executeWithoutTimeout(TimeoutStep.java:75)
	at org.gradle.internal.execution.steps.TimeoutStep.execute(TimeoutStep.java:55)
	at org.gradle.internal.execution.steps.PreCreateOutputParentsStep.execute(PreCreateOutputParentsStep.java:50)
	at org.gradle.internal.execution.steps.PreCreateOutputParentsStep.execute(PreCreateOutputParentsStep.java:28)
	at org.gradle.internal.execution.steps.RemovePreviousOutputsStep.execute(RemovePreviousOutputsStep.java:67)
	at org.gradle.internal.execution.steps.RemovePreviousOutputsStep.execute(RemovePreviousOutputsStep.java:37)
	at org.gradle.internal.execution.steps.BroadcastChangingOutputsStep.execute(BroadcastChangingOutputsStep.java:61)
	at org.gradle.internal.execution.steps.BroadcastChangingOutputsStep.execute(BroadcastChangingOutputsStep.java:26)
	at org.gradle.internal.execution.steps.CaptureOutputsAfterExecutionStep.execute(CaptureOutputsAfterExecutionStep.java:69)
	at org.gradle.internal.execution.steps.CaptureOutputsAfterExecutionStep.execute(CaptureOutputsAfterExecutionStep.java:46)
	at org.gradle.internal.execution.steps.ResolveInputChangesStep.execute(ResolveInputChangesStep.java:40)
	at org.gradle.internal.execution.steps.ResolveInputChangesStep.execute(ResolveInputChangesStep.java:29)
	at org.gradle.internal.execution.steps.BuildCacheStep.executeWithoutCache(BuildCacheStep.java:189)
	at org.gradle.internal.execution.steps.BuildCacheStep.lambda$execute$1(BuildCacheStep.java:75)
	at org.gradle.internal.Either$Right.fold(Either.java:175)
	at org.gradle.internal.execution.caching.CachingState.fold(CachingState.java:62)
	at org.gradle.internal.execution.steps.BuildCacheStep.execute(BuildCacheStep.java:73)
	at org.gradle.internal.execution.steps.BuildCacheStep.execute(BuildCacheStep.java:48)
	at org.gradle.internal.execution.steps.StoreExecutionStateStep.execute(StoreExecutionStateStep.java:46)
	at org.gradle.internal.execution.steps.StoreExecutionStateStep.execute(StoreExecutionStateStep.java:35)
	at org.gradle.internal.execution.steps.SkipUpToDateStep.executeBecause(SkipUpToDateStep.java:75)
	at org.gradle.internal.execution.steps.SkipUpToDateStep.lambda$execute$2(SkipUpToDateStep.java:53)
	at org.gradle.internal.execution.steps.SkipUpToDateStep.execute(SkipUpToDateStep.java:53)
	at org.gradle.internal.execution.steps.SkipUpToDateStep.execute(SkipUpToDateStep.java:35)
	at org.gradle.internal.execution.steps.legacy.MarkSnapshottingInputsFinishedStep.execute(MarkSnapshottingInputsFinishedStep.java:37)
	at org.gradle.internal.execution.steps.legacy.MarkSnapshottingInputsFinishedStep.execute(MarkSnapshottingInputsFinishedStep.java:27)
	at org.gradle.internal.execution.steps.ResolveIncrementalCachingStateStep.executeDelegate(ResolveIncrementalCachingStateStep.java:49)
	at org.gradle.internal.execution.steps.ResolveIncrementalCachingStateStep.executeDelegate(ResolveIncrementalCachingStateStep.java:27)
	at org.gradle.internal.execution.steps.AbstractResolveCachingStateStep.execute(AbstractResolveCachingStateStep.java:71)
	at org.gradle.internal.execution.steps.AbstractResolveCachingStateStep.execute(AbstractResolveCachingStateStep.java:39)
	at org.gradle.internal.execution.steps.ResolveChangesStep.execute(ResolveChangesStep.java:65)
	at org.gradle.internal.execution.steps.ResolveChangesStep.execute(ResolveChangesStep.java:36)
	at org.gradle.internal.execution.steps.ValidateStep.execute(ValidateStep.java:105)
	at org.gradle.internal.execution.steps.ValidateStep.execute(ValidateStep.java:54)
	at org.gradle.internal.execution.steps.AbstractCaptureStateBeforeExecutionStep.execute(AbstractCaptureStateBeforeExecutionStep.java:64)
	at org.gradle.internal.execution.steps.AbstractCaptureStateBeforeExecutionStep.execute(AbstractCaptureStateBeforeExecutionStep.java:43)
	at org.gradle.internal.execution.steps.AbstractSkipEmptyWorkStep.executeWithNonEmptySources(AbstractSkipEmptyWorkStep.java:125)
	at org.gradle.internal.execution.steps.AbstractSkipEmptyWorkStep.execute(AbstractSkipEmptyWorkStep.java:61)
	at org.gradle.internal.execution.steps.AbstractSkipEmptyWorkStep.execute(AbstractSkipEmptyWorkStep.java:36)
	at org.gradle.internal.execution.steps.legacy.MarkSnapshottingInputsStartedStep.execute(MarkSnapshottingInputsStartedStep.java:38)
	at org.gradle.internal.execution.steps.LoadPreviousExecutionStateStep.execute(LoadPreviousExecutionStateStep.java:36)
	at org.gradle.internal.execution.steps.LoadPreviousExecutionStateStep.execute(LoadPreviousExecutionStateStep.java:23)
	at org.gradle.internal.execution.steps.HandleStaleOutputsStep.execute(HandleStaleOutputsStep.java:75)
	at org.gradle.internal.execution.steps.HandleStaleOutputsStep.execute(HandleStaleOutputsStep.java:41)
	at org.gradle.internal.execution.steps.AssignMutableWorkspaceStep.lambda$execute$0(AssignMutableWorkspaceStep.java:35)
	at org.gradle.api.internal.tasks.execution.TaskExecution$4.withWorkspace(TaskExecution.java:289)
	at org.gradle.internal.execution.steps.AssignMutableWorkspaceStep.execute(AssignMutableWorkspaceStep.java:31)
	at org.gradle.internal.execution.steps.AssignMutableWorkspaceStep.execute(AssignMutableWorkspaceStep.java:22)
	at org.gradle.internal.execution.steps.ChoosePipelineStep.execute(ChoosePipelineStep.java:40)
	at org.gradle.internal.execution.steps.ChoosePipelineStep.execute(ChoosePipelineStep.java:23)
	at org.gradle.internal.execution.steps.ExecuteWorkBuildOperationFiringStep.lambda$execute$2(ExecuteWorkBuildOperationFiringStep.java:67)
	at org.gradle.internal.execution.steps.ExecuteWorkBuildOperationFiringStep.execute(ExecuteWorkBuildOperationFiringStep.java:67)
	at org.gradle.internal.execution.steps.ExecuteWorkBuildOperationFiringStep.execute(ExecuteWorkBuildOperationFiringStep.java:39)
	at org.gradle.internal.execution.steps.IdentityCacheStep.execute(IdentityCacheStep.java:46)
	at org.gradle.internal.execution.steps.IdentityCacheStep.execute(IdentityCacheStep.java:34)
	at org.gradle.internal.execution.steps.IdentifyStep.execute(IdentifyStep.java:48)
	at org.gradle.internal.execution.steps.IdentifyStep.execute(IdentifyStep.java:35)
	at org.gradle.internal.execution.impl.DefaultExecutionEngine$1.execute(DefaultExecutionEngine.java:61)
	at org.gradle.api.internal.tasks.execution.ExecuteActionsTaskExecuter.executeIfValid(ExecuteActionsTaskExecuter.java:127)
	at org.gradle.api.internal.tasks.execution.ExecuteActionsTaskExecuter.execute(ExecuteActionsTaskExecuter.java:116)
	at org.gradle.api.internal.tasks.execution.FinalizePropertiesTaskExecuter.execute(FinalizePropertiesTaskExecuter.java:46)
	at org.gradle.api.internal.tasks.execution.ResolveTaskExecutionModeExecuter.execute(ResolveTaskExecutionModeExecuter.java:51)
	at org.gradle.api.internal.tasks.execution.SkipTaskWithNoActionsExecuter.execute(SkipTaskWithNoActionsExecuter.java:57)
	at org.gradle.api.internal.tasks.execution.SkipOnlyIfTaskExecuter.execute(SkipOnlyIfTaskExecuter.java:74)
	at org.gradle.api.internal.tasks.execution.CatchExceptionTaskExecuter.execute(CatchExceptionTaskExecuter.java:36)
	at org.gradle.api.internal.tasks.execution.EventFiringTaskExecuter$1.executeTask(EventFiringTaskExecuter.java:77)
	at org.gradle.api.internal.tasks.execution.EventFiringTaskExecuter$1.call(EventFiringTaskExecuter.java:55)
	at org.gradle.api.internal.tasks.execution.EventFiringTaskExecuter$1.call(EventFiringTaskExecuter.java:52)
	at org.gradle.internal.operations.DefaultBuildOperationRunner$CallableBuildOperationWorker.execute(DefaultBuildOperationRunner.java:209)
	at org.gradle.internal.operations.DefaultBuildOperationRunner$CallableBuildOperationWorker.execute(DefaultBuildOperationRunner.java:204)
	at org.gradle.internal.operations.DefaultBuildOperationRunner$2.execute(DefaultBuildOperationRunner.java:66)
	at org.gradle.internal.operations.DefaultBuildOperationRunner$2.execute(DefaultBuildOperationRunner.java:59)
	at org.gradle.internal.operations.DefaultBuildOperationRunner.execute(DefaultBuildOperationRunner.java:166)
	at org.gradle.internal.operations.DefaultBuildOperationRunner.execute(DefaultBuildOperationRunner.java:59)
	at org.gradle.internal.operations.DefaultBuildOperationRunner.call(DefaultBuildOperationRunner.java:53)
	at org.gradle.api.internal.tasks.execution.EventFiringTaskExecuter.execute(EventFiringTaskExecuter.java:52)
	at org.gradle.execution.plan.LocalTaskNodeExecutor.execute(LocalTaskNodeExecutor.java:42)
	at org.gradle.execution.taskgraph.DefaultTaskExecutionGraph$InvokeNodeExecutorsAction.execute(DefaultTaskExecutionGraph.java:331)
	at org.gradle.execution.taskgraph.DefaultTaskExecutionGraph$InvokeNodeExecutorsAction.execute(DefaultTaskExecutionGraph.java:318)
	at org.gradle.execution.taskgraph.DefaultTaskExecutionGraph$BuildOperationAwareExecutionAction.lambda$execute$0(DefaultTaskExecutionGraph.java:314)
	at org.gradle.internal.operations.CurrentBuildOperationRef.with(CurrentBuildOperationRef.java:85)
	at org.gradle.execution.taskgraph.DefaultTaskExecutionGraph$BuildOperationAwareExecutionAction.execute(DefaultTaskExecutionGraph.java:314)
	at org.gradle.execution.taskgraph.DefaultTaskExecutionGraph$BuildOperationAwareExecutionAction.execute(DefaultTaskExecutionGraph.java:303)
	at org.gradle.execution.plan.DefaultPlanExecutor$ExecutorWorker.execute(DefaultPlanExecutor.java:459)
	at org.gradle.execution.plan.DefaultPlanExecutor$ExecutorWorker.run(DefaultPlanExecutor.java:376)
	at org.gradle.internal.concurrent.ExecutorPolicy$CatchAndRecordFailures.onExecute(ExecutorPolicy.java:64)
	at org.gradle.internal.concurrent.AbstractManagedExecutor$1.run(AbstractManagedExecutor.java:48)
Caused by: org.jetbrains.kotlin.gradle.tasks.CompilationErrorException: Compilation error. See log for more details
	at org.jetbrains.kotlin.gradle.tasks.TasksUtilsKt.throwExceptionIfCompilationFailed(tasksUtils.kt:20)
	at org.jetbrains.kotlin.compilerRunner.GradleKotlinCompilerWork.run(GradleKotlinCompilerWork.kt:141)
	at org.jetbrains.kotlin.compilerRunner.GradleCompilerRunnerWithWorkers$GradleKotlinCompilerWorkAction.execute(GradleCompilerRunnerWithWorkers.kt:73)
	at org.gradle.workers.internal.DefaultWorkerServer.execute(DefaultWorkerServer.java:63)
	at org.gradle.workers.internal.NoIsolationWorkerFactory$1$1.create(NoIsolationWorkerFactory.java:66)
	at org.gradle.workers.internal.NoIsolationWorkerFactory$1$1.create(NoIsolationWorkerFactory.java:62)
	at org.gradle.internal.classloader.ClassLoaderUtils.executeInClassloader(ClassLoaderUtils.java:100)
	at org.gradle.workers.internal.NoIsolationWorkerFactory$1.lambda$execute$0(NoIsolationWorkerFactory.java:62)
	at org.gradle.workers.internal.AbstractWorker$1.call(AbstractWorker.java:44)
	at org.gradle.workers.internal.AbstractWorker$1.call(AbstractWorker.java:41)
	at org.gradle.internal.operations.DefaultBuildOperationRunner$CallableBuildOperationWorker.execute(DefaultBuildOperationRunner.java:209)
	at org.gradle.internal.operations.DefaultBuildOperationRunner$CallableBuildOperationWorker.execute(DefaultBuildOperationRunner.java:204)
	at org.gradle.internal.operations.DefaultBuildOperationRunner$2.execute(DefaultBuildOperationRunner.java:66)
	at org.gradle.internal.operations.DefaultBuildOperationRunner$2.execute(DefaultBuildOperationRunner.java:59)
	at org.gradle.internal.operations.DefaultBuildOperationRunner.execute(DefaultBuildOperationRunner.java:166)
	at org.gradle.internal.operations.DefaultBuildOperationRunner.execute(DefaultBuildOperationRunner.java:59)
	at org.gradle.internal.operations.DefaultBuildOperationRunner.call(DefaultBuildOperationRunner.java:53)
	at org.gradle.workers.internal.AbstractWorker.executeWrappedInBuildOperation(AbstractWorker.java:41)
	at org.gradle.workers.internal.NoIsolationWorkerFactory$1.execute(NoIsolationWorkerFactory.java:59)
	at org.gradle.workers.internal.DefaultWorkerExecutor.lambda$submitWork$0(DefaultWorkerExecutor.java:174)
	at org.gradle.internal.work.DefaultConditionalExecutionQueue$ExecutionRunner.runExecution(DefaultConditionalExecutionQueue.java:195)
	at org.gradle.internal.work.DefaultConditionalExecutionQueue$ExecutionRunner.access$700(DefaultConditionalExecutionQueue.java:128)
	at org.gradle.internal.work.DefaultConditionalExecutionQueue$ExecutionRunner$1.run(DefaultConditionalExecutionQueue.java:170)
	at org.gradle.internal.Factories$1.create(Factories.java:31)
	at org.gradle.internal.work.DefaultWorkerLeaseService.withLocks(DefaultWorkerLeaseService.java:267)
	at org.gradle.internal.work.DefaultWorkerLeaseService.runAsWorkerThread(DefaultWorkerLeaseService.java:131)
	at org.gradle.internal.work.DefaultWorkerLeaseService.runAsWorkerThread(DefaultWorkerLeaseService.java:136)
	at org.gradle.internal.work.DefaultConditionalExecutionQueue$ExecutionRunner.runBatch(DefaultConditionalExecutionQueue.java:165)
	at org.gradle.internal.work.DefaultConditionalExecutionQueue$ExecutionRunner.run(DefaultConditionalExecutionQueue.java:134)
	... 2 more


BUILD FAILED in 2s
30 actionable tasks: 9 executed, 21 up-to-date
2025-02-16T01:42:28.730+0900 [DEBUG] [org.gradle.launcher.daemon.server.exec.ExecuteBuild] The daemon has finished executing the build.
2025-02-16T01:42:28.738+0900 [DEBUG] [org.gradle.launcher.daemon.server.DaemonStateCoordinator] daemon is running. Sleeping until state changes.
2025-02-16T01:42:28.738+0900 [DEBUG] [org.gradle.launcher.daemon.server.DaemonStateCoordinator] Command execution: finished waiting for DaemonCommandExecution[command = Build{id=cfb88b97-e20e-4049-9b95-df77b04c5d3b, currentDir=/Users/kariv/UMC/Frontend}, connection = DefaultDaemonConnection: socket connection from /127.0.0.1:56494 to /127.0.0.1:57257]. Result org.gradle.launcher.daemon.server.DaemonStateCoordinator@43b7a733 with state Busy
2025-02-16T01:42:28.738+0900 [DEBUG] [org.gradle.launcher.daemon.server.DaemonStateCoordinator] Command execution: completed DaemonCommandExecution[command = Build{id=cfb88b97-e20e-4049-9b95-df77b04c5d3b, currentDir=/Users/kariv/UMC/Frontend}, connection = DefaultDaemonConnection: socket connection from /127.0.0.1:56494 to /127.0.0.1:57257]
2025-02-16T01:42:28.738+0900 [DEBUG] [org.gradle.launcher.daemon.server.DaemonStateCoordinator] resetting idle timer
2025-02-16T01:42:28.738+0900 [INFO] [org.gradle.launcher.daemon.server.DaemonRegistryUpdater] Marking the daemon as idle, address: [bc0742fd-d003-4008-bc7f-20ddefeef9c5 port:56494, addresses:[localhost/127.0.0.1]]
2025-02-16T01:42:28.738+0900 [DEBUG] [org.gradle.launcher.daemon.registry.PersistentDaemonRegistry] Marking busy by address: [bc0742fd-d003-4008-bc7f-20ddefeef9c5 port:56494, addresses:[localhost/127.0.0.1]]
2025-02-16T01:42:28.738+0900 [DEBUG] [org.gradle.cache.internal.DefaultFileLockManager] Waiting to acquire exclusive lock on daemon addresses registry.
2025-02-16T01:42:28.739+0900 [DEBUG] [org.gradle.cache.internal.DefaultFileLockManager] Lock acquired on daemon addresses registry.
2025-02-16T01:42:28.739+0900 [DEBUG] [org.gradle.cache.internal.DefaultFileLockManager] Releasing lock on daemon addresses registry.
2025-02-16T01:42:28.739+0900 [DEBUG] [org.gradle.launcher.daemon.server.exec.ReturnResult] Daemon is dispatching the build result: Success[value=org.gradle.launcher.exec.BuildActionResult@7301764]
2025-02-16T01:42:28.739+0900 [DEBUG] [org.gradle.launcher.daemon.server.SynchronizedDispatchConnection] thread 1173: dispatching Success[value=org.gradle.launcher.exec.BuildActionResult@7301764]
2025-02-16T01:42:28.739+0900 [DEBUG] [org.gradle.launcher.daemon.server.DaemonStateCoordinator] daemon is running. Sleeping until state changes.
2025-02-16T01:42:28.740+0900 [DEBUG] [org.gradle.launcher.daemon.server.exec.CleanUpVirtualFileSystemAfterBuild] Cleaning virtual file system after build finished
2025-02-16T01:42:28.740+0900 [DEBUG] [org.gradle.launcher.daemon.server.DefaultIncomingConnectionHandler] Finishing executing command: Build{id=cfb88b97-e20e-4049-9b95-df77b04c5d3b, currentDir=/Users/kariv/UMC/Frontend}
2025-02-16T01:42:28.743+0900 [DEBUG] [org.gradle.launcher.daemon.server.SynchronizedDispatchConnection] thread 1174: received class org.gradle.launcher.daemon.protocol.CloseInput
2025-02-16T01:42:28.743+0900 [DEBUG] [org.gradle.launcher.daemon.server.DefaultDaemonConnection] thread 1174: Received IO message from client: org.gradle.launcher.daemon.protocol.CloseInput@617cdfdc
2025-02-16T01:42:28.743+0900 [DEBUG] [org.gradle.launcher.daemon.server.SynchronizedDispatchConnection] thread 1174: received class org.gradle.launcher.daemon.protocol.Finished
2025-02-16T01:42:28.743+0900 [DEBUG] [org.gradle.launcher.daemon.server.DefaultDaemonConnection] thread 1174: Received non-IO message from client: org.gradle.launcher.daemon.protocol.Finished@6fbb3d83
2025-02-16T01:42:28.744+0900 [DEBUG] [org.gradle.internal.remote.internal.inet.SocketConnection] Discarding EOFException: java.io.EOFException
2025-02-16T01:42:28.744+0900 [DEBUG] [org.gradle.launcher.daemon.server.SynchronizedDispatchConnection] thread 1174: received null
2025-02-16T01:42:28.744+0900 [DEBUG] [org.gradle.launcher.daemon.server.DefaultDaemonConnection] thread 1174: Received end-of-input from client.
2025-02-16T01:42:28.744+0900 [DEBUG] [org.gradle.launcher.daemon.server.DefaultIncomingConnectionHandler] Received finished message: org.gradle.launcher.daemon.protocol.Finished@6fbb3d83
2025-02-16T01:42:28.744+0900 [DEBUG] [org.gradle.launcher.daemon.server.SynchronizedDispatchConnection] thread 1173: stopping connection
2025-02-16T01:42:28.745+0900 [DEBUG] [org.gradle.launcher.daemon.server.SynchronizedDispatchConnection] thread 1173: stopping connection
2025-02-16T01:42:34.744+0900 [DEBUG] [org.gradle.cache.internal.DefaultFileLockManager] Waiting to acquire shared lock on daemon addresses registry.
2025-02-16T01:42:34.744+0900 [DEBUG] [org.gradle.cache.internal.DefaultFileLockManager] Lock acquired on daemon addresses registry.
2025-02-16T01:42:34.744+0900 [DEBUG] [org.gradle.cache.internal.DefaultFileLockManager] Releasing lock on daemon addresses registry.
2025-02-16T01:42:34.745+0900 [DEBUG] [org.gradle.cache.internal.DefaultFileLockManager] Waiting to acquire shared lock on daemon addresses registry.
2025-02-16T01:42:34.745+0900 [DEBUG] [org.gradle.cache.internal.DefaultFileLockManager] Lock acquired on daemon addresses registry.
2025-02-16T01:42:34.745+0900 [DEBUG] [org.gradle.cache.internal.DefaultFileLockManager] Releasing lock on daemon addresses registry.
2025-02-16T01:42:37.582+0900 [DEBUG] [org.gradle.internal.watch.vfs.impl.WatchingVirtualFileSystem] Handling VFS change MODIFIED /Users/kariv/UMC/Frontend/app/src/main/java/com/example/gonggaksim_frontend/ExamDetailFragment.kt
2025-02-16T01:42:37.597+0900 [DEBUG] [org.gradle.internal.remote.internal.inet.TcpIncomingConnector] Accepted connection from /127.0.0.1:57266 to /127.0.0.1:56494.
2025-02-16T01:42:37.599+0900 [DEBUG] [org.gradle.launcher.daemon.server.SynchronizedDispatchConnection] thread 1268: received class org.gradle.launcher.daemon.protocol.Build
2025-02-16T01:42:37.599+0900 [DEBUG] [org.gradle.launcher.daemon.server.DefaultDaemonConnection] thread 1268: Received non-IO message from client: Build{id=148a71c0-e1c4-449b-9ae0-d305c4b488a7, currentDir=/Users/kariv/UMC/Frontend}
2025-02-16T01:42:37.599+0900 [INFO] [org.gradle.launcher.daemon.server.DefaultIncomingConnectionHandler] Received command: Build{id=148a71c0-e1c4-449b-9ae0-d305c4b488a7, currentDir=/Users/kariv/UMC/Frontend}.
2025-02-16T01:42:37.599+0900 [DEBUG] [org.gradle.launcher.daemon.server.DefaultIncomingConnectionHandler] Starting executing command: Build{id=148a71c0-e1c4-449b-9ae0-d305c4b488a7, currentDir=/Users/kariv/UMC/Frontend} with connection: socket connection from /127.0.0.1:56494 to /127.0.0.1:57266.
2025-02-16T01:42:37.600+0900 [DEBUG] [org.gradle.launcher.daemon.server.DaemonStateCoordinator] Command execution: started DaemonCommandExecution[command = Build{id=148a71c0-e1c4-449b-9ae0-d305c4b488a7, currentDir=/Users/kariv/UMC/Frontend}, connection = DefaultDaemonConnection: socket connection from /127.0.0.1:56494 to /127.0.0.1:57266] after 0.14768333333333333 minutes of idle
2025-02-16T01:42:37.600+0900 [INFO] [org.gradle.launcher.daemon.server.DaemonRegistryUpdater] Marking the daemon as busy, address: [bc0742fd-d003-4008-bc7f-20ddefeef9c5 port:56494, addresses:[localhost/127.0.0.1]]
2025-02-16T01:42:37.600+0900 [DEBUG] [org.gradle.launcher.daemon.registry.PersistentDaemonRegistry] Marking busy by address: [bc0742fd-d003-4008-bc7f-20ddefeef9c5 port:56494, addresses:[localhost/127.0.0.1]]
2025-02-16T01:42:37.600+0900 [DEBUG] [org.gradle.cache.internal.DefaultFileLockManager] Waiting to acquire exclusive lock on daemon addresses registry.
2025-02-16T01:42:37.600+0900 [DEBUG] [org.gradle.cache.internal.DefaultFileLockManager] Lock acquired on daemon addresses registry.
2025-02-16T01:42:37.601+0900 [DEBUG] [org.gradle.cache.internal.DefaultFileLockManager] Releasing lock on daemon addresses registry.
2025-02-16T01:42:37.601+0900 [DEBUG] [org.gradle.launcher.daemon.server.DaemonStateCoordinator] resetting idle timer
2025-02-16T01:42:37.601+0900 [DEBUG] [org.gradle.launcher.daemon.server.DaemonStateCoordinator] daemon is running. Sleeping until state changes.
2025-02-16T01:42:37.601+0900 [INFO] [org.gradle.launcher.daemon.server.exec.StartBuildOrRespondWithBusy] Daemon is about to start building Build{id=148a71c0-e1c4-449b-9ae0-d305c4b488a7, currentDir=/Users/kariv/UMC/Frontend}. Dispatching build started information...
2025-02-16T01:42:37.601+0900 [DEBUG] [org.gradle.launcher.daemon.server.SynchronizedDispatchConnection] thread 1176: dispatching org.gradle.launcher.daemon.protocol.BuildStarted@14f8c6d0
2025-02-16T01:42:37.602+0900 [DEBUG] [org.gradle.launcher.daemon.server.exec.EstablishBuildEnvironment] Configuring env variables: [PATH, GSETTINGS_SCHEMA_DIR_CONDA_BACKUP, __CFBundleIdentifier, SHELL, CONDA_DEFAULT_ENV, CONDA_EXE, OLDPWD, CONDA_PYTHON_EXE, USER, COMMAND_MODE, TMPDIR, CONDA_PREFIX, SSH_AUTH_SOCK, _CE_CONDA, XPC_FLAGS, _CE_M, __CF_USER_TEXT_ENCODING, CONDA_PROMPT_MODIFIER, GSETTINGS_SCHEMA_DIR, LOGNAME, LC_CTYPE, XPC_SERVICE_NAME, CONDA_SHLVL, HOME]
2025-02-16T01:42:37.602+0900 [DEBUG] [org.gradle.launcher.daemon.server.exec.LogToClient] About to start relaying all logs to the client via the connection.
2025-02-16T01:42:37.602+0900 [INFO] [org.gradle.launcher.daemon.server.exec.LogToClient] The client will now receive all logging from the daemon (pid: 38875). The daemon log file: /Users/kariv/UMC/Frontend/gradle/daemon/8.9/daemon-38875.out.log
2025-02-16T01:42:37.603+0900 [INFO] [org.gradle.launcher.daemon.server.exec.LogAndCheckHealth] Starting 12th build in daemon [uptime: 20 mins 52.999 secs, performance: 98%, GC rate: 0.00/s, heap usage: 2% of 2 GiB]
2025-02-16T01:42:37.603+0900 [DEBUG] [org.gradle.launcher.daemon.server.exec.ExecuteBuild] The daemon has started executing the build.
2025-02-16T01:42:37.603+0900 [DEBUG] [org.gradle.launcher.daemon.server.exec.ExecuteBuild] Executing build with daemon context: DefaultDaemonContext[uid=00c7bf90-ca55-42c3-8e54-eac397236dba,javaHome=/Applications/Android Studio.app/Contents/jbr/Contents/Home,javaVersion=21,daemonRegistryDir=/Users/kariv/UMC/Frontend/gradle/daemon,pid=38875,idleTimeout=10800000,priority=NORMAL,applyInstrumentationAgent=true,nativeServicesMode=ENABLED,daemonOpts=--add-opens=java.base/java.util=ALL-UNNAMED,--add-opens=java.base/java.lang=ALL-UNNAMED,--add-opens=java.base/java.lang.invoke=ALL-UNNAMED,--add-opens=java.prefs/java.util.prefs=ALL-UNNAMED,--add-exports=jdk.compiler/com.sun.tools.javac.api=ALL-UNNAMED,--add-exports=jdk.compiler/com.sun.tools.javac.util=ALL-UNNAMED,--add-opens=java.base/java.nio.charset=ALL-UNNAMED,--add-opens=java.base/java.net=ALL-UNNAMED,--add-opens=java.base/java.util.concurrent.atomic=ALL-UNNAMED,-Xmx2048m,-Dfile.encoding=UTF-8,-Duser.country=KR,-Duser.language=ko,-Duser.variant]

BUILD SUCCESSFUL in 3s
37 actionable tasks: 6 executed, 31 up-to-date
2025-02-16T01:42:40.786+0900 [DEBUG] [org.gradle.launcher.daemon.server.exec.ExecuteBuild] The daemon has finished executing the build.
2025-02-16T01:42:40.787+0900 [DEBUG] [org.gradle.launcher.daemon.server.DaemonStateCoordinator] Command execution: finished waiting for DaemonCommandExecution[command = Build{id=148a71c0-e1c4-449b-9ae0-d305c4b488a7, currentDir=/Users/kariv/UMC/Frontend}, connection = DefaultDaemonConnection: socket connection from /127.0.0.1:56494 to /127.0.0.1:57266]. Result org.gradle.launcher.daemon.server.DaemonStateCoordinator@43b7a733 with state Busy
2025-02-16T01:42:40.787+0900 [DEBUG] [org.gradle.launcher.daemon.server.DaemonStateCoordinator] Command execution: completed DaemonCommandExecution[command = Build{id=148a71c0-e1c4-449b-9ae0-d305c4b488a7, currentDir=/Users/kariv/UMC/Frontend}, connection = DefaultDaemonConnection: socket connection from /127.0.0.1:56494 to /127.0.0.1:57266]
2025-02-16T01:42:40.787+0900 [DEBUG] [org.gradle.launcher.daemon.server.DaemonStateCoordinator] resetting idle timer
2025-02-16T01:42:40.787+0900 [INFO] [org.gradle.launcher.daemon.server.DaemonRegistryUpdater] Marking the daemon as idle, address: [bc0742fd-d003-4008-bc7f-20ddefeef9c5 port:56494, addresses:[localhost/127.0.0.1]]
2025-02-16T01:42:40.787+0900 [DEBUG] [org.gradle.launcher.daemon.registry.PersistentDaemonRegistry] Marking busy by address: [bc0742fd-d003-4008-bc7f-20ddefeef9c5 port:56494, addresses:[localhost/127.0.0.1]]
2025-02-16T01:42:40.787+0900 [DEBUG] [org.gradle.cache.internal.DefaultFileLockManager] Waiting to acquire exclusive lock on daemon addresses registry.
2025-02-16T01:42:40.788+0900 [DEBUG] [org.gradle.cache.internal.DefaultFileLockManager] Lock acquired on daemon addresses registry.
2025-02-16T01:42:40.788+0900 [DEBUG] [org.gradle.cache.internal.DefaultFileLockManager] Releasing lock on daemon addresses registry.
2025-02-16T01:42:40.788+0900 [DEBUG] [org.gradle.launcher.daemon.server.exec.ReturnResult] Daemon is dispatching the build result: Success[value=org.gradle.launcher.exec.BuildActionResult@5fe8252b]
2025-02-16T01:42:40.788+0900 [DEBUG] [org.gradle.launcher.daemon.server.DaemonStateCoordinator] daemon is running. Sleeping until state changes.
2025-02-16T01:42:40.788+0900 [DEBUG] [org.gradle.launcher.daemon.server.SynchronizedDispatchConnection] thread 1173: dispatching Success[value=org.gradle.launcher.exec.BuildActionResult@5fe8252b]
2025-02-16T01:42:40.788+0900 [DEBUG] [org.gradle.launcher.daemon.server.exec.CleanUpVirtualFileSystemAfterBuild] Cleaning virtual file system after build finished
2025-02-16T01:42:40.788+0900 [DEBUG] [org.gradle.launcher.daemon.server.DefaultIncomingConnectionHandler] Finishing executing command: Build{id=148a71c0-e1c4-449b-9ae0-d305c4b488a7, currentDir=/Users/kariv/UMC/Frontend}
2025-02-16T01:42:40.788+0900 [DEBUG] [org.gradle.launcher.daemon.server.SynchronizedDispatchConnection] thread 1268: received class org.gradle.launcher.daemon.protocol.CloseInput
2025-02-16T01:42:40.788+0900 [DEBUG] [org.gradle.launcher.daemon.server.DefaultDaemonConnection] thread 1268: Received IO message from client: org.gradle.launcher.daemon.protocol.CloseInput@668bc75
2025-02-16T01:42:40.788+0900 [DEBUG] [org.gradle.launcher.daemon.server.SynchronizedDispatchConnection] thread 1268: received class org.gradle.launcher.daemon.protocol.Finished
2025-02-16T01:42:40.788+0900 [DEBUG] [org.gradle.launcher.daemon.server.DefaultDaemonConnection] thread 1268: Received non-IO message from client: org.gradle.launcher.daemon.protocol.Finished@8af42c8
2025-02-16T01:42:40.788+0900 [DEBUG] [org.gradle.internal.remote.internal.inet.SocketConnection] Discarding EOFException: java.io.EOFException
2025-02-16T01:42:40.788+0900 [DEBUG] [org.gradle.launcher.daemon.server.SynchronizedDispatchConnection] thread 1268: received null
2025-02-16T01:42:40.788+0900 [DEBUG] [org.gradle.launcher.daemon.server.DefaultDaemonConnection] thread 1268: Received end-of-input from client.
2025-02-16T01:42:40.789+0900 [DEBUG] [org.gradle.launcher.daemon.server.DefaultIncomingConnectionHandler] Received finished message: org.gradle.launcher.daemon.protocol.Finished@8af42c8
2025-02-16T01:42:40.789+0900 [DEBUG] [org.gradle.launcher.daemon.server.SynchronizedDispatchConnection] thread 1173: stopping connection
2025-02-16T01:42:40.789+0900 [DEBUG] [org.gradle.launcher.daemon.server.SynchronizedDispatchConnection] thread 1173: stopping connection
2025-02-16T01:42:43.097+0900 [DEBUG] [sun.rmi.transport.tcp] RMI TCP Connection(17)-127.0.0.1: (port 56517) connection closed
2025-02-16T01:42:43.100+0900 [DEBUG] [sun.rmi.transport.tcp] RMI TCP Connection(17)-127.0.0.1: close connection, socket: Socket[addr=/127.0.0.1,port=57261,localport=56517]
2025-02-16T01:42:43.100+0900 [DEBUG] [sun.rmi.transport.tcp] RMI TCP Connection(17)-127.0.0.1: socket close: Socket[addr=/127.0.0.1,port=57261,localport=56517]
2025-02-16T01:42:44.748+0900 [DEBUG] [org.gradle.cache.internal.DefaultFileLockManager] Waiting to acquire shared lock on daemon addresses registry.
2025-02-16T01:42:44.749+0900 [DEBUG] [org.gradle.cache.internal.DefaultFileLockManager] Lock acquired on daemon addresses registry.
2025-02-16T01:42:44.749+0900 [DEBUG] [org.gradle.cache.internal.DefaultFileLockManager] Releasing lock on daemon addresses registry.
2025-02-16T01:42:44.752+0900 [DEBUG] [org.gradle.cache.internal.DefaultFileLockManager] Waiting to acquire shared lock on daemon addresses registry.
2025-02-16T01:42:44.752+0900 [DEBUG] [org.gradle.cache.internal.DefaultFileLockManager] Lock acquired on daemon addresses registry.
2025-02-16T01:42:44.753+0900 [DEBUG] [org.gradle.cache.internal.DefaultFileLockManager] Releasing lock on daemon addresses registry.
2025-02-16T01:42:54.748+0900 [DEBUG] [org.gradle.cache.internal.DefaultFileLockManager] Waiting to acquire shared lock on daemon addresses registry.
2025-02-16T01:42:54.750+0900 [DEBUG] [org.gradle.cache.internal.DefaultFileLockManager] Lock acquired on daemon addresses registry.
2025-02-16T01:42:54.750+0900 [DEBUG] [org.gradle.cache.internal.DefaultFileLockManager] Releasing lock on daemon addresses registry.
2025-02-16T01:42:54.751+0900 [DEBUG] [org.gradle.cache.internal.DefaultFileLockManager] Waiting to acquire shared lock on daemon addresses registry.
2025-02-16T01:42:54.751+0900 [DEBUG] [org.gradle.cache.internal.DefaultFileLockManager] Lock acquired on daemon addresses registry.
2025-02-16T01:42:54.751+0900 [DEBUG] [org.gradle.cache.internal.DefaultFileLockManager] Releasing lock on daemon addresses registry.
2025-02-16T01:42:54.751+0900 [DEBUG] [org.gradle.cache.internal.DefaultFileLockManager] Waiting to acquire shared lock on daemon addresses registry.
2025-02-16T01:42:54.751+0900 [DEBUG] [org.gradle.cache.internal.DefaultFileLockManager] Lock acquired on daemon addresses registry.
2025-02-16T01:42:54.751+0900 [DEBUG] [org.gradle.cache.internal.DefaultFileLockManager] Releasing lock on daemon addresses registry.
2025-02-16T01:42:57.983+0900 [DEBUG] [sun.rmi.transport.tcp] RMI Scheduler(0): close connection, socket: Socket[addr=localhost/127.0.0.1,port=17261,localport=57258]
2025-02-16T01:42:57.984+0900 [DEBUG] [sun.rmi.transport.tcp] RMI Scheduler(0): close connection, socket: Socket[addr=localhost/127.0.0.1,port=17261,localport=57267]
2025-02-16T01:42:58.007+0900 [DEBUG] [sun.rmi.transport.tcp] RMI TCP Connection(16)-127.0.0.1: (port 56517) connection closed
2025-02-16T01:42:58.008+0900 [DEBUG] [sun.rmi.transport.tcp] RMI TCP Connection(16)-127.0.0.1: close connection, socket: Socket[addr=/127.0.0.1,port=57260,localport=56517]
2025-02-16T01:42:58.008+0900 [DEBUG] [sun.rmi.transport.tcp] RMI TCP Connection(16)-127.0.0.1: socket close: Socket[addr=/127.0.0.1,port=57260,localport=56517]
2025-02-16T01:43:04.758+0900 [DEBUG] [org.gradle.cache.internal.DefaultFileLockManager] Waiting to acquire shared lock on daemon addresses registry.
2025-02-16T01:43:04.762+0900 [DEBUG] [org.gradle.cache.internal.DefaultFileLockManager] Lock acquired on daemon addresses registry.
2025-02-16T01:43:04.765+0900 [DEBUG] [org.gradle.cache.internal.DefaultFileLockManager] Releasing lock on daemon addresses registry.
2025-02-16T01:43:04.766+0900 [DEBUG] [org.gradle.cache.internal.DefaultFileLockManager] Waiting to acquire shared lock on daemon addresses registry.
2025-02-16T01:43:04.766+0900 [DEBUG] [org.gradle.cache.internal.DefaultFileLockManager] Lock acquired on daemon addresses registry.
2025-02-16T01:43:04.766+0900 [DEBUG] [org.gradle.cache.internal.DefaultFileLockManager] Releasing lock on daemon addresses registry.
2025-02-16T01:43:04.767+0900 [DEBUG] [org.gradle.cache.internal.DefaultFileLockManager] Waiting to acquire shared lock on daemon addresses registry.
2025-02-16T01:43:04.767+0900 [DEBUG] [org.gradle.cache.internal.DefaultFileLockManager] Lock acquired on daemon addresses registry.
2025-02-16T01:43:04.767+0900 [DEBUG] [org.gradle.cache.internal.DefaultFileLockManager] Releasing lock on daemon addresses registry.
2025-02-16T01:43:08.052+0900 [DEBUG] [sun.rmi.transport.tcp] RMI Scheduler(0): close connection, socket: Socket[addr=localhost/127.0.0.1,port=17261,localport=57270]
2025-02-16T01:43:08.064+0900 [DEBUG] [sun.rmi.transport.tcp] RMI TCP Connection(18)-127.0.0.1: (port 56517) connection closed
2025-02-16T01:43:08.064+0900 [DEBUG] [sun.rmi.transport.tcp] RMI TCP Connection(18)-127.0.0.1: close connection, socket: Socket[addr=/127.0.0.1,port=57269,localport=56517]
2025-02-16T01:43:08.064+0900 [DEBUG] [sun.rmi.transport.tcp] RMI TCP Connection(18)-127.0.0.1: socket close: Socket[addr=/127.0.0.1,port=57269,localport=56517]
2025-02-16T01:43:14.752+0900 [DEBUG] [org.gradle.cache.internal.DefaultFileLockManager] Waiting to acquire shared lock on daemon addresses registry.
2025-02-16T01:43:14.754+0900 [DEBUG] [org.gradle.cache.internal.DefaultFileLockManager] Lock acquired on daemon addresses registry.
2025-02-16T01:43:14.754+0900 [DEBUG] [org.gradle.cache.internal.DefaultFileLockManager] Releasing lock on daemon addresses registry.
2025-02-16T01:43:14.755+0900 [DEBUG] [org.gradle.cache.internal.DefaultFileLockManager] Waiting to acquire shared lock on daemon addresses registry.
2025-02-16T01:43:14.755+0900 [DEBUG] [org.gradle.cache.internal.DefaultFileLockManager] Lock acquired on daemon addresses registry.
2025-02-16T01:43:14.755+0900 [DEBUG] [org.gradle.cache.internal.DefaultFileLockManager] Releasing lock on daemon addresses registry.
2025-02-16T01:43:14.755+0900 [DEBUG] [org.gradle.cache.internal.DefaultFileLockManager] Waiting to acquire shared lock on daemon addresses registry.
2025-02-16T01:43:14.755+0900 [DEBUG] [org.gradle.cache.internal.DefaultFileLockManager] Lock acquired on daemon addresses registry.
2025-02-16T01:43:14.755+0900 [DEBUG] [org.gradle.cache.internal.DefaultFileLockManager] Releasing lock on daemon addresses registry.
2025-02-16T01:43:24.748+0900 [DEBUG] [org.gradle.cache.internal.DefaultFileLockManager] Waiting to acquire shared lock on daemon addresses registry.
2025-02-16T01:43:24.748+0900 [DEBUG] [org.gradle.cache.internal.DefaultFileLockManager] Lock acquired on daemon addresses registry.
2025-02-16T01:43:24.748+0900 [DEBUG] [org.gradle.cache.internal.DefaultFileLockManager] Releasing lock on daemon addresses registry.
2025-02-16T01:43:24.748+0900 [DEBUG] [org.gradle.cache.internal.DefaultFileLockManager] Waiting to acquire shared lock on daemon addresses registry.
2025-02-16T01:43:24.748+0900 [DEBUG] [org.gradle.cache.internal.DefaultFileLockManager] Lock acquired on daemon addresses registry.
2025-02-16T01:43:24.749+0900 [DEBUG] [org.gradle.cache.internal.DefaultFileLockManager] Releasing lock on daemon addresses registry.
2025-02-16T01:43:24.749+0900 [DEBUG] [org.gradle.cache.internal.DefaultFileLockManager] Waiting to acquire shared lock on daemon addresses registry.
2025-02-16T01:43:24.749+0900 [DEBUG] [org.gradle.cache.internal.DefaultFileLockManager] Lock acquired on daemon addresses registry.
2025-02-16T01:43:24.749+0900 [DEBUG] [org.gradle.cache.internal.DefaultFileLockManager] Releasing lock on daemon addresses registry.
2025-02-16T01:43:34.747+0900 [DEBUG] [org.gradle.cache.internal.DefaultFileLockManager] Waiting to acquire shared lock on daemon addresses registry.
2025-02-16T01:43:34.748+0900 [DEBUG] [org.gradle.cache.internal.DefaultFileLockManager] Lock acquired on daemon addresses registry.
2025-02-16T01:43:34.748+0900 [DEBUG] [org.gradle.cache.internal.DefaultFileLockManager] Releasing lock on daemon addresses registry.
2025-02-16T01:43:34.749+0900 [DEBUG] [org.gradle.cache.internal.DefaultFileLockManager] Waiting to acquire shared lock on daemon addresses registry.
2025-02-16T01:43:34.749+0900 [DEBUG] [org.gradle.cache.internal.DefaultFileLockManager] Lock acquired on daemon addresses registry.
2025-02-16T01:43:34.749+0900 [DEBUG] [org.gradle.cache.internal.DefaultFileLockManager] Releasing lock on daemon addresses registry.
2025-02-16T01:43:34.749+0900 [DEBUG] [org.gradle.cache.internal.DefaultFileLockManager] Waiting to acquire shared lock on daemon addresses registry.
2025-02-16T01:43:34.749+0900 [DEBUG] [org.gradle.cache.internal.DefaultFileLockManager] Lock acquired on daemon addresses registry.
2025-02-16T01:43:34.749+0900 [DEBUG] [org.gradle.cache.internal.DefaultFileLockManager] Releasing lock on daemon addresses registry.
2025-02-16T01:43:44.743+0900 [DEBUG] [org.gradle.cache.internal.DefaultFileLockManager] Waiting to acquire shared lock on daemon addresses registry.
2025-02-16T01:43:44.744+0900 [DEBUG] [org.gradle.cache.internal.DefaultFileLockManager] Lock acquired on daemon addresses registry.
2025-02-16T01:43:44.744+0900 [DEBUG] [org.gradle.cache.internal.DefaultFileLockManager] Releasing lock on daemon addresses registry.
2025-02-16T01:43:44.745+0900 [DEBUG] [org.gradle.cache.internal.DefaultFileLockManager] Waiting to acquire shared lock on daemon addresses registry.
2025-02-16T01:43:44.745+0900 [DEBUG] [org.gradle.cache.internal.DefaultFileLockManager] Lock acquired on daemon addresses registry.
2025-02-16T01:43:44.745+0900 [DEBUG] [org.gradle.cache.internal.DefaultFileLockManager] Releasing lock on daemon addresses registry.
2025-02-16T01:43:44.745+0900 [DEBUG] [org.gradle.cache.internal.DefaultFileLockManager] Waiting to acquire shared lock on daemon addresses registry.
2025-02-16T01:43:44.745+0900 [DEBUG] [org.gradle.cache.internal.DefaultFileLockManager] Lock acquired on daemon addresses registry.
2025-02-16T01:43:44.745+0900 [DEBUG] [org.gradle.cache.internal.DefaultFileLockManager] Releasing lock on daemon addresses registry.
2025-02-16T01:43:54.749+0900 [DEBUG] [org.gradle.cache.internal.DefaultFileLockManager] Waiting to acquire shared lock on daemon addresses registry.
2025-02-16T01:43:54.750+0900 [DEBUG] [org.gradle.cache.internal.DefaultFileLockManager] Lock acquired on daemon addresses registry.
2025-02-16T01:43:54.751+0900 [DEBUG] [org.gradle.cache.internal.DefaultFileLockManager] Releasing lock on daemon addresses registry.
2025-02-16T01:43:54.752+0900 [DEBUG] [org.gradle.cache.internal.DefaultFileLockManager] Waiting to acquire shared lock on daemon addresses registry.
2025-02-16T01:43:54.752+0900 [DEBUG] [org.gradle.cache.internal.DefaultFileLockManager] Lock acquired on daemon addresses registry.
2025-02-16T01:43:54.752+0900 [DEBUG] [org.gradle.cache.internal.DefaultFileLockManager] Releasing lock on daemon addresses registry.
2025-02-16T01:43:54.752+0900 [DEBUG] [org.gradle.cache.internal.DefaultFileLockManager] Waiting to acquire shared lock on daemon addresses registry.
2025-02-16T01:43:54.752+0900 [DEBUG] [org.gradle.cache.internal.DefaultFileLockManager] Lock acquired on daemon addresses registry.
2025-02-16T01:43:54.753+0900 [DEBUG] [org.gradle.cache.internal.DefaultFileLockManager] Releasing lock on daemon addresses registry.
2025-02-16T01:44:04.743+0900 [DEBUG] [org.gradle.cache.internal.DefaultFileLockManager] Waiting to acquire shared lock on daemon addresses registry.
2025-02-16T01:44:04.748+0900 [DEBUG] [org.gradle.cache.internal.DefaultFileLockManager] Lock acquired on daemon addresses registry.
2025-02-16T01:44:04.750+0900 [DEBUG] [org.gradle.cache.internal.DefaultFileLockManager] Releasing lock on daemon addresses registry.
2025-02-16T01:44:04.751+0900 [DEBUG] [org.gradle.cache.internal.DefaultFileLockManager] Waiting to acquire shared lock on daemon addresses registry.
2025-02-16T01:44:04.751+0900 [DEBUG] [org.gradle.cache.internal.DefaultFileLockManager] Lock acquired on daemon addresses registry.
2025-02-16T01:44:04.751+0900 [DEBUG] [org.gradle.cache.internal.DefaultFileLockManager] Releasing lock on daemon addresses registry.
2025-02-16T01:44:04.751+0900 [DEBUG] [org.gradle.cache.internal.DefaultFileLockManager] Waiting to acquire shared lock on daemon addresses registry.
2025-02-16T01:44:04.751+0900 [DEBUG] [org.gradle.cache.internal.DefaultFileLockManager] Lock acquired on daemon addresses registry.
2025-02-16T01:44:04.751+0900 [DEBUG] [org.gradle.cache.internal.DefaultFileLockManager] Releasing lock on daemon addresses registry.
2025-02-16T01:44:07.554+0900 [DEBUG] [org.gradle.internal.watch.vfs.impl.WatchingVirtualFileSystem] Handling VFS change MODIFIED /Users/kariv/UMC/Frontend/app/src/main/res/layout/fragment_exam_detail.xml
2025-02-16T01:44:07.555+0900 [DEBUG] [org.gradle.internal.watch.vfs.impl.WatchingVirtualFileSystem] Handling VFS change MODIFIED /Users/kariv/UMC/Frontend/app/src/main/java/com/example/gonggaksim_frontend/ExamDetailFragment.kt
2025-02-16T01:44:07.570+0900 [DEBUG] [org.gradle.internal.remote.internal.inet.TcpIncomingConnector] Accepted connection from /127.0.0.1:57313 to /127.0.0.1:56494.
2025-02-16T01:44:07.574+0900 [DEBUG] [org.gradle.launcher.daemon.server.SynchronizedDispatchConnection] thread 1385: received class org.gradle.launcher.daemon.protocol.Build
2025-02-16T01:44:07.574+0900 [DEBUG] [org.gradle.launcher.daemon.server.DefaultDaemonConnection] thread 1385: Received non-IO message from client: Build{id=3c1b2bcd-a65d-4fb3-9a9f-30d916fdbe6d, currentDir=/Users/kariv/UMC/Frontend}
2025-02-16T01:44:07.574+0900 [INFO] [org.gradle.launcher.daemon.server.DefaultIncomingConnectionHandler] Received command: Build{id=3c1b2bcd-a65d-4fb3-9a9f-30d916fdbe6d, currentDir=/Users/kariv/UMC/Frontend}.
2025-02-16T01:44:07.574+0900 [DEBUG] [org.gradle.launcher.daemon.server.DefaultIncomingConnectionHandler] Starting executing command: Build{id=3c1b2bcd-a65d-4fb3-9a9f-30d916fdbe6d, currentDir=/Users/kariv/UMC/Frontend} with connection: socket connection from /127.0.0.1:56494 to /127.0.0.1:57313.
2025-02-16T01:44:07.575+0900 [DEBUG] [org.gradle.launcher.daemon.server.DaemonStateCoordinator] Command execution: started DaemonCommandExecution[command = Build{id=3c1b2bcd-a65d-4fb3-9a9f-30d916fdbe6d, currentDir=/Users/kariv/UMC/Frontend}, connection = DefaultDaemonConnection: socket connection from /127.0.0.1:56494 to /127.0.0.1:57313] after 1.4465000000000001 minutes of idle
2025-02-16T01:44:07.575+0900 [INFO] [org.gradle.launcher.daemon.server.DaemonRegistryUpdater] Marking the daemon as busy, address: [bc0742fd-d003-4008-bc7f-20ddefeef9c5 port:56494, addresses:[localhost/127.0.0.1]]
2025-02-16T01:44:07.575+0900 [DEBUG] [org.gradle.launcher.daemon.registry.PersistentDaemonRegistry] Marking busy by address: [bc0742fd-d003-4008-bc7f-20ddefeef9c5 port:56494, addresses:[localhost/127.0.0.1]]
2025-02-16T01:44:07.575+0900 [DEBUG] [org.gradle.cache.internal.DefaultFileLockManager] Waiting to acquire exclusive lock on daemon addresses registry.
2025-02-16T01:44:07.576+0900 [DEBUG] [org.gradle.cache.internal.DefaultFileLockManager] Lock acquired on daemon addresses registry.
2025-02-16T01:44:07.576+0900 [DEBUG] [org.gradle.cache.internal.DefaultFileLockManager] Releasing lock on daemon addresses registry.
2025-02-16T01:44:07.577+0900 [DEBUG] [org.gradle.launcher.daemon.server.DaemonStateCoordinator] resetting idle timer
2025-02-16T01:44:07.577+0900 [DEBUG] [org.gradle.launcher.daemon.server.DaemonStateCoordinator] daemon is running. Sleeping until state changes.
2025-02-16T01:44:07.577+0900 [INFO] [org.gradle.launcher.daemon.server.exec.StartBuildOrRespondWithBusy] Daemon is about to start building Build{id=3c1b2bcd-a65d-4fb3-9a9f-30d916fdbe6d, currentDir=/Users/kariv/UMC/Frontend}. Dispatching build started information...
2025-02-16T01:44:07.577+0900 [DEBUG] [org.gradle.launcher.daemon.server.SynchronizedDispatchConnection] thread 1387: dispatching org.gradle.launcher.daemon.protocol.BuildStarted@6dcd9c31
2025-02-16T01:44:07.578+0900 [DEBUG] [org.gradle.launcher.daemon.server.exec.EstablishBuildEnvironment] Configuring env variables: [PATH, GSETTINGS_SCHEMA_DIR_CONDA_BACKUP, __CFBundleIdentifier, SHELL, CONDA_DEFAULT_ENV, CONDA_EXE, OLDPWD, CONDA_PYTHON_EXE, USER, COMMAND_MODE, TMPDIR, CONDA_PREFIX, SSH_AUTH_SOCK, _CE_CONDA, XPC_FLAGS, _CE_M, __CF_USER_TEXT_ENCODING, CONDA_PROMPT_MODIFIER, GSETTINGS_SCHEMA_DIR, LOGNAME, LC_CTYPE, XPC_SERVICE_NAME, CONDA_SHLVL, HOME]
2025-02-16T01:44:07.580+0900 [DEBUG] [org.gradle.launcher.daemon.server.exec.LogToClient] About to start relaying all logs to the client via the connection.
2025-02-16T01:44:07.580+0900 [INFO] [org.gradle.launcher.daemon.server.exec.LogToClient] The client will now receive all logging from the daemon (pid: 38875). The daemon log file: /Users/kariv/UMC/Frontend/gradle/daemon/8.9/daemon-38875.out.log
2025-02-16T01:44:07.582+0900 [INFO] [org.gradle.launcher.daemon.server.exec.LogAndCheckHealth] Starting 13th build in daemon [uptime: 22 mins 22.98 secs, performance: 98%, GC rate: 0.00/s, heap usage: 2% of 2 GiB]
2025-02-16T01:44:07.583+0900 [DEBUG] [org.gradle.launcher.daemon.server.exec.ExecuteBuild] The daemon has started executing the build.
2025-02-16T01:44:07.583+0900 [DEBUG] [org.gradle.launcher.daemon.server.exec.ExecuteBuild] Executing build with daemon context: DefaultDaemonContext[uid=00c7bf90-ca55-42c3-8e54-eac397236dba,javaHome=/Applications/Android Studio.app/Contents/jbr/Contents/Home,javaVersion=21,daemonRegistryDir=/Users/kariv/UMC/Frontend/gradle/daemon,pid=38875,idleTimeout=10800000,priority=NORMAL,applyInstrumentationAgent=true,nativeServicesMode=ENABLED,daemonOpts=--add-opens=java.base/java.util=ALL-UNNAMED,--add-opens=java.base/java.lang=ALL-UNNAMED,--add-opens=java.base/java.lang.invoke=ALL-UNNAMED,--add-opens=java.prefs/java.util.prefs=ALL-UNNAMED,--add-exports=jdk.compiler/com.sun.tools.javac.api=ALL-UNNAMED,--add-exports=jdk.compiler/com.sun.tools.javac.util=ALL-UNNAMED,--add-opens=java.base/java.nio.charset=ALL-UNNAMED,--add-opens=java.base/java.net=ALL-UNNAMED,--add-opens=java.base/java.util.concurrent.atomic=ALL-UNNAMED,-Xmx2048m,-Dfile.encoding=UTF-8,-Duser.country=KR,-Duser.language=ko,-Duser.variant]

BUILD SUCCESSFUL in 3s
37 actionable tasks: 13 executed, 24 up-to-date
2025-02-16T01:44:10.715+0900 [DEBUG] [org.gradle.launcher.daemon.server.exec.ExecuteBuild] The daemon has finished executing the build.
2025-02-16T01:44:10.717+0900 [DEBUG] [org.gradle.launcher.daemon.server.DaemonStateCoordinator] daemon is running. Sleeping until state changes.
2025-02-16T01:44:10.717+0900 [DEBUG] [org.gradle.launcher.daemon.server.DaemonStateCoordinator] Command execution: finished waiting for DaemonCommandExecution[command = Build{id=3c1b2bcd-a65d-4fb3-9a9f-30d916fdbe6d, currentDir=/Users/kariv/UMC/Frontend}, connection = DefaultDaemonConnection: socket connection from /127.0.0.1:56494 to /127.0.0.1:57313]. Result org.gradle.launcher.daemon.server.DaemonStateCoordinator@43b7a733 with state Busy
2025-02-16T01:44:10.717+0900 [DEBUG] [org.gradle.launcher.daemon.server.DaemonStateCoordinator] Command execution: completed DaemonCommandExecution[command = Build{id=3c1b2bcd-a65d-4fb3-9a9f-30d916fdbe6d, currentDir=/Users/kariv/UMC/Frontend}, connection = DefaultDaemonConnection: socket connection from /127.0.0.1:56494 to /127.0.0.1:57313]
2025-02-16T01:44:10.717+0900 [DEBUG] [org.gradle.launcher.daemon.server.DaemonStateCoordinator] resetting idle timer
2025-02-16T01:44:10.717+0900 [INFO] [org.gradle.launcher.daemon.server.DaemonRegistryUpdater] Marking the daemon as idle, address: [bc0742fd-d003-4008-bc7f-20ddefeef9c5 port:56494, addresses:[localhost/127.0.0.1]]
2025-02-16T01:44:10.717+0900 [DEBUG] [org.gradle.launcher.daemon.registry.PersistentDaemonRegistry] Marking busy by address: [bc0742fd-d003-4008-bc7f-20ddefeef9c5 port:56494, addresses:[localhost/127.0.0.1]]
2025-02-16T01:44:10.717+0900 [DEBUG] [org.gradle.cache.internal.DefaultFileLockManager] Waiting to acquire exclusive lock on daemon addresses registry.
2025-02-16T01:44:10.717+0900 [DEBUG] [org.gradle.cache.internal.DefaultFileLockManager] Lock acquired on daemon addresses registry.
2025-02-16T01:44:10.717+0900 [DEBUG] [org.gradle.cache.internal.DefaultFileLockManager] Releasing lock on daemon addresses registry.
2025-02-16T01:44:10.717+0900 [DEBUG] [org.gradle.launcher.daemon.server.DaemonStateCoordinator] daemon is running. Sleeping until state changes.
2025-02-16T01:44:10.717+0900 [DEBUG] [org.gradle.launcher.daemon.server.exec.ReturnResult] Daemon is dispatching the build result: Success[value=org.gradle.launcher.exec.BuildActionResult@27b6c22c]
2025-02-16T01:44:10.717+0900 [DEBUG] [org.gradle.launcher.daemon.server.SynchronizedDispatchConnection] thread 1384: dispatching Success[value=org.gradle.launcher.exec.BuildActionResult@27b6c22c]
2025-02-16T01:44:10.718+0900 [DEBUG] [org.gradle.launcher.daemon.server.DefaultIncomingConnectionHandler] Finishing executing command: Build{id=3c1b2bcd-a65d-4fb3-9a9f-30d916fdbe6d, currentDir=/Users/kariv/UMC/Frontend}
2025-02-16T01:44:10.718+0900 [DEBUG] [org.gradle.launcher.daemon.server.exec.CleanUpVirtualFileSystemAfterBuild] Cleaning virtual file system after build finished
2025-02-16T01:44:10.718+0900 [DEBUG] [org.gradle.launcher.daemon.server.SynchronizedDispatchConnection] thread 1385: received class org.gradle.launcher.daemon.protocol.CloseInput
2025-02-16T01:44:10.718+0900 [DEBUG] [org.gradle.launcher.daemon.server.DefaultDaemonConnection] thread 1385: Received IO message from client: org.gradle.launcher.daemon.protocol.CloseInput@594d24e0
2025-02-16T01:44:10.718+0900 [DEBUG] [org.gradle.launcher.daemon.server.SynchronizedDispatchConnection] thread 1385: received class org.gradle.launcher.daemon.protocol.Finished
2025-02-16T01:44:10.718+0900 [DEBUG] [org.gradle.launcher.daemon.server.DefaultDaemonConnection] thread 1385: Received non-IO message from client: org.gradle.launcher.daemon.protocol.Finished@578ad1b9
2025-02-16T01:44:10.718+0900 [DEBUG] [org.gradle.internal.remote.internal.inet.SocketConnection] Discarding EOFException: java.io.EOFException
2025-02-16T01:44:10.718+0900 [DEBUG] [org.gradle.launcher.daemon.server.SynchronizedDispatchConnection] thread 1385: received null
2025-02-16T01:44:10.718+0900 [DEBUG] [org.gradle.launcher.daemon.server.DefaultDaemonConnection] thread 1385: Received end-of-input from client.
2025-02-16T01:44:10.718+0900 [DEBUG] [org.gradle.launcher.daemon.server.DefaultIncomingConnectionHandler] Received finished message: org.gradle.launcher.daemon.protocol.Finished@578ad1b9
2025-02-16T01:44:10.718+0900 [DEBUG] [org.gradle.launcher.daemon.server.SynchronizedDispatchConnection] thread 1384: stopping connection
2025-02-16T01:44:10.718+0900 [DEBUG] [org.gradle.launcher.daemon.server.SynchronizedDispatchConnection] thread 1384: stopping connection
2025-02-16T01:44:14.747+0900 [DEBUG] [org.gradle.cache.internal.DefaultFileLockManager] Waiting to acquire shared lock on daemon addresses registry.
2025-02-16T01:44:14.750+0900 [DEBUG] [org.gradle.cache.internal.DefaultFileLockManager] Lock acquired on daemon addresses registry.
2025-02-16T01:44:14.752+0900 [DEBUG] [org.gradle.cache.internal.DefaultFileLockManager] Releasing lock on daemon addresses registry.
2025-02-16T01:44:14.755+0900 [DEBUG] [org.gradle.cache.internal.DefaultFileLockManager] Waiting to acquire shared lock on daemon addresses registry.
2025-02-16T01:44:14.756+0900 [DEBUG] [org.gradle.cache.internal.DefaultFileLockManager] Lock acquired on daemon addresses registry.
2025-02-16T01:44:14.757+0900 [DEBUG] [org.gradle.cache.internal.DefaultFileLockManager] Releasing lock on daemon addresses registry.
2025-02-16T01:44:24.232+0900 [DEBUG] [sun.rmi.transport.tcp] RMI TCP Connection(20)-127.0.0.1: (port 56517) connection closed
2025-02-16T01:44:24.234+0900 [DEBUG] [sun.rmi.transport.tcp] RMI TCP Connection(20)-127.0.0.1: close connection, socket: Socket[addr=/127.0.0.1,port=57317,localport=56517]
2025-02-16T01:44:24.234+0900 [DEBUG] [sun.rmi.transport.tcp] RMI TCP Connection(20)-127.0.0.1: socket close: Socket[addr=/127.0.0.1,port=57317,localport=56517]
2025-02-16T01:44:24.745+0900 [DEBUG] [org.gradle.cache.internal.DefaultFileLockManager] Waiting to acquire shared lock on daemon addresses registry.
2025-02-16T01:44:24.749+0900 [DEBUG] [org.gradle.cache.internal.DefaultFileLockManager] Lock acquired on daemon addresses registry.
2025-02-16T01:44:24.751+0900 [DEBUG] [org.gradle.cache.internal.DefaultFileLockManager] Releasing lock on daemon addresses registry.
2025-02-16T01:44:24.753+0900 [DEBUG] [org.gradle.cache.internal.DefaultFileLockManager] Waiting to acquire shared lock on daemon addresses registry.
2025-02-16T01:44:24.754+0900 [DEBUG] [org.gradle.cache.internal.DefaultFileLockManager] Lock acquired on daemon addresses registry.
2025-02-16T01:44:24.754+0900 [DEBUG] [org.gradle.cache.internal.DefaultFileLockManager] Releasing lock on daemon addresses registry.
2025-02-16T01:44:24.754+0900 [DEBUG] [org.gradle.cache.internal.DefaultFileLockManager] Waiting to acquire shared lock on daemon addresses registry.
2025-02-16T01:44:24.755+0900 [DEBUG] [org.gradle.cache.internal.DefaultFileLockManager] Lock acquired on daemon addresses registry.
2025-02-16T01:44:24.755+0900 [DEBUG] [org.gradle.cache.internal.DefaultFileLockManager] Releasing lock on daemon addresses registry.
2025-02-16T01:44:25.151+0900 [DEBUG] [org.gradle.internal.remote.internal.inet.TcpIncomingConnector] Accepted connection from /127.0.0.1:57334 to /127.0.0.1:56494.
2025-02-16T01:44:25.154+0900 [DEBUG] [org.gradle.launcher.daemon.server.SynchronizedDispatchConnection] thread 1503: received class org.gradle.launcher.daemon.protocol.Build
2025-02-16T01:44:25.154+0900 [DEBUG] [org.gradle.launcher.daemon.server.DefaultDaemonConnection] thread 1503: Received non-IO message from client: Build{id=2c4eb882-c606-469e-93e1-2229c0f80edf, currentDir=/Users/kariv/UMC/Frontend}
2025-02-16T01:44:25.154+0900 [INFO] [org.gradle.launcher.daemon.server.DefaultIncomingConnectionHandler] Received command: Build{id=2c4eb882-c606-469e-93e1-2229c0f80edf, currentDir=/Users/kariv/UMC/Frontend}.
2025-02-16T01:44:25.154+0900 [DEBUG] [org.gradle.launcher.daemon.server.DefaultIncomingConnectionHandler] Starting executing command: Build{id=2c4eb882-c606-469e-93e1-2229c0f80edf, currentDir=/Users/kariv/UMC/Frontend} with connection: socket connection from /127.0.0.1:56494 to /127.0.0.1:57334.
2025-02-16T01:44:25.154+0900 [DEBUG] [org.gradle.launcher.daemon.server.DaemonStateCoordinator] Command execution: started DaemonCommandExecution[command = Build{id=2c4eb882-c606-469e-93e1-2229c0f80edf, currentDir=/Users/kariv/UMC/Frontend}, connection = DefaultDaemonConnection: socket connection from /127.0.0.1:56494 to /127.0.0.1:57334] after 0.24063333333333334 minutes of idle
2025-02-16T01:44:25.155+0900 [INFO] [org.gradle.launcher.daemon.server.DaemonRegistryUpdater] Marking the daemon as busy, address: [bc0742fd-d003-4008-bc7f-20ddefeef9c5 port:56494, addresses:[localhost/127.0.0.1]]
2025-02-16T01:44:25.155+0900 [DEBUG] [org.gradle.launcher.daemon.registry.PersistentDaemonRegistry] Marking busy by address: [bc0742fd-d003-4008-bc7f-20ddefeef9c5 port:56494, addresses:[localhost/127.0.0.1]]
2025-02-16T01:44:25.155+0900 [DEBUG] [org.gradle.cache.internal.DefaultFileLockManager] Waiting to acquire exclusive lock on daemon addresses registry.
2025-02-16T01:44:25.155+0900 [DEBUG] [org.gradle.cache.internal.DefaultFileLockManager] Lock acquired on daemon addresses registry.
2025-02-16T01:44:25.157+0900 [DEBUG] [org.gradle.cache.internal.DefaultFileLockManager] Releasing lock on daemon addresses registry.
2025-02-16T01:44:25.157+0900 [DEBUG] [org.gradle.launcher.daemon.server.DaemonStateCoordinator] resetting idle timer
2025-02-16T01:44:25.158+0900 [DEBUG] [org.gradle.launcher.daemon.server.DaemonStateCoordinator] daemon is running. Sleeping until state changes.
2025-02-16T01:44:25.158+0900 [INFO] [org.gradle.launcher.daemon.server.exec.StartBuildOrRespondWithBusy] Daemon is about to start building Build{id=2c4eb882-c606-469e-93e1-2229c0f80edf, currentDir=/Users/kariv/UMC/Frontend}. Dispatching build started information...
2025-02-16T01:44:25.159+0900 [DEBUG] [org.gradle.launcher.daemon.server.SynchronizedDispatchConnection] thread 1387: dispatching org.gradle.launcher.daemon.protocol.BuildStarted@27c7632c
2025-02-16T01:44:25.161+0900 [DEBUG] [org.gradle.launcher.daemon.server.exec.EstablishBuildEnvironment] Configuring env variables: [PATH, GSETTINGS_SCHEMA_DIR_CONDA_BACKUP, __CFBundleIdentifier, SHELL, CONDA_DEFAULT_ENV, CONDA_EXE, OLDPWD, CONDA_PYTHON_EXE, USER, COMMAND_MODE, TMPDIR, CONDA_PREFIX, SSH_AUTH_SOCK, _CE_CONDA, XPC_FLAGS, _CE_M, __CF_USER_TEXT_ENCODING, CONDA_PROMPT_MODIFIER, GSETTINGS_SCHEMA_DIR, LOGNAME, LC_CTYPE, XPC_SERVICE_NAME, CONDA_SHLVL, HOME]
2025-02-16T01:44:25.162+0900 [DEBUG] [org.gradle.launcher.daemon.server.exec.LogToClient] About to start relaying all logs to the client via the connection.
2025-02-16T01:44:25.163+0900 [INFO] [org.gradle.launcher.daemon.server.exec.LogToClient] The client will now receive all logging from the daemon (pid: 38875). The daemon log file: /Users/kariv/UMC/Frontend/gradle/daemon/8.9/daemon-38875.out.log
2025-02-16T01:44:25.165+0900 [INFO] [org.gradle.launcher.daemon.server.exec.LogAndCheckHealth] Starting 14th build in daemon [uptime: 22 mins 40.564 secs, performance: 98%, GC rate: 0.00/s, heap usage: 2% of 2 GiB]
2025-02-16T01:44:25.166+0900 [DEBUG] [org.gradle.launcher.daemon.server.exec.ExecuteBuild] The daemon has started executing the build.
2025-02-16T01:44:25.166+0900 [DEBUG] [org.gradle.launcher.daemon.server.exec.ExecuteBuild] Executing build with daemon context: DefaultDaemonContext[uid=00c7bf90-ca55-42c3-8e54-eac397236dba,javaHome=/Applications/Android Studio.app/Contents/jbr/Contents/Home,javaVersion=21,daemonRegistryDir=/Users/kariv/UMC/Frontend/gradle/daemon,pid=38875,idleTimeout=10800000,priority=NORMAL,applyInstrumentationAgent=true,nativeServicesMode=ENABLED,daemonOpts=--add-opens=java.base/java.util=ALL-UNNAMED,--add-opens=java.base/java.lang=ALL-UNNAMED,--add-opens=java.base/java.lang.invoke=ALL-UNNAMED,--add-opens=java.prefs/java.util.prefs=ALL-UNNAMED,--add-exports=jdk.compiler/com.sun.tools.javac.api=ALL-UNNAMED,--add-exports=jdk.compiler/com.sun.tools.javac.util=ALL-UNNAMED,--add-opens=java.base/java.nio.charset=ALL-UNNAMED,--add-opens=java.base/java.net=ALL-UNNAMED,--add-opens=java.base/java.util.concurrent.atomic=ALL-UNNAMED,-Xmx2048m,-Dfile.encoding=UTF-8,-Duser.country=KR,-Duser.language=ko,-Duser.variant]

BUILD SUCCESSFUL in 1s
37 actionable tasks: 8 executed, 29 up-to-date
2025-02-16T01:44:26.446+0900 [DEBUG] [org.gradle.launcher.daemon.server.exec.ExecuteBuild] The daemon has finished executing the build.
2025-02-16T01:44:26.449+0900 [DEBUG] [org.gradle.launcher.daemon.server.DaemonStateCoordinator] daemon is running. Sleeping until state changes.
2025-02-16T01:44:26.449+0900 [DEBUG] [org.gradle.launcher.daemon.server.DaemonStateCoordinator] Command execution: finished waiting for DaemonCommandExecution[command = Build{id=2c4eb882-c606-469e-93e1-2229c0f80edf, currentDir=/Users/kariv/UMC/Frontend}, connection = DefaultDaemonConnection: socket connection from /127.0.0.1:56494 to /127.0.0.1:57334]. Result org.gradle.launcher.daemon.server.DaemonStateCoordinator@43b7a733 with state Busy
2025-02-16T01:44:26.449+0900 [DEBUG] [org.gradle.launcher.daemon.server.DaemonStateCoordinator] Command execution: completed DaemonCommandExecution[command = Build{id=2c4eb882-c606-469e-93e1-2229c0f80edf, currentDir=/Users/kariv/UMC/Frontend}, connection = DefaultDaemonConnection: socket connection from /127.0.0.1:56494 to /127.0.0.1:57334]
2025-02-16T01:44:26.449+0900 [DEBUG] [org.gradle.launcher.daemon.server.DaemonStateCoordinator] resetting idle timer
2025-02-16T01:44:26.449+0900 [INFO] [org.gradle.launcher.daemon.server.DaemonRegistryUpdater] Marking the daemon as idle, address: [bc0742fd-d003-4008-bc7f-20ddefeef9c5 port:56494, addresses:[localhost/127.0.0.1]]
2025-02-16T01:44:26.449+0900 [DEBUG] [org.gradle.launcher.daemon.registry.PersistentDaemonRegistry] Marking busy by address: [bc0742fd-d003-4008-bc7f-20ddefeef9c5 port:56494, addresses:[localhost/127.0.0.1]]
2025-02-16T01:44:26.449+0900 [DEBUG] [org.gradle.cache.internal.DefaultFileLockManager] Waiting to acquire exclusive lock on daemon addresses registry.
2025-02-16T01:44:26.449+0900 [DEBUG] [org.gradle.cache.internal.DefaultFileLockManager] Lock acquired on daemon addresses registry.
2025-02-16T01:44:26.450+0900 [DEBUG] [org.gradle.cache.internal.DefaultFileLockManager] Releasing lock on daemon addresses registry.
2025-02-16T01:44:26.450+0900 [DEBUG] [org.gradle.launcher.daemon.server.exec.ReturnResult] Daemon is dispatching the build result: Success[value=org.gradle.launcher.exec.BuildActionResult@22a52081]
2025-02-16T01:44:26.450+0900 [DEBUG] [org.gradle.launcher.daemon.server.DaemonStateCoordinator] daemon is running. Sleeping until state changes.
2025-02-16T01:44:26.450+0900 [DEBUG] [org.gradle.launcher.daemon.server.SynchronizedDispatchConnection] thread 1384: dispatching Success[value=org.gradle.launcher.exec.BuildActionResult@22a52081]
2025-02-16T01:44:26.450+0900 [DEBUG] [org.gradle.launcher.daemon.server.exec.CleanUpVirtualFileSystemAfterBuild] Cleaning virtual file system after build finished
2025-02-16T01:44:26.450+0900 [DEBUG] [org.gradle.launcher.daemon.server.DefaultIncomingConnectionHandler] Finishing executing command: Build{id=2c4eb882-c606-469e-93e1-2229c0f80edf, currentDir=/Users/kariv/UMC/Frontend}
2025-02-16T01:44:26.450+0900 [DEBUG] [org.gradle.launcher.daemon.server.SynchronizedDispatchConnection] thread 1503: received class org.gradle.launcher.daemon.protocol.CloseInput
2025-02-16T01:44:26.450+0900 [DEBUG] [org.gradle.launcher.daemon.server.DefaultDaemonConnection] thread 1503: Received IO message from client: org.gradle.launcher.daemon.protocol.CloseInput@7f0e606d
2025-02-16T01:44:26.450+0900 [DEBUG] [org.gradle.launcher.daemon.server.SynchronizedDispatchConnection] thread 1503: received class org.gradle.launcher.daemon.protocol.Finished
2025-02-16T01:44:26.450+0900 [DEBUG] [org.gradle.launcher.daemon.server.DefaultDaemonConnection] thread 1503: Received non-IO message from client: org.gradle.launcher.daemon.protocol.Finished@71c991fc
2025-02-16T01:44:26.450+0900 [DEBUG] [org.gradle.launcher.daemon.server.DefaultIncomingConnectionHandler] Received finished message: org.gradle.launcher.daemon.protocol.Finished@71c991fc
2025-02-16T01:44:26.450+0900 [DEBUG] [org.gradle.internal.remote.internal.inet.SocketConnection] Discarding EOFException: java.io.EOFException
2025-02-16T01:44:26.450+0900 [DEBUG] [org.gradle.launcher.daemon.server.SynchronizedDispatchConnection] thread 1384: stopping connection
2025-02-16T01:44:26.450+0900 [DEBUG] [org.gradle.launcher.daemon.server.SynchronizedDispatchConnection] thread 1503: received null
2025-02-16T01:44:26.450+0900 [DEBUG] [org.gradle.launcher.daemon.server.DefaultDaemonConnection] thread 1503: Received end-of-input from client.
2025-02-16T01:44:26.450+0900 [DEBUG] [org.gradle.launcher.daemon.server.SynchronizedDispatchConnection] thread 1384: stopping connection
2025-02-16T01:44:34.743+0900 [DEBUG] [org.gradle.cache.internal.DefaultFileLockManager] Waiting to acquire shared lock on daemon addresses registry.
2025-02-16T01:44:34.750+0900 [DEBUG] [org.gradle.cache.internal.DefaultFileLockManager] Lock acquired on daemon addresses registry.
2025-02-16T01:44:34.751+0900 [DEBUG] [org.gradle.cache.internal.DefaultFileLockManager] Releasing lock on daemon addresses registry.
2025-02-16T01:44:34.753+0900 [DEBUG] [org.gradle.cache.internal.DefaultFileLockManager] Waiting to acquire shared lock on daemon addresses registry.
2025-02-16T01:44:34.753+0900 [DEBUG] [org.gradle.cache.internal.DefaultFileLockManager] Lock acquired on daemon addresses registry.
2025-02-16T01:44:34.753+0900 [DEBUG] [org.gradle.cache.internal.DefaultFileLockManager] Releasing lock on daemon addresses registry.
2025-02-16T01:44:39.181+0900 [DEBUG] [sun.rmi.transport.tcp] RMI Scheduler(0): close connection, socket: Socket[addr=localhost/127.0.0.1,port=17261,localport=57314]
2025-02-16T01:44:39.182+0900 [DEBUG] [sun.rmi.transport.tcp] RMI Scheduler(0): close connection, socket: Socket[addr=localhost/127.0.0.1,port=17261,localport=57318]
2025-02-16T01:44:39.198+0900 [DEBUG] [sun.rmi.transport.tcp] RMI TCP Connection(19)-127.0.0.1: (port 56517) connection closed
2025-02-16T01:44:39.198+0900 [DEBUG] [sun.rmi.transport.tcp] RMI TCP Connection(19)-127.0.0.1: close connection, socket: Socket[addr=/127.0.0.1,port=57316,localport=56517]
2025-02-16T01:44:39.198+0900 [DEBUG] [sun.rmi.transport.tcp] RMI TCP Connection(19)-127.0.0.1: socket close: Socket[addr=/127.0.0.1,port=57316,localport=56517]
2025-02-16T01:44:44.741+0900 [DEBUG] [org.gradle.cache.internal.DefaultFileLockManager] Waiting to acquire shared lock on daemon addresses registry.
2025-02-16T01:44:44.741+0900 [DEBUG] [org.gradle.cache.internal.DefaultFileLockManager] Lock acquired on daemon addresses registry.
2025-02-16T01:44:44.741+0900 [DEBUG] [org.gradle.cache.internal.DefaultFileLockManager] Releasing lock on daemon addresses registry.
2025-02-16T01:44:44.742+0900 [DEBUG] [org.gradle.cache.internal.DefaultFileLockManager] Waiting to acquire shared lock on daemon addresses registry.
2025-02-16T01:44:44.742+0900 [DEBUG] [org.gradle.cache.internal.DefaultFileLockManager] Lock acquired on daemon addresses registry.
2025-02-16T01:44:44.742+0900 [DEBUG] [org.gradle.cache.internal.DefaultFileLockManager] Releasing lock on daemon addresses registry.
2025-02-16T01:44:44.742+0900 [DEBUG] [org.gradle.cache.internal.DefaultFileLockManager] Waiting to acquire shared lock on daemon addresses registry.
2025-02-16T01:44:44.742+0900 [DEBUG] [org.gradle.cache.internal.DefaultFileLockManager] Lock acquired on daemon addresses registry.
2025-02-16T01:44:44.742+0900 [DEBUG] [org.gradle.cache.internal.DefaultFileLockManager] Releasing lock on daemon addresses registry.
2025-02-16T01:44:54.742+0900 [DEBUG] [org.gradle.cache.internal.DefaultFileLockManager] Waiting to acquire shared lock on daemon addresses registry.
2025-02-16T01:44:54.744+0900 [DEBUG] [org.gradle.cache.internal.DefaultFileLockManager] Lock acquired on daemon addresses registry.
2025-02-16T01:44:54.745+0900 [DEBUG] [org.gradle.cache.internal.DefaultFileLockManager] Releasing lock on daemon addresses registry.
2025-02-16T01:44:54.746+0900 [DEBUG] [org.gradle.cache.internal.DefaultFileLockManager] Waiting to acquire shared lock on daemon addresses registry.
2025-02-16T01:44:54.746+0900 [DEBUG] [org.gradle.cache.internal.DefaultFileLockManager] Lock acquired on daemon addresses registry.
2025-02-16T01:44:54.746+0900 [DEBUG] [org.gradle.cache.internal.DefaultFileLockManager] Releasing lock on daemon addresses registry.
2025-02-16T01:44:54.746+0900 [DEBUG] [org.gradle.cache.internal.DefaultFileLockManager] Waiting to acquire shared lock on daemon addresses registry.
2025-02-16T01:44:54.747+0900 [DEBUG] [org.gradle.cache.internal.DefaultFileLockManager] Lock acquired on daemon addresses registry.
2025-02-16T01:44:54.747+0900 [DEBUG] [org.gradle.cache.internal.DefaultFileLockManager] Releasing lock on daemon addresses registry.
2025-02-16T01:45:04.743+0900 [DEBUG] [org.gradle.cache.internal.DefaultFileLockManager] Waiting to acquire shared lock on daemon addresses registry.
2025-02-16T01:45:04.745+0900 [DEBUG] [org.gradle.cache.internal.DefaultFileLockManager] Lock acquired on daemon addresses registry.
2025-02-16T01:45:04.745+0900 [DEBUG] [org.gradle.cache.internal.DefaultFileLockManager] Releasing lock on daemon addresses registry.
2025-02-16T01:45:04.746+0900 [DEBUG] [org.gradle.cache.internal.DefaultFileLockManager] Waiting to acquire shared lock on daemon addresses registry.
2025-02-16T01:45:04.746+0900 [DEBUG] [org.gradle.cache.internal.DefaultFileLockManager] Lock acquired on daemon addresses registry.
2025-02-16T01:45:04.746+0900 [DEBUG] [org.gradle.cache.internal.DefaultFileLockManager] Releasing lock on daemon addresses registry.
2025-02-16T01:45:04.746+0900 [DEBUG] [org.gradle.cache.internal.DefaultFileLockManager] Waiting to acquire shared lock on daemon addresses registry.
2025-02-16T01:45:04.746+0900 [DEBUG] [org.gradle.cache.internal.DefaultFileLockManager] Lock acquired on daemon addresses registry.
2025-02-16T01:45:04.746+0900 [DEBUG] [org.gradle.cache.internal.DefaultFileLockManager] Releasing lock on daemon addresses registry.
2025-02-16T01:45:13.520+0900 [DEBUG] [org.gradle.internal.remote.internal.inet.TcpIncomingConnector] Accepted connection from /127.0.0.1:57362 to /127.0.0.1:56494.
2025-02-16T01:45:13.525+0900 [DEBUG] [org.gradle.launcher.daemon.server.SynchronizedDispatchConnection] thread 1590: received class org.gradle.launcher.daemon.protocol.Build
2025-02-16T01:45:13.525+0900 [DEBUG] [org.gradle.launcher.daemon.server.DefaultDaemonConnection] thread 1590: Received non-IO message from client: Build{id=e22e0d37-6523-44e6-9b36-b3a585ceb222, currentDir=/Users/kariv/UMC/Frontend}
2025-02-16T01:45:13.526+0900 [INFO] [org.gradle.launcher.daemon.server.DefaultIncomingConnectionHandler] Received command: Build{id=e22e0d37-6523-44e6-9b36-b3a585ceb222, currentDir=/Users/kariv/UMC/Frontend}.
2025-02-16T01:45:13.526+0900 [DEBUG] [org.gradle.launcher.daemon.server.DefaultIncomingConnectionHandler] Starting executing command: Build{id=e22e0d37-6523-44e6-9b36-b3a585ceb222, currentDir=/Users/kariv/UMC/Frontend} with connection: socket connection from /127.0.0.1:56494 to /127.0.0.1:57362.
2025-02-16T01:45:13.529+0900 [DEBUG] [org.gradle.launcher.daemon.server.DaemonStateCoordinator] Command execution: started DaemonCommandExecution[command = Build{id=e22e0d37-6523-44e6-9b36-b3a585ceb222, currentDir=/Users/kariv/UMC/Frontend}, connection = DefaultDaemonConnection: socket connection from /127.0.0.1:56494 to /127.0.0.1:57362] after 0.7846666666666666 minutes of idle
2025-02-16T01:45:13.530+0900 [INFO] [org.gradle.launcher.daemon.server.DaemonRegistryUpdater] Marking the daemon as busy, address: [bc0742fd-d003-4008-bc7f-20ddefeef9c5 port:56494, addresses:[localhost/127.0.0.1]]
2025-02-16T01:45:13.530+0900 [DEBUG] [org.gradle.launcher.daemon.registry.PersistentDaemonRegistry] Marking busy by address: [bc0742fd-d003-4008-bc7f-20ddefeef9c5 port:56494, addresses:[localhost/127.0.0.1]]
2025-02-16T01:45:13.534+0900 [DEBUG] [org.gradle.cache.internal.DefaultFileLockManager] Waiting to acquire exclusive lock on daemon addresses registry.
2025-02-16T01:45:13.535+0900 [DEBUG] [org.gradle.cache.internal.DefaultFileLockManager] Lock acquired on daemon addresses registry.
2025-02-16T01:45:13.537+0900 [DEBUG] [org.gradle.cache.internal.DefaultFileLockManager] Releasing lock on daemon addresses registry.
2025-02-16T01:45:13.537+0900 [DEBUG] [org.gradle.launcher.daemon.server.DaemonStateCoordinator] resetting idle timer
2025-02-16T01:45:13.537+0900 [DEBUG] [org.gradle.launcher.daemon.server.DaemonStateCoordinator] daemon is running. Sleeping until state changes.
2025-02-16T01:45:13.537+0900 [INFO] [org.gradle.launcher.daemon.server.exec.StartBuildOrRespondWithBusy] Daemon is about to start building Build{id=e22e0d37-6523-44e6-9b36-b3a585ceb222, currentDir=/Users/kariv/UMC/Frontend}. Dispatching build started information...
2025-02-16T01:45:13.538+0900 [DEBUG] [org.gradle.launcher.daemon.server.SynchronizedDispatchConnection] thread 1387: dispatching org.gradle.launcher.daemon.protocol.BuildStarted@1de5b295
2025-02-16T01:45:13.541+0900 [DEBUG] [org.gradle.launcher.daemon.server.exec.EstablishBuildEnvironment] Configuring env variables: [PATH, GSETTINGS_SCHEMA_DIR_CONDA_BACKUP, __CFBundleIdentifier, SHELL, CONDA_DEFAULT_ENV, CONDA_EXE, OLDPWD, CONDA_PYTHON_EXE, USER, COMMAND_MODE, TMPDIR, CONDA_PREFIX, SSH_AUTH_SOCK, _CE_CONDA, XPC_FLAGS, _CE_M, __CF_USER_TEXT_ENCODING, CONDA_PROMPT_MODIFIER, GSETTINGS_SCHEMA_DIR, LOGNAME, LC_CTYPE, XPC_SERVICE_NAME, CONDA_SHLVL, HOME]
2025-02-16T01:45:13.544+0900 [DEBUG] [org.gradle.launcher.daemon.server.exec.LogToClient] About to start relaying all logs to the client via the connection.
2025-02-16T01:45:13.544+0900 [INFO] [org.gradle.launcher.daemon.server.exec.LogToClient] The client will now receive all logging from the daemon (pid: 38875). The daemon log file: /Users/kariv/UMC/Frontend/gradle/daemon/8.9/daemon-38875.out.log
2025-02-16T01:45:13.548+0900 [INFO] [org.gradle.launcher.daemon.server.exec.LogAndCheckHealth] Starting 15th build in daemon [uptime: 23 mins 28.946 secs, performance: 98%, GC rate: 0.00/s, heap usage: 2% of 2 GiB]
2025-02-16T01:45:13.551+0900 [DEBUG] [org.gradle.launcher.daemon.server.exec.ExecuteBuild] The daemon has started executing the build.
2025-02-16T01:45:13.552+0900 [DEBUG] [org.gradle.launcher.daemon.server.exec.ExecuteBuild] Executing build with daemon context: DefaultDaemonContext[uid=00c7bf90-ca55-42c3-8e54-eac397236dba,javaHome=/Applications/Android Studio.app/Contents/jbr/Contents/Home,javaVersion=21,daemonRegistryDir=/Users/kariv/UMC/Frontend/gradle/daemon,pid=38875,idleTimeout=10800000,priority=NORMAL,applyInstrumentationAgent=true,nativeServicesMode=ENABLED,daemonOpts=--add-opens=java.base/java.util=ALL-UNNAMED,--add-opens=java.base/java.lang=ALL-UNNAMED,--add-opens=java.base/java.lang.invoke=ALL-UNNAMED,--add-opens=java.prefs/java.util.prefs=ALL-UNNAMED,--add-exports=jdk.compiler/com.sun.tools.javac.api=ALL-UNNAMED,--add-exports=jdk.compiler/com.sun.tools.javac.util=ALL-UNNAMED,--add-opens=java.base/java.nio.charset=ALL-UNNAMED,--add-opens=java.base/java.net=ALL-UNNAMED,--add-opens=java.base/java.util.concurrent.atomic=ALL-UNNAMED,-Xmx2048m,-Dfile.encoding=UTF-8,-Duser.country=KR,-Duser.language=ko,-Duser.variant]

BUILD SUCCESSFUL in 2s
37 actionable tasks: 13 executed, 24 up-to-date
2025-02-16T01:45:16.301+0900 [DEBUG] [org.gradle.launcher.daemon.server.exec.ExecuteBuild] The daemon has finished executing the build.
2025-02-16T01:45:16.304+0900 [DEBUG] [org.gradle.launcher.daemon.server.DaemonStateCoordinator] daemon is running. Sleeping until state changes.
2025-02-16T01:45:16.304+0900 [DEBUG] [org.gradle.launcher.daemon.server.DaemonStateCoordinator] Command execution: finished waiting for DaemonCommandExecution[command = Build{id=e22e0d37-6523-44e6-9b36-b3a585ceb222, currentDir=/Users/kariv/UMC/Frontend}, connection = DefaultDaemonConnection: socket connection from /127.0.0.1:56494 to /127.0.0.1:57362]. Result org.gradle.launcher.daemon.server.DaemonStateCoordinator@43b7a733 with state Busy
2025-02-16T01:45:16.305+0900 [DEBUG] [org.gradle.launcher.daemon.server.DaemonStateCoordinator] Command execution: completed DaemonCommandExecution[command = Build{id=e22e0d37-6523-44e6-9b36-b3a585ceb222, currentDir=/Users/kariv/UMC/Frontend}, connection = DefaultDaemonConnection: socket connection from /127.0.0.1:56494 to /127.0.0.1:57362]
2025-02-16T01:45:16.305+0900 [DEBUG] [org.gradle.launcher.daemon.server.DaemonStateCoordinator] resetting idle timer
2025-02-16T01:45:16.305+0900 [INFO] [org.gradle.launcher.daemon.server.DaemonRegistryUpdater] Marking the daemon as idle, address: [bc0742fd-d003-4008-bc7f-20ddefeef9c5 port:56494, addresses:[localhost/127.0.0.1]]
2025-02-16T01:45:16.305+0900 [DEBUG] [org.gradle.launcher.daemon.registry.PersistentDaemonRegistry] Marking busy by address: [bc0742fd-d003-4008-bc7f-20ddefeef9c5 port:56494, addresses:[localhost/127.0.0.1]]
2025-02-16T01:45:16.305+0900 [DEBUG] [org.gradle.cache.internal.DefaultFileLockManager] Waiting to acquire exclusive lock on daemon addresses registry.
2025-02-16T01:45:16.305+0900 [DEBUG] [org.gradle.cache.internal.DefaultFileLockManager] Lock acquired on daemon addresses registry.
2025-02-16T01:45:16.305+0900 [DEBUG] [org.gradle.cache.internal.DefaultFileLockManager] Releasing lock on daemon addresses registry.
2025-02-16T01:45:16.305+0900 [DEBUG] [org.gradle.launcher.daemon.server.exec.ReturnResult] Daemon is dispatching the build result: Success[value=org.gradle.launcher.exec.BuildActionResult@75be06f0]
2025-02-16T01:45:16.305+0900 [DEBUG] [org.gradle.launcher.daemon.server.SynchronizedDispatchConnection] thread 1384: dispatching Success[value=org.gradle.launcher.exec.BuildActionResult@75be06f0]
2025-02-16T01:45:16.305+0900 [DEBUG] [org.gradle.launcher.daemon.server.DaemonStateCoordinator] daemon is running. Sleeping until state changes.
2025-02-16T01:45:16.305+0900 [DEBUG] [org.gradle.launcher.daemon.server.exec.CleanUpVirtualFileSystemAfterBuild] Cleaning virtual file system after build finished
2025-02-16T01:45:16.305+0900 [DEBUG] [org.gradle.launcher.daemon.server.DefaultIncomingConnectionHandler] Finishing executing command: Build{id=e22e0d37-6523-44e6-9b36-b3a585ceb222, currentDir=/Users/kariv/UMC/Frontend}
2025-02-16T01:45:16.305+0900 [DEBUG] [org.gradle.launcher.daemon.server.SynchronizedDispatchConnection] thread 1590: received class org.gradle.launcher.daemon.protocol.CloseInput
2025-02-16T01:45:16.306+0900 [DEBUG] [org.gradle.launcher.daemon.server.DefaultDaemonConnection] thread 1590: Received IO message from client: org.gradle.launcher.daemon.protocol.CloseInput@5f90bba2
2025-02-16T01:45:16.306+0900 [DEBUG] [org.gradle.launcher.daemon.server.SynchronizedDispatchConnection] thread 1590: received class org.gradle.launcher.daemon.protocol.Finished
2025-02-16T01:45:16.306+0900 [DEBUG] [org.gradle.launcher.daemon.server.DefaultDaemonConnection] thread 1590: Received non-IO message from client: org.gradle.launcher.daemon.protocol.Finished@51575e20
2025-02-16T01:45:16.306+0900 [DEBUG] [org.gradle.internal.remote.internal.inet.SocketConnection] Discarding EOFException: java.io.EOFException
2025-02-16T01:45:16.306+0900 [DEBUG] [org.gradle.launcher.daemon.server.SynchronizedDispatchConnection] thread 1590: received null
2025-02-16T01:45:16.306+0900 [DEBUG] [org.gradle.launcher.daemon.server.DefaultDaemonConnection] thread 1590: Received end-of-input from client.
2025-02-16T01:45:16.306+0900 [DEBUG] [org.gradle.launcher.daemon.server.DefaultIncomingConnectionHandler] Received finished message: org.gradle.launcher.daemon.protocol.Finished@51575e20
2025-02-16T01:45:16.306+0900 [DEBUG] [org.gradle.launcher.daemon.server.SynchronizedDispatchConnection] thread 1384: stopping connection
2025-02-16T01:45:16.306+0900 [DEBUG] [org.gradle.launcher.daemon.server.SynchronizedDispatchConnection] thread 1384: stopping connection
2025-02-16T01:45:24.741+0900 [DEBUG] [org.gradle.cache.internal.DefaultFileLockManager] Waiting to acquire shared lock on daemon addresses registry.
2025-02-16T01:45:24.743+0900 [DEBUG] [org.gradle.cache.internal.DefaultFileLockManager] Lock acquired on daemon addresses registry.
2025-02-16T01:45:24.744+0900 [DEBUG] [org.gradle.cache.internal.DefaultFileLockManager] Releasing lock on daemon addresses registry.
2025-02-16T01:45:24.745+0900 [DEBUG] [org.gradle.cache.internal.DefaultFileLockManager] Waiting to acquire shared lock on daemon addresses registry.
2025-02-16T01:45:24.745+0900 [DEBUG] [org.gradle.cache.internal.DefaultFileLockManager] Lock acquired on daemon addresses registry.
2025-02-16T01:45:24.746+0900 [DEBUG] [org.gradle.cache.internal.DefaultFileLockManager] Releasing lock on daemon addresses registry.
2025-02-16T01:45:30.119+0900 [DEBUG] [sun.rmi.transport.tcp] RMI Scheduler(0): close connection, socket: Socket[addr=localhost/127.0.0.1,port=17261,localport=57364]
2025-02-16T01:45:30.163+0900 [DEBUG] [sun.rmi.transport.tcp] RMI TCP Connection(22)-127.0.0.1: (port 56517) connection closed
2025-02-16T01:45:30.164+0900 [DEBUG] [sun.rmi.transport.tcp] RMI TCP Connection(22)-127.0.0.1: close connection, socket: Socket[addr=/127.0.0.1,port=57367,localport=56517]
2025-02-16T01:45:30.164+0900 [DEBUG] [sun.rmi.transport.tcp] RMI TCP Connection(22)-127.0.0.1: socket close: Socket[addr=/127.0.0.1,port=57367,localport=56517]
2025-02-16T01:45:30.337+0900 [DEBUG] [sun.rmi.transport.tcp] RMI TCP Connection(23)-127.0.0.1: (port 56517) connection closed
2025-02-16T01:45:30.338+0900 [DEBUG] [sun.rmi.transport.tcp] RMI TCP Connection(23)-127.0.0.1: close connection, socket: Socket[addr=/127.0.0.1,port=57368,localport=56517]
2025-02-16T01:45:30.338+0900 [DEBUG] [sun.rmi.transport.tcp] RMI TCP Connection(23)-127.0.0.1: socket close: Socket[addr=/127.0.0.1,port=57368,localport=56517]
2025-02-16T01:45:34.740+0900 [DEBUG] [org.gradle.cache.internal.DefaultFileLockManager] Waiting to acquire shared lock on daemon addresses registry.
2025-02-16T01:45:34.740+0900 [DEBUG] [org.gradle.cache.internal.DefaultFileLockManager] Lock acquired on daemon addresses registry.
2025-02-16T01:45:34.741+0900 [DEBUG] [org.gradle.cache.internal.DefaultFileLockManager] Releasing lock on daemon addresses registry.
2025-02-16T01:45:34.741+0900 [DEBUG] [org.gradle.cache.internal.DefaultFileLockManager] Waiting to acquire shared lock on daemon addresses registry.
2025-02-16T01:45:34.741+0900 [DEBUG] [org.gradle.cache.internal.DefaultFileLockManager] Lock acquired on daemon addresses registry.
2025-02-16T01:45:34.742+0900 [DEBUG] [org.gradle.cache.internal.DefaultFileLockManager] Releasing lock on daemon addresses registry.
2025-02-16T01:45:34.742+0900 [DEBUG] [org.gradle.cache.internal.DefaultFileLockManager] Waiting to acquire shared lock on daemon addresses registry.
2025-02-16T01:45:34.742+0900 [DEBUG] [org.gradle.cache.internal.DefaultFileLockManager] Lock acquired on daemon addresses registry.
2025-02-16T01:45:34.742+0900 [DEBUG] [org.gradle.cache.internal.DefaultFileLockManager] Releasing lock on daemon addresses registry.
2025-02-16T01:45:44.739+0900 [DEBUG] [org.gradle.cache.internal.DefaultFileLockManager] Waiting to acquire shared lock on daemon addresses registry.
2025-02-16T01:45:44.740+0900 [DEBUG] [org.gradle.cache.internal.DefaultFileLockManager] Lock acquired on daemon addresses registry.
2025-02-16T01:45:44.740+0900 [DEBUG] [org.gradle.cache.internal.DefaultFileLockManager] Releasing lock on daemon addresses registry.
2025-02-16T01:45:44.740+0900 [DEBUG] [org.gradle.cache.internal.DefaultFileLockManager] Waiting to acquire shared lock on daemon addresses registry.
2025-02-16T01:45:44.740+0900 [DEBUG] [org.gradle.cache.internal.DefaultFileLockManager] Lock acquired on daemon addresses registry.
2025-02-16T01:45:44.740+0900 [DEBUG] [org.gradle.cache.internal.DefaultFileLockManager] Releasing lock on daemon addresses registry.
2025-02-16T01:45:44.741+0900 [DEBUG] [org.gradle.cache.internal.DefaultFileLockManager] Waiting to acquire shared lock on daemon addresses registry.
2025-02-16T01:45:44.741+0900 [DEBUG] [org.gradle.cache.internal.DefaultFileLockManager] Lock acquired on daemon addresses registry.
2025-02-16T01:45:44.741+0900 [DEBUG] [org.gradle.cache.internal.DefaultFileLockManager] Releasing lock on daemon addresses registry.
2025-02-16T01:45:45.120+0900 [DEBUG] [sun.rmi.transport.tcp] RMI Scheduler(0): close connection, socket: Socket[addr=localhost/127.0.0.1,port=17261,localport=57369]
2025-02-16T01:45:45.137+0900 [DEBUG] [sun.rmi.transport.tcp] RMI TCP Connection(21)-127.0.0.1: (port 56517) connection closed
2025-02-16T01:45:45.137+0900 [DEBUG] [sun.rmi.transport.tcp] RMI TCP Connection(21)-127.0.0.1: close connection, socket: Socket[addr=/127.0.0.1,port=57366,localport=56517]
2025-02-16T01:45:45.137+0900 [DEBUG] [sun.rmi.transport.tcp] RMI TCP Connection(21)-127.0.0.1: socket close: Socket[addr=/127.0.0.1,port=57366,localport=56517]
2025-02-16T01:45:54.744+0900 [DEBUG] [org.gradle.cache.internal.DefaultFileLockManager] Waiting to acquire shared lock on daemon addresses registry.
2025-02-16T01:45:54.747+0900 [DEBUG] [org.gradle.cache.internal.DefaultFileLockManager] Lock acquired on daemon addresses registry.
2025-02-16T01:45:54.748+0900 [DEBUG] [org.gradle.cache.internal.DefaultFileLockManager] Releasing lock on daemon addresses registry.
2025-02-16T01:45:54.750+0900 [DEBUG] [org.gradle.cache.internal.DefaultFileLockManager] Waiting to acquire shared lock on daemon addresses registry.
2025-02-16T01:45:54.751+0900 [DEBUG] [org.gradle.cache.internal.DefaultFileLockManager] Lock acquired on daemon addresses registry.
2025-02-16T01:45:54.751+0900 [DEBUG] [org.gradle.cache.internal.DefaultFileLockManager] Releasing lock on daemon addresses registry.
2025-02-16T01:45:54.752+0900 [DEBUG] [org.gradle.cache.internal.DefaultFileLockManager] Waiting to acquire shared lock on daemon addresses registry.
2025-02-16T01:45:54.752+0900 [DEBUG] [org.gradle.cache.internal.DefaultFileLockManager] Lock acquired on daemon addresses registry.
2025-02-16T01:45:54.752+0900 [DEBUG] [org.gradle.cache.internal.DefaultFileLockManager] Releasing lock on daemon addresses registry.
2025-02-16T01:46:04.742+0900 [DEBUG] [org.gradle.cache.internal.DefaultFileLockManager] Waiting to acquire shared lock on daemon addresses registry.
2025-02-16T01:46:04.743+0900 [DEBUG] [org.gradle.cache.internal.DefaultFileLockManager] Lock acquired on daemon addresses registry.
2025-02-16T01:46:04.744+0900 [DEBUG] [org.gradle.cache.internal.DefaultFileLockManager] Releasing lock on daemon addresses registry.
2025-02-16T01:46:04.745+0900 [DEBUG] [org.gradle.cache.internal.DefaultFileLockManager] Waiting to acquire shared lock on daemon addresses registry.
2025-02-16T01:46:04.746+0900 [DEBUG] [org.gradle.cache.internal.DefaultFileLockManager] Lock acquired on daemon addresses registry.
2025-02-16T01:46:04.746+0900 [DEBUG] [org.gradle.cache.internal.DefaultFileLockManager] Releasing lock on daemon addresses registry.
2025-02-16T01:46:04.747+0900 [DEBUG] [org.gradle.cache.internal.DefaultFileLockManager] Waiting to acquire shared lock on daemon addresses registry.
2025-02-16T01:46:04.747+0900 [DEBUG] [org.gradle.cache.internal.DefaultFileLockManager] Lock acquired on daemon addresses registry.
2025-02-16T01:46:04.747+0900 [DEBUG] [org.gradle.cache.internal.DefaultFileLockManager] Releasing lock on daemon addresses registry.
2025-02-16T01:46:14.742+0900 [DEBUG] [org.gradle.cache.internal.DefaultFileLockManager] Waiting to acquire shared lock on daemon addresses registry.
2025-02-16T01:46:14.742+0900 [DEBUG] [org.gradle.cache.internal.DefaultFileLockManager] Lock acquired on daemon addresses registry.
2025-02-16T01:46:14.742+0900 [DEBUG] [org.gradle.cache.internal.DefaultFileLockManager] Releasing lock on daemon addresses registry.
2025-02-16T01:46:14.743+0900 [DEBUG] [org.gradle.cache.internal.DefaultFileLockManager] Waiting to acquire shared lock on daemon addresses registry.
2025-02-16T01:46:14.744+0900 [DEBUG] [org.gradle.cache.internal.DefaultFileLockManager] Lock acquired on daemon addresses registry.
2025-02-16T01:46:14.744+0900 [DEBUG] [org.gradle.cache.internal.DefaultFileLockManager] Releasing lock on daemon addresses registry.
2025-02-16T01:46:14.745+0900 [DEBUG] [org.gradle.cache.internal.DefaultFileLockManager] Waiting to acquire shared lock on daemon addresses registry.
2025-02-16T01:46:14.745+0900 [DEBUG] [org.gradle.cache.internal.DefaultFileLockManager] Lock acquired on daemon addresses registry.
2025-02-16T01:46:14.745+0900 [DEBUG] [org.gradle.cache.internal.DefaultFileLockManager] Releasing lock on daemon addresses registry.
2025-02-16T01:46:24.736+0900 [DEBUG] [org.gradle.cache.internal.DefaultFileLockManager] Waiting to acquire shared lock on daemon addresses registry.
2025-02-16T01:46:24.737+0900 [DEBUG] [org.gradle.cache.internal.DefaultFileLockManager] Lock acquired on daemon addresses registry.
2025-02-16T01:46:24.738+0900 [DEBUG] [org.gradle.cache.internal.DefaultFileLockManager] Releasing lock on daemon addresses registry.
2025-02-16T01:46:24.738+0900 [DEBUG] [org.gradle.cache.internal.DefaultFileLockManager] Waiting to acquire shared lock on daemon addresses registry.
2025-02-16T01:46:24.739+0900 [DEBUG] [org.gradle.cache.internal.DefaultFileLockManager] Lock acquired on daemon addresses registry.
2025-02-16T01:46:24.739+0900 [DEBUG] [org.gradle.cache.internal.DefaultFileLockManager] Releasing lock on daemon addresses registry.
2025-02-16T01:46:24.740+0900 [DEBUG] [org.gradle.cache.internal.DefaultFileLockManager] Waiting to acquire shared lock on daemon addresses registry.
2025-02-16T01:46:24.740+0900 [DEBUG] [org.gradle.cache.internal.DefaultFileLockManager] Lock acquired on daemon addresses registry.
2025-02-16T01:46:24.740+0900 [DEBUG] [org.gradle.cache.internal.DefaultFileLockManager] Releasing lock on daemon addresses registry.
2025-02-16T01:46:34.736+0900 [DEBUG] [org.gradle.cache.internal.DefaultFileLockManager] Waiting to acquire shared lock on daemon addresses registry.
2025-02-16T01:46:34.736+0900 [DEBUG] [org.gradle.cache.internal.DefaultFileLockManager] Lock acquired on daemon addresses registry.
2025-02-16T01:46:34.737+0900 [DEBUG] [org.gradle.cache.internal.DefaultFileLockManager] Releasing lock on daemon addresses registry.
2025-02-16T01:46:34.737+0900 [DEBUG] [org.gradle.cache.internal.DefaultFileLockManager] Waiting to acquire shared lock on daemon addresses registry.
2025-02-16T01:46:34.737+0900 [DEBUG] [org.gradle.cache.internal.DefaultFileLockManager] Lock acquired on daemon addresses registry.
2025-02-16T01:46:34.738+0900 [DEBUG] [org.gradle.cache.internal.DefaultFileLockManager] Releasing lock on daemon addresses registry.
2025-02-16T01:46:34.738+0900 [DEBUG] [org.gradle.cache.internal.DefaultFileLockManager] Waiting to acquire shared lock on daemon addresses registry.
2025-02-16T01:46:34.739+0900 [DEBUG] [org.gradle.cache.internal.DefaultFileLockManager] Lock acquired on daemon addresses registry.
2025-02-16T01:46:34.739+0900 [DEBUG] [org.gradle.cache.internal.DefaultFileLockManager] Releasing lock on daemon addresses registry.
2025-02-16T01:46:44.741+0900 [DEBUG] [org.gradle.cache.internal.DefaultFileLockManager] Waiting to acquire shared lock on daemon addresses registry.
2025-02-16T01:46:44.742+0900 [DEBUG] [org.gradle.cache.internal.DefaultFileLockManager] Lock acquired on daemon addresses registry.
2025-02-16T01:46:44.742+0900 [DEBUG] [org.gradle.cache.internal.DefaultFileLockManager] Releasing lock on daemon addresses registry.
2025-02-16T01:46:44.743+0900 [DEBUG] [org.gradle.cache.internal.DefaultFileLockManager] Waiting to acquire shared lock on daemon addresses registry.
2025-02-16T01:46:44.743+0900 [DEBUG] [org.gradle.cache.internal.DefaultFileLockManager] Lock acquired on daemon addresses registry.
2025-02-16T01:46:44.743+0900 [DEBUG] [org.gradle.cache.internal.DefaultFileLockManager] Releasing lock on daemon addresses registry.
2025-02-16T01:46:44.744+0900 [DEBUG] [org.gradle.cache.internal.DefaultFileLockManager] Waiting to acquire shared lock on daemon addresses registry.
2025-02-16T01:46:44.744+0900 [DEBUG] [org.gradle.cache.internal.DefaultFileLockManager] Lock acquired on daemon addresses registry.
2025-02-16T01:46:44.744+0900 [DEBUG] [org.gradle.cache.internal.DefaultFileLockManager] Releasing lock on daemon addresses registry.
2025-02-16T01:46:54.737+0900 [DEBUG] [org.gradle.cache.internal.DefaultFileLockManager] Waiting to acquire shared lock on daemon addresses registry.
2025-02-16T01:46:54.738+0900 [DEBUG] [org.gradle.cache.internal.DefaultFileLockManager] Lock acquired on daemon addresses registry.
2025-02-16T01:46:54.739+0900 [DEBUG] [org.gradle.cache.internal.DefaultFileLockManager] Releasing lock on daemon addresses registry.
2025-02-16T01:46:54.739+0900 [DEBUG] [org.gradle.cache.internal.DefaultFileLockManager] Waiting to acquire shared lock on daemon addresses registry.
2025-02-16T01:46:54.739+0900 [DEBUG] [org.gradle.cache.internal.DefaultFileLockManager] Lock acquired on daemon addresses registry.
2025-02-16T01:46:54.740+0900 [DEBUG] [org.gradle.cache.internal.DefaultFileLockManager] Releasing lock on daemon addresses registry.
2025-02-16T01:46:54.740+0900 [DEBUG] [org.gradle.cache.internal.DefaultFileLockManager] Waiting to acquire shared lock on daemon addresses registry.
2025-02-16T01:46:54.740+0900 [DEBUG] [org.gradle.cache.internal.DefaultFileLockManager] Lock acquired on daemon addresses registry.
2025-02-16T01:46:54.741+0900 [DEBUG] [org.gradle.cache.internal.DefaultFileLockManager] Releasing lock on daemon addresses registry.
2025-02-16T01:47:04.741+0900 [DEBUG] [org.gradle.cache.internal.DefaultFileLockManager] Waiting to acquire shared lock on daemon addresses registry.
2025-02-16T01:47:04.742+0900 [DEBUG] [org.gradle.cache.internal.DefaultFileLockManager] Lock acquired on daemon addresses registry.
2025-02-16T01:47:04.742+0900 [DEBUG] [org.gradle.cache.internal.DefaultFileLockManager] Releasing lock on daemon addresses registry.
2025-02-16T01:47:04.743+0900 [DEBUG] [org.gradle.cache.internal.DefaultFileLockManager] Waiting to acquire shared lock on daemon addresses registry.
2025-02-16T01:47:04.743+0900 [DEBUG] [org.gradle.cache.internal.DefaultFileLockManager] Lock acquired on daemon addresses registry.
2025-02-16T01:47:04.744+0900 [DEBUG] [org.gradle.cache.internal.DefaultFileLockManager] Releasing lock on daemon addresses registry.
2025-02-16T01:47:04.744+0900 [DEBUG] [org.gradle.cache.internal.DefaultFileLockManager] Waiting to acquire shared lock on daemon addresses registry.
2025-02-16T01:47:04.744+0900 [DEBUG] [org.gradle.cache.internal.DefaultFileLockManager] Lock acquired on daemon addresses registry.
2025-02-16T01:47:04.745+0900 [DEBUG] [org.gradle.cache.internal.DefaultFileLockManager] Releasing lock on daemon addresses registry.
2025-02-16T01:47:14.740+0900 [DEBUG] [org.gradle.cache.internal.DefaultFileLockManager] Waiting to acquire shared lock on daemon addresses registry.
2025-02-16T01:47:14.740+0900 [DEBUG] [org.gradle.cache.internal.DefaultFileLockManager] Lock acquired on daemon addresses registry.
2025-02-16T01:47:14.741+0900 [DEBUG] [org.gradle.cache.internal.DefaultFileLockManager] Releasing lock on daemon addresses registry.
2025-02-16T01:47:14.742+0900 [DEBUG] [org.gradle.cache.internal.DefaultFileLockManager] Waiting to acquire shared lock on daemon addresses registry.
2025-02-16T01:47:14.742+0900 [DEBUG] [org.gradle.cache.internal.DefaultFileLockManager] Lock acquired on daemon addresses registry.
2025-02-16T01:47:14.743+0900 [DEBUG] [org.gradle.cache.internal.DefaultFileLockManager] Releasing lock on daemon addresses registry.
2025-02-16T01:47:14.743+0900 [DEBUG] [org.gradle.cache.internal.DefaultFileLockManager] Waiting to acquire shared lock on daemon addresses registry.
2025-02-16T01:47:14.743+0900 [DEBUG] [org.gradle.cache.internal.DefaultFileLockManager] Lock acquired on daemon addresses registry.
2025-02-16T01:47:14.744+0900 [DEBUG] [org.gradle.cache.internal.DefaultFileLockManager] Releasing lock on daemon addresses registry.
2025-02-16T01:47:24.739+0900 [DEBUG] [org.gradle.cache.internal.DefaultFileLockManager] Waiting to acquire shared lock on daemon addresses registry.
2025-02-16T01:47:24.739+0900 [DEBUG] [org.gradle.cache.internal.DefaultFileLockManager] Lock acquired on daemon addresses registry.
2025-02-16T01:47:24.739+0900 [DEBUG] [org.gradle.cache.internal.DefaultFileLockManager] Releasing lock on daemon addresses registry.
2025-02-16T01:47:24.739+0900 [DEBUG] [org.gradle.cache.internal.DefaultFileLockManager] Waiting to acquire shared lock on daemon addresses registry.
2025-02-16T01:47:24.740+0900 [DEBUG] [org.gradle.cache.internal.DefaultFileLockManager] Lock acquired on daemon addresses registry.
2025-02-16T01:47:24.740+0900 [DEBUG] [org.gradle.cache.internal.DefaultFileLockManager] Releasing lock on daemon addresses registry.
2025-02-16T01:47:24.740+0900 [DEBUG] [org.gradle.cache.internal.DefaultFileLockManager] Waiting to acquire shared lock on daemon addresses registry.
2025-02-16T01:47:24.740+0900 [DEBUG] [org.gradle.cache.internal.DefaultFileLockManager] Lock acquired on daemon addresses registry.
2025-02-16T01:47:24.740+0900 [DEBUG] [org.gradle.cache.internal.DefaultFileLockManager] Releasing lock on daemon addresses registry.
2025-02-16T01:47:28.008+0900 [DEBUG] [sun.rmi.transport.tcp] RMI TCP Connection(24)-127.0.0.1: accepted socket from [127.0.0.1:57429]
2025-02-16T01:47:28.013+0900 [DEBUG] [sun.rmi.transport.tcp] RMI TCP Connection(24)-127.0.0.1: (port 56517) op = 80
2025-02-16T01:47:28.014+0900 [DEBUG] [sun.rmi.loader] RMI TCP Connection(24)-127.0.0.1: name = "[Ljava.rmi.server.ObjID;", codebase = "", defaultLoader = jdk.internal.loader.ClassLoaders$PlatformClassLoader@7de7f93
2025-02-16T01:47:28.016+0900 [DEBUG] [sun.rmi.loader] RMI TCP Connection(24)-127.0.0.1: name = "java.rmi.dgc.Lease", codebase = "", defaultLoader = jdk.internal.loader.ClassLoaders$PlatformClassLoader@7de7f93
2025-02-16T01:47:28.018+0900 [DEBUG] [sun.rmi.loader] RMI TCP Connection(24)-127.0.0.1: name = "java.rmi.dgc.VMID", codebase = "", defaultLoader = jdk.internal.loader.ClassLoaders$PlatformClassLoader@7de7f93
2025-02-16T01:47:28.019+0900 [DEBUG] [sun.rmi.loader] RMI TCP Connection(24)-127.0.0.1: name = "[B", codebase = "", defaultLoader = jdk.internal.loader.ClassLoaders$PlatformClassLoader@7de7f93
2025-02-16T01:47:28.019+0900 [DEBUG] [sun.rmi.loader] RMI TCP Connection(24)-127.0.0.1: name = "java.rmi.server.UID", codebase = "", defaultLoader = jdk.internal.loader.ClassLoaders$PlatformClassLoader@7de7f93
2025-02-16T01:47:34.737+0900 [DEBUG] [org.gradle.cache.internal.DefaultFileLockManager] Waiting to acquire shared lock on daemon addresses registry.
2025-02-16T01:47:34.738+0900 [DEBUG] [org.gradle.cache.internal.DefaultFileLockManager] Lock acquired on daemon addresses registry.
2025-02-16T01:47:34.738+0900 [DEBUG] [org.gradle.cache.internal.DefaultFileLockManager] Releasing lock on daemon addresses registry.
2025-02-16T01:47:34.739+0900 [DEBUG] [org.gradle.cache.internal.DefaultFileLockManager] Waiting to acquire shared lock on daemon addresses registry.
2025-02-16T01:47:34.739+0900 [DEBUG] [org.gradle.cache.internal.DefaultFileLockManager] Lock acquired on daemon addresses registry.
2025-02-16T01:47:34.740+0900 [DEBUG] [org.gradle.cache.internal.DefaultFileLockManager] Releasing lock on daemon addresses registry.
2025-02-16T01:47:34.740+0900 [DEBUG] [org.gradle.cache.internal.DefaultFileLockManager] Waiting to acquire shared lock on daemon addresses registry.
2025-02-16T01:47:34.740+0900 [DEBUG] [org.gradle.cache.internal.DefaultFileLockManager] Lock acquired on daemon addresses registry.
2025-02-16T01:47:34.740+0900 [DEBUG] [org.gradle.cache.internal.DefaultFileLockManager] Releasing lock on daemon addresses registry.
2025-02-16T01:47:43.033+0900 [DEBUG] [sun.rmi.transport.tcp] RMI TCP Connection(24)-127.0.0.1: (port 56517) connection closed
2025-02-16T01:47:43.035+0900 [DEBUG] [sun.rmi.transport.tcp] RMI TCP Connection(24)-127.0.0.1: close connection, socket: Socket[addr=/127.0.0.1,port=57429,localport=56517]
2025-02-16T01:47:43.037+0900 [DEBUG] [sun.rmi.transport.tcp] RMI TCP Connection(24)-127.0.0.1: socket close: Socket[addr=/127.0.0.1,port=57429,localport=56517]
2025-02-16T01:47:44.741+0900 [DEBUG] [org.gradle.cache.internal.DefaultFileLockManager] Waiting to acquire shared lock on daemon addresses registry.
2025-02-16T01:47:44.744+0900 [DEBUG] [org.gradle.cache.internal.DefaultFileLockManager] Lock acquired on daemon addresses registry.
2025-02-16T01:47:44.747+0900 [DEBUG] [org.gradle.cache.internal.DefaultFileLockManager] Releasing lock on daemon addresses registry.
2025-02-16T01:47:44.749+0900 [DEBUG] [org.gradle.cache.internal.DefaultFileLockManager] Waiting to acquire shared lock on daemon addresses registry.
2025-02-16T01:47:44.750+0900 [DEBUG] [org.gradle.cache.internal.DefaultFileLockManager] Lock acquired on daemon addresses registry.
2025-02-16T01:47:44.750+0900 [DEBUG] [org.gradle.cache.internal.DefaultFileLockManager] Releasing lock on daemon addresses registry.
2025-02-16T01:47:44.751+0900 [DEBUG] [org.gradle.cache.internal.DefaultFileLockManager] Waiting to acquire shared lock on daemon addresses registry.
2025-02-16T01:47:44.751+0900 [DEBUG] [org.gradle.cache.internal.DefaultFileLockManager] Lock acquired on daemon addresses registry.
2025-02-16T01:47:44.751+0900 [DEBUG] [org.gradle.cache.internal.DefaultFileLockManager] Releasing lock on daemon addresses registry.
2025-02-16T01:47:54.738+0900 [DEBUG] [org.gradle.cache.internal.DefaultFileLockManager] Waiting to acquire shared lock on daemon addresses registry.
2025-02-16T01:47:54.738+0900 [DEBUG] [org.gradle.cache.internal.DefaultFileLockManager] Lock acquired on daemon addresses registry.
2025-02-16T01:47:54.739+0900 [DEBUG] [org.gradle.cache.internal.DefaultFileLockManager] Releasing lock on daemon addresses registry.
2025-02-16T01:47:54.739+0900 [DEBUG] [org.gradle.cache.internal.DefaultFileLockManager] Waiting to acquire shared lock on daemon addresses registry.
2025-02-16T01:47:54.740+0900 [DEBUG] [org.gradle.cache.internal.DefaultFileLockManager] Lock acquired on daemon addresses registry.
2025-02-16T01:47:54.740+0900 [DEBUG] [org.gradle.cache.internal.DefaultFileLockManager] Releasing lock on daemon addresses registry.
2025-02-16T01:47:54.741+0900 [DEBUG] [org.gradle.cache.internal.DefaultFileLockManager] Waiting to acquire shared lock on daemon addresses registry.
2025-02-16T01:47:54.741+0900 [DEBUG] [org.gradle.cache.internal.DefaultFileLockManager] Lock acquired on daemon addresses registry.
2025-02-16T01:47:54.741+0900 [DEBUG] [org.gradle.cache.internal.DefaultFileLockManager] Releasing lock on daemon addresses registry.
2025-02-16T01:48:04.736+0900 [DEBUG] [org.gradle.cache.internal.DefaultFileLockManager] Waiting to acquire shared lock on daemon addresses registry.
2025-02-16T01:48:04.737+0900 [DEBUG] [org.gradle.cache.internal.DefaultFileLockManager] Lock acquired on daemon addresses registry.
2025-02-16T01:48:04.737+0900 [DEBUG] [org.gradle.cache.internal.DefaultFileLockManager] Releasing lock on daemon addresses registry.
2025-02-16T01:48:04.738+0900 [DEBUG] [org.gradle.cache.internal.DefaultFileLockManager] Waiting to acquire shared lock on daemon addresses registry.
2025-02-16T01:48:04.738+0900 [DEBUG] [org.gradle.cache.internal.DefaultFileLockManager] Lock acquired on daemon addresses registry.
2025-02-16T01:48:04.739+0900 [DEBUG] [org.gradle.cache.internal.DefaultFileLockManager] Releasing lock on daemon addresses registry.
2025-02-16T01:48:04.739+0900 [DEBUG] [org.gradle.cache.internal.DefaultFileLockManager] Waiting to acquire shared lock on daemon addresses registry.
2025-02-16T01:48:04.739+0900 [DEBUG] [org.gradle.cache.internal.DefaultFileLockManager] Lock acquired on daemon addresses registry.
2025-02-16T01:48:04.740+0900 [DEBUG] [org.gradle.cache.internal.DefaultFileLockManager] Releasing lock on daemon addresses registry.
2025-02-16T01:48:14.738+0900 [DEBUG] [org.gradle.cache.internal.DefaultFileLockManager] Waiting to acquire shared lock on daemon addresses registry.
2025-02-16T01:48:14.738+0900 [DEBUG] [org.gradle.cache.internal.DefaultFileLockManager] Lock acquired on daemon addresses registry.
2025-02-16T01:48:14.739+0900 [DEBUG] [org.gradle.cache.internal.DefaultFileLockManager] Releasing lock on daemon addresses registry.
2025-02-16T01:48:14.740+0900 [DEBUG] [org.gradle.cache.internal.DefaultFileLockManager] Waiting to acquire shared lock on daemon addresses registry.
2025-02-16T01:48:14.740+0900 [DEBUG] [org.gradle.cache.internal.DefaultFileLockManager] Lock acquired on daemon addresses registry.
2025-02-16T01:48:14.740+0900 [DEBUG] [org.gradle.cache.internal.DefaultFileLockManager] Releasing lock on daemon addresses registry.
2025-02-16T01:48:14.741+0900 [DEBUG] [org.gradle.cache.internal.DefaultFileLockManager] Waiting to acquire shared lock on daemon addresses registry.
2025-02-16T01:48:14.741+0900 [DEBUG] [org.gradle.cache.internal.DefaultFileLockManager] Lock acquired on daemon addresses registry.
2025-02-16T01:48:14.741+0900 [DEBUG] [org.gradle.cache.internal.DefaultFileLockManager] Releasing lock on daemon addresses registry.
2025-02-16T01:48:24.737+0900 [DEBUG] [org.gradle.cache.internal.DefaultFileLockManager] Waiting to acquire shared lock on daemon addresses registry.
2025-02-16T01:48:24.738+0900 [DEBUG] [org.gradle.cache.internal.DefaultFileLockManager] Lock acquired on daemon addresses registry.
2025-02-16T01:48:24.739+0900 [DEBUG] [org.gradle.cache.internal.DefaultFileLockManager] Releasing lock on daemon addresses registry.
2025-02-16T01:48:24.740+0900 [DEBUG] [org.gradle.cache.internal.DefaultFileLockManager] Waiting to acquire shared lock on daemon addresses registry.
2025-02-16T01:48:24.741+0900 [DEBUG] [org.gradle.cache.internal.DefaultFileLockManager] Lock acquired on daemon addresses registry.
2025-02-16T01:48:24.741+0900 [DEBUG] [org.gradle.cache.internal.DefaultFileLockManager] Releasing lock on daemon addresses registry.
2025-02-16T01:48:24.742+0900 [DEBUG] [org.gradle.cache.internal.DefaultFileLockManager] Waiting to acquire shared lock on daemon addresses registry.
2025-02-16T01:48:24.742+0900 [DEBUG] [org.gradle.cache.internal.DefaultFileLockManager] Lock acquired on daemon addresses registry.
2025-02-16T01:48:24.742+0900 [DEBUG] [org.gradle.cache.internal.DefaultFileLockManager] Releasing lock on daemon addresses registry.
2025-02-16T01:48:34.737+0900 [DEBUG] [org.gradle.cache.internal.DefaultFileLockManager] Waiting to acquire shared lock on daemon addresses registry.
2025-02-16T01:48:34.738+0900 [DEBUG] [org.gradle.cache.internal.DefaultFileLockManager] Lock acquired on daemon addresses registry.
2025-02-16T01:48:34.739+0900 [DEBUG] [org.gradle.cache.internal.DefaultFileLockManager] Releasing lock on daemon addresses registry.
2025-02-16T01:48:34.740+0900 [DEBUG] [org.gradle.cache.internal.DefaultFileLockManager] Waiting to acquire shared lock on daemon addresses registry.
2025-02-16T01:48:34.740+0900 [DEBUG] [org.gradle.cache.internal.DefaultFileLockManager] Lock acquired on daemon addresses registry.
2025-02-16T01:48:34.741+0900 [DEBUG] [org.gradle.cache.internal.DefaultFileLockManager] Releasing lock on daemon addresses registry.
2025-02-16T01:48:34.741+0900 [DEBUG] [org.gradle.cache.internal.DefaultFileLockManager] Waiting to acquire shared lock on daemon addresses registry.
2025-02-16T01:48:34.741+0900 [DEBUG] [org.gradle.cache.internal.DefaultFileLockManager] Lock acquired on daemon addresses registry.
2025-02-16T01:48:34.742+0900 [DEBUG] [org.gradle.cache.internal.DefaultFileLockManager] Releasing lock on daemon addresses registry.
2025-02-16T01:48:44.733+0900 [DEBUG] [org.gradle.cache.internal.DefaultFileLockManager] Waiting to acquire shared lock on daemon addresses registry.
2025-02-16T01:48:44.734+0900 [DEBUG] [org.gradle.cache.internal.DefaultFileLockManager] Lock acquired on daemon addresses registry.
2025-02-16T01:48:44.734+0900 [DEBUG] [org.gradle.cache.internal.DefaultFileLockManager] Releasing lock on daemon addresses registry.
2025-02-16T01:48:44.735+0900 [DEBUG] [org.gradle.cache.internal.DefaultFileLockManager] Waiting to acquire shared lock on daemon addresses registry.
2025-02-16T01:48:44.735+0900 [DEBUG] [org.gradle.cache.internal.DefaultFileLockManager] Lock acquired on daemon addresses registry.
2025-02-16T01:48:44.736+0900 [DEBUG] [org.gradle.cache.internal.DefaultFileLockManager] Releasing lock on daemon addresses registry.
2025-02-16T01:48:44.736+0900 [DEBUG] [org.gradle.cache.internal.DefaultFileLockManager] Waiting to acquire shared lock on daemon addresses registry.
2025-02-16T01:48:44.737+0900 [DEBUG] [org.gradle.cache.internal.DefaultFileLockManager] Lock acquired on daemon addresses registry.
2025-02-16T01:48:44.737+0900 [DEBUG] [org.gradle.cache.internal.DefaultFileLockManager] Releasing lock on daemon addresses registry.
2025-02-16T01:48:54.737+0900 [DEBUG] [org.gradle.cache.internal.DefaultFileLockManager] Waiting to acquire shared lock on daemon addresses registry.
2025-02-16T01:48:54.737+0900 [DEBUG] [org.gradle.cache.internal.DefaultFileLockManager] Lock acquired on daemon addresses registry.
2025-02-16T01:48:54.738+0900 [DEBUG] [org.gradle.cache.internal.DefaultFileLockManager] Releasing lock on daemon addresses registry.
2025-02-16T01:48:54.739+0900 [DEBUG] [org.gradle.cache.internal.DefaultFileLockManager] Waiting to acquire shared lock on daemon addresses registry.
2025-02-16T01:48:54.739+0900 [DEBUG] [org.gradle.cache.internal.DefaultFileLockManager] Lock acquired on daemon addresses registry.
2025-02-16T01:48:54.740+0900 [DEBUG] [org.gradle.cache.internal.DefaultFileLockManager] Releasing lock on daemon addresses registry.
2025-02-16T01:48:54.740+0900 [DEBUG] [org.gradle.cache.internal.DefaultFileLockManager] Waiting to acquire shared lock on daemon addresses registry.
2025-02-16T01:48:54.740+0900 [DEBUG] [org.gradle.cache.internal.DefaultFileLockManager] Lock acquired on daemon addresses registry.
2025-02-16T01:48:54.741+0900 [DEBUG] [org.gradle.cache.internal.DefaultFileLockManager] Releasing lock on daemon addresses registry.
2025-02-16T01:49:04.736+0900 [DEBUG] [org.gradle.cache.internal.DefaultFileLockManager] Waiting to acquire shared lock on daemon addresses registry.
2025-02-16T01:49:04.737+0900 [DEBUG] [org.gradle.cache.internal.DefaultFileLockManager] Lock acquired on daemon addresses registry.
2025-02-16T01:49:04.737+0900 [DEBUG] [org.gradle.cache.internal.DefaultFileLockManager] Releasing lock on daemon addresses registry.
2025-02-16T01:49:04.737+0900 [DEBUG] [org.gradle.cache.internal.DefaultFileLockManager] Waiting to acquire shared lock on daemon addresses registry.
2025-02-16T01:49:04.737+0900 [DEBUG] [org.gradle.cache.internal.DefaultFileLockManager] Lock acquired on daemon addresses registry.
2025-02-16T01:49:04.737+0900 [DEBUG] [org.gradle.cache.internal.DefaultFileLockManager] Releasing lock on daemon addresses registry.
2025-02-16T01:49:04.738+0900 [DEBUG] [org.gradle.cache.internal.DefaultFileLockManager] Waiting to acquire shared lock on daemon addresses registry.
2025-02-16T01:49:04.738+0900 [DEBUG] [org.gradle.cache.internal.DefaultFileLockManager] Lock acquired on daemon addresses registry.
2025-02-16T01:49:04.738+0900 [DEBUG] [org.gradle.cache.internal.DefaultFileLockManager] Releasing lock on daemon addresses registry.
2025-02-16T01:49:14.732+0900 [DEBUG] [org.gradle.cache.internal.DefaultFileLockManager] Waiting to acquire shared lock on daemon addresses registry.
2025-02-16T01:49:14.733+0900 [DEBUG] [org.gradle.cache.internal.DefaultFileLockManager] Lock acquired on daemon addresses registry.
2025-02-16T01:49:14.733+0900 [DEBUG] [org.gradle.cache.internal.DefaultFileLockManager] Releasing lock on daemon addresses registry.
2025-02-16T01:49:14.734+0900 [DEBUG] [org.gradle.cache.internal.DefaultFileLockManager] Waiting to acquire shared lock on daemon addresses registry.
2025-02-16T01:49:14.734+0900 [DEBUG] [org.gradle.cache.internal.DefaultFileLockManager] Lock acquired on daemon addresses registry.
2025-02-16T01:49:14.734+0900 [DEBUG] [org.gradle.cache.internal.DefaultFileLockManager] Releasing lock on daemon addresses registry.
2025-02-16T01:49:14.735+0900 [DEBUG] [org.gradle.cache.internal.DefaultFileLockManager] Waiting to acquire shared lock on daemon addresses registry.
2025-02-16T01:49:14.735+0900 [DEBUG] [org.gradle.cache.internal.DefaultFileLockManager] Lock acquired on daemon addresses registry.
2025-02-16T01:49:14.735+0900 [DEBUG] [org.gradle.cache.internal.DefaultFileLockManager] Releasing lock on daemon addresses registry.
2025-02-16T01:49:24.731+0900 [DEBUG] [org.gradle.cache.internal.DefaultFileLockManager] Waiting to acquire shared lock on daemon addresses registry.
2025-02-16T01:49:24.732+0900 [DEBUG] [org.gradle.cache.internal.DefaultFileLockManager] Lock acquired on daemon addresses registry.
2025-02-16T01:49:24.732+0900 [DEBUG] [org.gradle.cache.internal.DefaultFileLockManager] Releasing lock on daemon addresses registry.
2025-02-16T01:49:24.733+0900 [DEBUG] [org.gradle.cache.internal.DefaultFileLockManager] Waiting to acquire shared lock on daemon addresses registry.
2025-02-16T01:49:24.733+0900 [DEBUG] [org.gradle.cache.internal.DefaultFileLockManager] Lock acquired on daemon addresses registry.
2025-02-16T01:49:24.733+0900 [DEBUG] [org.gradle.cache.internal.DefaultFileLockManager] Releasing lock on daemon addresses registry.
2025-02-16T01:49:24.734+0900 [DEBUG] [org.gradle.cache.internal.DefaultFileLockManager] Waiting to acquire shared lock on daemon addresses registry.
2025-02-16T01:49:24.734+0900 [DEBUG] [org.gradle.cache.internal.DefaultFileLockManager] Lock acquired on daemon addresses registry.
2025-02-16T01:49:24.734+0900 [DEBUG] [org.gradle.cache.internal.DefaultFileLockManager] Releasing lock on daemon addresses registry.
2025-02-16T01:49:34.733+0900 [DEBUG] [org.gradle.cache.internal.DefaultFileLockManager] Waiting to acquire shared lock on daemon addresses registry.
2025-02-16T01:49:34.734+0900 [DEBUG] [org.gradle.cache.internal.DefaultFileLockManager] Lock acquired on daemon addresses registry.
2025-02-16T01:49:34.735+0900 [DEBUG] [org.gradle.cache.internal.DefaultFileLockManager] Releasing lock on daemon addresses registry.
2025-02-16T01:49:34.736+0900 [DEBUG] [org.gradle.cache.internal.DefaultFileLockManager] Waiting to acquire shared lock on daemon addresses registry.
2025-02-16T01:49:34.736+0900 [DEBUG] [org.gradle.cache.internal.DefaultFileLockManager] Lock acquired on daemon addresses registry.
2025-02-16T01:49:34.737+0900 [DEBUG] [org.gradle.cache.internal.DefaultFileLockManager] Releasing lock on daemon addresses registry.
2025-02-16T01:49:34.737+0900 [DEBUG] [org.gradle.cache.internal.DefaultFileLockManager] Waiting to acquire shared lock on daemon addresses registry.
2025-02-16T01:49:34.737+0900 [DEBUG] [org.gradle.cache.internal.DefaultFileLockManager] Lock acquired on daemon addresses registry.
2025-02-16T01:49:34.738+0900 [DEBUG] [org.gradle.cache.internal.DefaultFileLockManager] Releasing lock on daemon addresses registry.
2025-02-16T01:49:44.735+0900 [DEBUG] [org.gradle.cache.internal.DefaultFileLockManager] Waiting to acquire shared lock on daemon addresses registry.
2025-02-16T01:49:44.735+0900 [DEBUG] [org.gradle.cache.internal.DefaultFileLockManager] Lock acquired on daemon addresses registry.
2025-02-16T01:49:44.735+0900 [DEBUG] [org.gradle.cache.internal.DefaultFileLockManager] Releasing lock on daemon addresses registry.
2025-02-16T01:49:44.736+0900 [DEBUG] [org.gradle.cache.internal.DefaultFileLockManager] Waiting to acquire shared lock on daemon addresses registry.
2025-02-16T01:49:44.736+0900 [DEBUG] [org.gradle.cache.internal.DefaultFileLockManager] Lock acquired on daemon addresses registry.
2025-02-16T01:49:44.737+0900 [DEBUG] [org.gradle.cache.internal.DefaultFileLockManager] Releasing lock on daemon addresses registry.
2025-02-16T01:49:44.737+0900 [DEBUG] [org.gradle.cache.internal.DefaultFileLockManager] Waiting to acquire shared lock on daemon addresses registry.
2025-02-16T01:49:44.737+0900 [DEBUG] [org.gradle.cache.internal.DefaultFileLockManager] Lock acquired on daemon addresses registry.
2025-02-16T01:49:44.738+0900 [DEBUG] [org.gradle.cache.internal.DefaultFileLockManager] Releasing lock on daemon addresses registry.
2025-02-16T01:49:54.731+0900 [DEBUG] [org.gradle.cache.internal.DefaultFileLockManager] Waiting to acquire shared lock on daemon addresses registry.
2025-02-16T01:49:54.733+0900 [DEBUG] [org.gradle.cache.internal.DefaultFileLockManager] Lock acquired on daemon addresses registry.
2025-02-16T01:49:54.733+0900 [DEBUG] [org.gradle.cache.internal.DefaultFileLockManager] Releasing lock on daemon addresses registry.
2025-02-16T01:49:54.734+0900 [DEBUG] [org.gradle.cache.internal.DefaultFileLockManager] Waiting to acquire shared lock on daemon addresses registry.
2025-02-16T01:49:54.734+0900 [DEBUG] [org.gradle.cache.internal.DefaultFileLockManager] Lock acquired on daemon addresses registry.
2025-02-16T01:49:54.734+0900 [DEBUG] [org.gradle.cache.internal.DefaultFileLockManager] Releasing lock on daemon addresses registry.
2025-02-16T01:49:54.735+0900 [DEBUG] [org.gradle.cache.internal.DefaultFileLockManager] Waiting to acquire shared lock on daemon addresses registry.
2025-02-16T01:49:54.735+0900 [DEBUG] [org.gradle.cache.internal.DefaultFileLockManager] Lock acquired on daemon addresses registry.
2025-02-16T01:49:54.736+0900 [DEBUG] [org.gradle.cache.internal.DefaultFileLockManager] Releasing lock on daemon addresses registry.
2025-02-16T01:50:04.734+0900 [DEBUG] [org.gradle.cache.internal.DefaultFileLockManager] Waiting to acquire shared lock on daemon addresses registry.
2025-02-16T01:50:04.735+0900 [DEBUG] [org.gradle.cache.internal.DefaultFileLockManager] Lock acquired on daemon addresses registry.
2025-02-16T01:50:04.736+0900 [DEBUG] [org.gradle.cache.internal.DefaultFileLockManager] Releasing lock on daemon addresses registry.
2025-02-16T01:50:04.737+0900 [DEBUG] [org.gradle.cache.internal.DefaultFileLockManager] Waiting to acquire shared lock on daemon addresses registry.
2025-02-16T01:50:04.737+0900 [DEBUG] [org.gradle.cache.internal.DefaultFileLockManager] Lock acquired on daemon addresses registry.
2025-02-16T01:50:04.737+0900 [DEBUG] [org.gradle.cache.internal.DefaultFileLockManager] Releasing lock on daemon addresses registry.
2025-02-16T01:50:04.738+0900 [DEBUG] [org.gradle.cache.internal.DefaultFileLockManager] Waiting to acquire shared lock on daemon addresses registry.
2025-02-16T01:50:04.738+0900 [DEBUG] [org.gradle.cache.internal.DefaultFileLockManager] Lock acquired on daemon addresses registry.
2025-02-16T01:50:04.738+0900 [DEBUG] [org.gradle.cache.internal.DefaultFileLockManager] Releasing lock on daemon addresses registry.
2025-02-16T01:50:14.732+0900 [DEBUG] [org.gradle.cache.internal.DefaultFileLockManager] Waiting to acquire shared lock on daemon addresses registry.
2025-02-16T01:50:14.732+0900 [DEBUG] [org.gradle.cache.internal.DefaultFileLockManager] Lock acquired on daemon addresses registry.
2025-02-16T01:50:14.733+0900 [DEBUG] [org.gradle.cache.internal.DefaultFileLockManager] Releasing lock on daemon addresses registry.
2025-02-16T01:50:14.733+0900 [DEBUG] [org.gradle.cache.internal.DefaultFileLockManager] Waiting to acquire shared lock on daemon addresses registry.
2025-02-16T01:50:14.734+0900 [DEBUG] [org.gradle.cache.internal.DefaultFileLockManager] Lock acquired on daemon addresses registry.
2025-02-16T01:50:14.734+0900 [DEBUG] [org.gradle.cache.internal.DefaultFileLockManager] Releasing lock on daemon addresses registry.
2025-02-16T01:50:14.735+0900 [DEBUG] [org.gradle.cache.internal.DefaultFileLockManager] Waiting to acquire shared lock on daemon addresses registry.
2025-02-16T01:50:14.735+0900 [DEBUG] [org.gradle.cache.internal.DefaultFileLockManager] Lock acquired on daemon addresses registry.
2025-02-16T01:50:14.736+0900 [DEBUG] [org.gradle.cache.internal.DefaultFileLockManager] Releasing lock on daemon addresses registry.
2025-02-16T01:50:15.142+0900 [DEBUG] [sun.rmi.transport.tcp] RMI TCP Connection(25)-127.0.0.1: accepted socket from [127.0.0.1:57495]
2025-02-16T01:50:15.144+0900 [DEBUG] [sun.rmi.transport.tcp] RMI TCP Connection(25)-127.0.0.1: (port 56517) op = 80
2025-02-16T01:50:15.146+0900 [DEBUG] [sun.rmi.loader] RMI TCP Connection(25)-127.0.0.1: name = "[Ljava.rmi.server.ObjID;", codebase = "", defaultLoader = jdk.internal.loader.ClassLoaders$PlatformClassLoader@7de7f93
2025-02-16T01:50:15.147+0900 [DEBUG] [sun.rmi.loader] RMI TCP Connection(25)-127.0.0.1: name = "java.rmi.dgc.Lease", codebase = "", defaultLoader = jdk.internal.loader.ClassLoaders$PlatformClassLoader@7de7f93
2025-02-16T01:50:15.147+0900 [DEBUG] [sun.rmi.loader] RMI TCP Connection(25)-127.0.0.1: name = "java.rmi.dgc.VMID", codebase = "", defaultLoader = jdk.internal.loader.ClassLoaders$PlatformClassLoader@7de7f93
2025-02-16T01:50:15.147+0900 [DEBUG] [sun.rmi.loader] RMI TCP Connection(25)-127.0.0.1: name = "[B", codebase = "", defaultLoader = jdk.internal.loader.ClassLoaders$PlatformClassLoader@7de7f93
2025-02-16T01:50:15.148+0900 [DEBUG] [sun.rmi.loader] RMI TCP Connection(25)-127.0.0.1: name = "java.rmi.server.UID", codebase = "", defaultLoader = jdk.internal.loader.ClassLoaders$PlatformClassLoader@7de7f93
2025-02-16T01:50:24.733+0900 [DEBUG] [org.gradle.cache.internal.DefaultFileLockManager] Waiting to acquire shared lock on daemon addresses registry.
2025-02-16T01:50:24.733+0900 [DEBUG] [org.gradle.cache.internal.DefaultFileLockManager] Lock acquired on daemon addresses registry.
2025-02-16T01:50:24.733+0900 [DEBUG] [org.gradle.cache.internal.DefaultFileLockManager] Releasing lock on daemon addresses registry.
2025-02-16T01:50:24.734+0900 [DEBUG] [org.gradle.cache.internal.DefaultFileLockManager] Waiting to acquire shared lock on daemon addresses registry.
2025-02-16T01:50:24.734+0900 [DEBUG] [org.gradle.cache.internal.DefaultFileLockManager] Lock acquired on daemon addresses registry.
2025-02-16T01:50:24.734+0900 [DEBUG] [org.gradle.cache.internal.DefaultFileLockManager] Releasing lock on daemon addresses registry.
2025-02-16T01:50:24.735+0900 [DEBUG] [org.gradle.cache.internal.DefaultFileLockManager] Waiting to acquire shared lock on daemon addresses registry.
2025-02-16T01:50:24.735+0900 [DEBUG] [org.gradle.cache.internal.DefaultFileLockManager] Lock acquired on daemon addresses registry.
2025-02-16T01:50:24.735+0900 [DEBUG] [org.gradle.cache.internal.DefaultFileLockManager] Releasing lock on daemon addresses registry.
2025-02-16T01:50:30.153+0900 [DEBUG] [sun.rmi.transport.tcp] RMI TCP Connection(25)-127.0.0.1: (port 56517) connection closed
2025-02-16T01:50:30.154+0900 [DEBUG] [sun.rmi.transport.tcp] RMI TCP Connection(25)-127.0.0.1: close connection, socket: Socket[addr=/127.0.0.1,port=57495,localport=56517]
2025-02-16T01:50:30.155+0900 [DEBUG] [sun.rmi.transport.tcp] RMI TCP Connection(25)-127.0.0.1: socket close: Socket[addr=/127.0.0.1,port=57495,localport=56517]
2025-02-16T01:50:34.731+0900 [DEBUG] [org.gradle.cache.internal.DefaultFileLockManager] Waiting to acquire shared lock on daemon addresses registry.
2025-02-16T01:50:34.732+0900 [DEBUG] [org.gradle.cache.internal.DefaultFileLockManager] Lock acquired on daemon addresses registry.
2025-02-16T01:50:34.732+0900 [DEBUG] [org.gradle.cache.internal.DefaultFileLockManager] Releasing lock on daemon addresses registry.
2025-02-16T01:50:34.733+0900 [DEBUG] [org.gradle.cache.internal.DefaultFileLockManager] Waiting to acquire shared lock on daemon addresses registry.
2025-02-16T01:50:34.733+0900 [DEBUG] [org.gradle.cache.internal.DefaultFileLockManager] Lock acquired on daemon addresses registry.
2025-02-16T01:50:34.733+0900 [DEBUG] [org.gradle.cache.internal.DefaultFileLockManager] Releasing lock on daemon addresses registry.
2025-02-16T01:50:34.734+0900 [DEBUG] [org.gradle.cache.internal.DefaultFileLockManager] Waiting to acquire shared lock on daemon addresses registry.
2025-02-16T01:50:34.734+0900 [DEBUG] [org.gradle.cache.internal.DefaultFileLockManager] Lock acquired on daemon addresses registry.
2025-02-16T01:50:34.734+0900 [DEBUG] [org.gradle.cache.internal.DefaultFileLockManager] Releasing lock on daemon addresses registry.
2025-02-16T01:50:44.732+0900 [DEBUG] [org.gradle.cache.internal.DefaultFileLockManager] Waiting to acquire shared lock on daemon addresses registry.
2025-02-16T01:50:44.732+0900 [DEBUG] [org.gradle.cache.internal.DefaultFileLockManager] Lock acquired on daemon addresses registry.
2025-02-16T01:50:44.733+0900 [DEBUG] [org.gradle.cache.internal.DefaultFileLockManager] Releasing lock on daemon addresses registry.
2025-02-16T01:50:44.734+0900 [DEBUG] [org.gradle.cache.internal.DefaultFileLockManager] Waiting to acquire shared lock on daemon addresses registry.
2025-02-16T01:50:44.734+0900 [DEBUG] [org.gradle.cache.internal.DefaultFileLockManager] Lock acquired on daemon addresses registry.
2025-02-16T01:50:44.734+0900 [DEBUG] [org.gradle.cache.internal.DefaultFileLockManager] Releasing lock on daemon addresses registry.
2025-02-16T01:50:44.735+0900 [DEBUG] [org.gradle.cache.internal.DefaultFileLockManager] Waiting to acquire shared lock on daemon addresses registry.
2025-02-16T01:50:44.735+0900 [DEBUG] [org.gradle.cache.internal.DefaultFileLockManager] Lock acquired on daemon addresses registry.
2025-02-16T01:50:44.735+0900 [DEBUG] [org.gradle.cache.internal.DefaultFileLockManager] Releasing lock on daemon addresses registry.
2025-02-16T01:50:54.727+0900 [DEBUG] [org.gradle.cache.internal.DefaultFileLockManager] Waiting to acquire shared lock on daemon addresses registry.
2025-02-16T01:50:54.728+0900 [DEBUG] [org.gradle.cache.internal.DefaultFileLockManager] Lock acquired on daemon addresses registry.
2025-02-16T01:50:54.728+0900 [DEBUG] [org.gradle.cache.internal.DefaultFileLockManager] Releasing lock on daemon addresses registry.
2025-02-16T01:50:54.729+0900 [DEBUG] [org.gradle.cache.internal.DefaultFileLockManager] Waiting to acquire shared lock on daemon addresses registry.
2025-02-16T01:50:54.729+0900 [DEBUG] [org.gradle.cache.internal.DefaultFileLockManager] Lock acquired on daemon addresses registry.
2025-02-16T01:50:54.729+0900 [DEBUG] [org.gradle.cache.internal.DefaultFileLockManager] Releasing lock on daemon addresses registry.
2025-02-16T01:50:54.730+0900 [DEBUG] [org.gradle.cache.internal.DefaultFileLockManager] Waiting to acquire shared lock on daemon addresses registry.
2025-02-16T01:50:54.730+0900 [DEBUG] [org.gradle.cache.internal.DefaultFileLockManager] Lock acquired on daemon addresses registry.
2025-02-16T01:50:54.730+0900 [DEBUG] [org.gradle.cache.internal.DefaultFileLockManager] Releasing lock on daemon addresses registry.
2025-02-16T01:51:04.728+0900 [DEBUG] [org.gradle.cache.internal.DefaultFileLockManager] Waiting to acquire shared lock on daemon addresses registry.
2025-02-16T01:51:04.730+0900 [DEBUG] [org.gradle.cache.internal.DefaultFileLockManager] Lock acquired on daemon addresses registry.
2025-02-16T01:51:04.731+0900 [DEBUG] [org.gradle.cache.internal.DefaultFileLockManager] Releasing lock on daemon addresses registry.
2025-02-16T01:51:04.732+0900 [DEBUG] [org.gradle.cache.internal.DefaultFileLockManager] Waiting to acquire shared lock on daemon addresses registry.
2025-02-16T01:51:04.732+0900 [DEBUG] [org.gradle.cache.internal.DefaultFileLockManager] Lock acquired on daemon addresses registry.
2025-02-16T01:51:04.732+0900 [DEBUG] [org.gradle.cache.internal.DefaultFileLockManager] Releasing lock on daemon addresses registry.
2025-02-16T01:51:04.733+0900 [DEBUG] [org.gradle.cache.internal.DefaultFileLockManager] Waiting to acquire shared lock on daemon addresses registry.
2025-02-16T01:51:04.733+0900 [DEBUG] [org.gradle.cache.internal.DefaultFileLockManager] Lock acquired on daemon addresses registry.
2025-02-16T01:51:04.733+0900 [DEBUG] [org.gradle.cache.internal.DefaultFileLockManager] Releasing lock on daemon addresses registry.
2025-02-16T01:51:14.727+0900 [DEBUG] [org.gradle.cache.internal.DefaultFileLockManager] Waiting to acquire shared lock on daemon addresses registry.
2025-02-16T01:51:14.728+0900 [DEBUG] [org.gradle.cache.internal.DefaultFileLockManager] Lock acquired on daemon addresses registry.
2025-02-16T01:51:14.728+0900 [DEBUG] [org.gradle.cache.internal.DefaultFileLockManager] Releasing lock on daemon addresses registry.
2025-02-16T01:51:14.729+0900 [DEBUG] [org.gradle.cache.internal.DefaultFileLockManager] Waiting to acquire shared lock on daemon addresses registry.
2025-02-16T01:51:14.729+0900 [DEBUG] [org.gradle.cache.internal.DefaultFileLockManager] Lock acquired on daemon addresses registry.
2025-02-16T01:51:14.729+0900 [DEBUG] [org.gradle.cache.internal.DefaultFileLockManager] Releasing lock on daemon addresses registry.
2025-02-16T01:51:14.730+0900 [DEBUG] [org.gradle.cache.internal.DefaultFileLockManager] Waiting to acquire shared lock on daemon addresses registry.
2025-02-16T01:51:14.730+0900 [DEBUG] [org.gradle.cache.internal.DefaultFileLockManager] Lock acquired on daemon addresses registry.
2025-02-16T01:51:14.731+0900 [DEBUG] [org.gradle.cache.internal.DefaultFileLockManager] Releasing lock on daemon addresses registry.
2025-02-16T01:51:24.736+0900 [DEBUG] [org.gradle.cache.internal.DefaultFileLockManager] Waiting to acquire shared lock on daemon addresses registry.
2025-02-16T01:51:24.737+0900 [DEBUG] [org.gradle.cache.internal.DefaultFileLockManager] Lock acquired on daemon addresses registry.
2025-02-16T01:51:24.738+0900 [DEBUG] [org.gradle.cache.internal.DefaultFileLockManager] Releasing lock on daemon addresses registry.
2025-02-16T01:51:24.739+0900 [DEBUG] [org.gradle.cache.internal.DefaultFileLockManager] Waiting to acquire shared lock on daemon addresses registry.
2025-02-16T01:51:24.739+0900 [DEBUG] [org.gradle.cache.internal.DefaultFileLockManager] Lock acquired on daemon addresses registry.
2025-02-16T01:51:24.740+0900 [DEBUG] [org.gradle.cache.internal.DefaultFileLockManager] Releasing lock on daemon addresses registry.
2025-02-16T01:51:24.741+0900 [DEBUG] [org.gradle.cache.internal.DefaultFileLockManager] Waiting to acquire shared lock on daemon addresses registry.
2025-02-16T01:51:24.741+0900 [DEBUG] [org.gradle.cache.internal.DefaultFileLockManager] Lock acquired on daemon addresses registry.
2025-02-16T01:51:24.741+0900 [DEBUG] [org.gradle.cache.internal.DefaultFileLockManager] Releasing lock on daemon addresses registry.
2025-02-16T01:51:34.726+0900 [DEBUG] [org.gradle.cache.internal.DefaultFileLockManager] Waiting to acquire shared lock on daemon addresses registry.
2025-02-16T01:51:34.727+0900 [DEBUG] [org.gradle.cache.internal.DefaultFileLockManager] Lock acquired on daemon addresses registry.
2025-02-16T01:51:34.727+0900 [DEBUG] [org.gradle.cache.internal.DefaultFileLockManager] Releasing lock on daemon addresses registry.
2025-02-16T01:51:34.728+0900 [DEBUG] [org.gradle.cache.internal.DefaultFileLockManager] Waiting to acquire shared lock on daemon addresses registry.
2025-02-16T01:51:34.728+0900 [DEBUG] [org.gradle.cache.internal.DefaultFileLockManager] Lock acquired on daemon addresses registry.
2025-02-16T01:51:34.729+0900 [DEBUG] [org.gradle.cache.internal.DefaultFileLockManager] Releasing lock on daemon addresses registry.
2025-02-16T01:51:34.729+0900 [DEBUG] [org.gradle.cache.internal.DefaultFileLockManager] Waiting to acquire shared lock on daemon addresses registry.
2025-02-16T01:51:34.729+0900 [DEBUG] [org.gradle.cache.internal.DefaultFileLockManager] Lock acquired on daemon addresses registry.
2025-02-16T01:51:34.730+0900 [DEBUG] [org.gradle.cache.internal.DefaultFileLockManager] Releasing lock on daemon addresses registry.
2025-02-16T01:51:44.727+0900 [DEBUG] [org.gradle.cache.internal.DefaultFileLockManager] Waiting to acquire shared lock on daemon addresses registry.
2025-02-16T01:51:44.728+0900 [DEBUG] [org.gradle.cache.internal.DefaultFileLockManager] Lock acquired on daemon addresses registry.
2025-02-16T01:51:44.729+0900 [DEBUG] [org.gradle.cache.internal.DefaultFileLockManager] Releasing lock on daemon addresses registry.
2025-02-16T01:51:44.729+0900 [DEBUG] [org.gradle.cache.internal.DefaultFileLockManager] Waiting to acquire shared lock on daemon addresses registry.
2025-02-16T01:51:44.730+0900 [DEBUG] [org.gradle.cache.internal.DefaultFileLockManager] Lock acquired on daemon addresses registry.
2025-02-16T01:51:44.730+0900 [DEBUG] [org.gradle.cache.internal.DefaultFileLockManager] Releasing lock on daemon addresses registry.
2025-02-16T01:51:44.731+0900 [DEBUG] [org.gradle.cache.internal.DefaultFileLockManager] Waiting to acquire shared lock on daemon addresses registry.
2025-02-16T01:51:44.731+0900 [DEBUG] [org.gradle.cache.internal.DefaultFileLockManager] Lock acquired on daemon addresses registry.
2025-02-16T01:51:44.731+0900 [DEBUG] [org.gradle.cache.internal.DefaultFileLockManager] Releasing lock on daemon addresses registry.
2025-02-16T01:51:54.729+0900 [DEBUG] [org.gradle.cache.internal.DefaultFileLockManager] Waiting to acquire shared lock on daemon addresses registry.
2025-02-16T01:51:54.731+0900 [DEBUG] [org.gradle.cache.internal.DefaultFileLockManager] Lock acquired on daemon addresses registry.
2025-02-16T01:51:54.731+0900 [DEBUG] [org.gradle.cache.internal.DefaultFileLockManager] Releasing lock on daemon addresses registry.
2025-02-16T01:51:54.732+0900 [DEBUG] [org.gradle.cache.internal.DefaultFileLockManager] Waiting to acquire shared lock on daemon addresses registry.
2025-02-16T01:51:54.733+0900 [DEBUG] [org.gradle.cache.internal.DefaultFileLockManager] Lock acquired on daemon addresses registry.
2025-02-16T01:51:54.733+0900 [DEBUG] [org.gradle.cache.internal.DefaultFileLockManager] Releasing lock on daemon addresses registry.
2025-02-16T01:51:54.733+0900 [DEBUG] [org.gradle.cache.internal.DefaultFileLockManager] Waiting to acquire shared lock on daemon addresses registry.
2025-02-16T01:51:54.734+0900 [DEBUG] [org.gradle.cache.internal.DefaultFileLockManager] Lock acquired on daemon addresses registry.
2025-02-16T01:51:54.734+0900 [DEBUG] [org.gradle.cache.internal.DefaultFileLockManager] Releasing lock on daemon addresses registry.
2025-02-16T01:52:04.734+0900 [DEBUG] [org.gradle.cache.internal.DefaultFileLockManager] Waiting to acquire shared lock on daemon addresses registry.
2025-02-16T01:52:04.735+0900 [DEBUG] [org.gradle.cache.internal.DefaultFileLockManager] Lock acquired on daemon addresses registry.
2025-02-16T01:52:04.736+0900 [DEBUG] [org.gradle.cache.internal.DefaultFileLockManager] Releasing lock on daemon addresses registry.
2025-02-16T01:52:04.736+0900 [DEBUG] [org.gradle.cache.internal.DefaultFileLockManager] Waiting to acquire shared lock on daemon addresses registry.
2025-02-16T01:52:04.737+0900 [DEBUG] [org.gradle.cache.internal.DefaultFileLockManager] Lock acquired on daemon addresses registry.
2025-02-16T01:52:04.737+0900 [DEBUG] [org.gradle.cache.internal.DefaultFileLockManager] Releasing lock on daemon addresses registry.
2025-02-16T01:52:04.738+0900 [DEBUG] [org.gradle.cache.internal.DefaultFileLockManager] Waiting to acquire shared lock on daemon addresses registry.
2025-02-16T01:52:04.738+0900 [DEBUG] [org.gradle.cache.internal.DefaultFileLockManager] Lock acquired on daemon addresses registry.
2025-02-16T01:52:04.739+0900 [DEBUG] [org.gradle.cache.internal.DefaultFileLockManager] Releasing lock on daemon addresses registry.
2025-02-16T01:52:14.725+0900 [DEBUG] [org.gradle.cache.internal.DefaultFileLockManager] Waiting to acquire shared lock on daemon addresses registry.
2025-02-16T01:52:14.726+0900 [DEBUG] [org.gradle.cache.internal.DefaultFileLockManager] Lock acquired on daemon addresses registry.
2025-02-16T01:52:14.726+0900 [DEBUG] [org.gradle.cache.internal.DefaultFileLockManager] Releasing lock on daemon addresses registry.
2025-02-16T01:52:14.727+0900 [DEBUG] [org.gradle.cache.internal.DefaultFileLockManager] Waiting to acquire shared lock on daemon addresses registry.
2025-02-16T01:52:14.727+0900 [DEBUG] [org.gradle.cache.internal.DefaultFileLockManager] Lock acquired on daemon addresses registry.
2025-02-16T01:52:14.727+0900 [DEBUG] [org.gradle.cache.internal.DefaultFileLockManager] Releasing lock on daemon addresses registry.
2025-02-16T01:52:14.728+0900 [DEBUG] [org.gradle.cache.internal.DefaultFileLockManager] Waiting to acquire shared lock on daemon addresses registry.
2025-02-16T01:52:14.728+0900 [DEBUG] [org.gradle.cache.internal.DefaultFileLockManager] Lock acquired on daemon addresses registry.
2025-02-16T01:52:14.729+0900 [DEBUG] [org.gradle.cache.internal.DefaultFileLockManager] Releasing lock on daemon addresses registry.
2025-02-16T01:52:24.730+0900 [DEBUG] [org.gradle.cache.internal.DefaultFileLockManager] Waiting to acquire shared lock on daemon addresses registry.
2025-02-16T01:52:24.731+0900 [DEBUG] [org.gradle.cache.internal.DefaultFileLockManager] Lock acquired on daemon addresses registry.
2025-02-16T01:52:24.731+0900 [DEBUG] [org.gradle.cache.internal.DefaultFileLockManager] Releasing lock on daemon addresses registry.
2025-02-16T01:52:24.732+0900 [DEBUG] [org.gradle.cache.internal.DefaultFileLockManager] Waiting to acquire shared lock on daemon addresses registry.
2025-02-16T01:52:24.732+0900 [DEBUG] [org.gradle.cache.internal.DefaultFileLockManager] Lock acquired on daemon addresses registry.
2025-02-16T01:52:24.732+0900 [DEBUG] [org.gradle.cache.internal.DefaultFileLockManager] Releasing lock on daemon addresses registry.
2025-02-16T01:52:24.733+0900 [DEBUG] [org.gradle.cache.internal.DefaultFileLockManager] Waiting to acquire shared lock on daemon addresses registry.
2025-02-16T01:52:24.733+0900 [DEBUG] [org.gradle.cache.internal.DefaultFileLockManager] Lock acquired on daemon addresses registry.
2025-02-16T01:52:24.733+0900 [DEBUG] [org.gradle.cache.internal.DefaultFileLockManager] Releasing lock on daemon addresses registry.
2025-02-16T01:52:28.001+0900 [DEBUG] [sun.rmi.transport.tcp] RMI TCP Connection(26)-127.0.0.1: accepted socket from [127.0.0.1:57551]
2025-02-16T01:52:28.002+0900 [DEBUG] [sun.rmi.transport.tcp] RMI TCP Connection(26)-127.0.0.1: (port 56517) op = 80
2025-02-16T01:52:28.003+0900 [DEBUG] [sun.rmi.loader] RMI TCP Connection(26)-127.0.0.1: name = "[Ljava.rmi.server.ObjID;", codebase = "", defaultLoader = jdk.internal.loader.ClassLoaders$PlatformClassLoader@7de7f93
2025-02-16T01:52:28.003+0900 [DEBUG] [sun.rmi.loader] RMI TCP Connection(26)-127.0.0.1: name = "java.rmi.dgc.Lease", codebase = "", defaultLoader = jdk.internal.loader.ClassLoaders$PlatformClassLoader@7de7f93
2025-02-16T01:52:28.003+0900 [DEBUG] [sun.rmi.loader] RMI TCP Connection(26)-127.0.0.1: name = "java.rmi.dgc.VMID", codebase = "", defaultLoader = jdk.internal.loader.ClassLoaders$PlatformClassLoader@7de7f93
2025-02-16T01:52:28.004+0900 [DEBUG] [sun.rmi.loader] RMI TCP Connection(26)-127.0.0.1: name = "[B", codebase = "", defaultLoader = jdk.internal.loader.ClassLoaders$PlatformClassLoader@7de7f93
2025-02-16T01:52:28.004+0900 [DEBUG] [sun.rmi.loader] RMI TCP Connection(26)-127.0.0.1: name = "java.rmi.server.UID", codebase = "", defaultLoader = jdk.internal.loader.ClassLoaders$PlatformClassLoader@7de7f93
2025-02-16T01:52:34.731+0900 [DEBUG] [org.gradle.cache.internal.DefaultFileLockManager] Waiting to acquire shared lock on daemon addresses registry.
2025-02-16T01:52:34.732+0900 [DEBUG] [org.gradle.cache.internal.DefaultFileLockManager] Lock acquired on daemon addresses registry.
2025-02-16T01:52:34.732+0900 [DEBUG] [org.gradle.cache.internal.DefaultFileLockManager] Releasing lock on daemon addresses registry.
2025-02-16T01:52:34.733+0900 [DEBUG] [org.gradle.cache.internal.DefaultFileLockManager] Waiting to acquire shared lock on daemon addresses registry.
2025-02-16T01:52:34.733+0900 [DEBUG] [org.gradle.cache.internal.DefaultFileLockManager] Lock acquired on daemon addresses registry.
2025-02-16T01:52:34.733+0900 [DEBUG] [org.gradle.cache.internal.DefaultFileLockManager] Releasing lock on daemon addresses registry.
2025-02-16T01:52:34.734+0900 [DEBUG] [org.gradle.cache.internal.DefaultFileLockManager] Waiting to acquire shared lock on daemon addresses registry.
2025-02-16T01:52:34.734+0900 [DEBUG] [org.gradle.cache.internal.DefaultFileLockManager] Lock acquired on daemon addresses registry.
2025-02-16T01:52:34.734+0900 [DEBUG] [org.gradle.cache.internal.DefaultFileLockManager] Releasing lock on daemon addresses registry.
2025-02-16T01:52:43.014+0900 [DEBUG] [sun.rmi.transport.tcp] RMI TCP Connection(26)-127.0.0.1: (port 56517) connection closed
2025-02-16T01:52:43.014+0900 [DEBUG] [sun.rmi.transport.tcp] RMI TCP Connection(26)-127.0.0.1: close connection, socket: Socket[addr=/127.0.0.1,port=57551,localport=56517]
2025-02-16T01:52:43.015+0900 [DEBUG] [sun.rmi.transport.tcp] RMI TCP Connection(26)-127.0.0.1: socket close: Socket[addr=/127.0.0.1,port=57551,localport=56517]
2025-02-16T01:52:44.726+0900 [DEBUG] [org.gradle.cache.internal.DefaultFileLockManager] Waiting to acquire shared lock on daemon addresses registry.
2025-02-16T01:52:44.727+0900 [DEBUG] [org.gradle.cache.internal.DefaultFileLockManager] Lock acquired on daemon addresses registry.
2025-02-16T01:52:44.727+0900 [DEBUG] [org.gradle.cache.internal.DefaultFileLockManager] Releasing lock on daemon addresses registry.
2025-02-16T01:52:44.728+0900 [DEBUG] [org.gradle.cache.internal.DefaultFileLockManager] Waiting to acquire shared lock on daemon addresses registry.
2025-02-16T01:52:44.729+0900 [DEBUG] [org.gradle.cache.internal.DefaultFileLockManager] Lock acquired on daemon addresses registry.
2025-02-16T01:52:44.729+0900 [DEBUG] [org.gradle.cache.internal.DefaultFileLockManager] Releasing lock on daemon addresses registry.
2025-02-16T01:52:44.730+0900 [DEBUG] [org.gradle.cache.internal.DefaultFileLockManager] Waiting to acquire shared lock on daemon addresses registry.
2025-02-16T01:52:44.730+0900 [DEBUG] [org.gradle.cache.internal.DefaultFileLockManager] Lock acquired on daemon addresses registry.
2025-02-16T01:52:44.730+0900 [DEBUG] [org.gradle.cache.internal.DefaultFileLockManager] Releasing lock on daemon addresses registry.
2025-02-16T01:52:54.731+0900 [DEBUG] [org.gradle.cache.internal.DefaultFileLockManager] Waiting to acquire shared lock on daemon addresses registry.
2025-02-16T01:52:54.731+0900 [DEBUG] [org.gradle.cache.internal.DefaultFileLockManager] Lock acquired on daemon addresses registry.
2025-02-16T01:52:54.732+0900 [DEBUG] [org.gradle.cache.internal.DefaultFileLockManager] Releasing lock on daemon addresses registry.
2025-02-16T01:52:54.733+0900 [DEBUG] [org.gradle.cache.internal.DefaultFileLockManager] Waiting to acquire shared lock on daemon addresses registry.
2025-02-16T01:52:54.733+0900 [DEBUG] [org.gradle.cache.internal.DefaultFileLockManager] Lock acquired on daemon addresses registry.
2025-02-16T01:52:54.733+0900 [DEBUG] [org.gradle.cache.internal.DefaultFileLockManager] Releasing lock on daemon addresses registry.
2025-02-16T01:52:54.734+0900 [DEBUG] [org.gradle.cache.internal.DefaultFileLockManager] Waiting to acquire shared lock on daemon addresses registry.
2025-02-16T01:52:54.734+0900 [DEBUG] [org.gradle.cache.internal.DefaultFileLockManager] Lock acquired on daemon addresses registry.
2025-02-16T01:52:54.734+0900 [DEBUG] [org.gradle.cache.internal.DefaultFileLockManager] Releasing lock on daemon addresses registry.
2025-02-16T01:53:04.731+0900 [DEBUG] [org.gradle.cache.internal.DefaultFileLockManager] Waiting to acquire shared lock on daemon addresses registry.
2025-02-16T01:53:04.733+0900 [DEBUG] [org.gradle.cache.internal.DefaultFileLockManager] Lock acquired on daemon addresses registry.
2025-02-16T01:53:04.734+0900 [DEBUG] [org.gradle.cache.internal.DefaultFileLockManager] Releasing lock on daemon addresses registry.
2025-02-16T01:53:04.735+0900 [DEBUG] [org.gradle.cache.internal.DefaultFileLockManager] Waiting to acquire shared lock on daemon addresses registry.
2025-02-16T01:53:04.736+0900 [DEBUG] [org.gradle.cache.internal.DefaultFileLockManager] Lock acquired on daemon addresses registry.
2025-02-16T01:53:04.736+0900 [DEBUG] [org.gradle.cache.internal.DefaultFileLockManager] Releasing lock on daemon addresses registry.
2025-02-16T01:53:04.737+0900 [DEBUG] [org.gradle.cache.internal.DefaultFileLockManager] Waiting to acquire shared lock on daemon addresses registry.
2025-02-16T01:53:04.737+0900 [DEBUG] [org.gradle.cache.internal.DefaultFileLockManager] Lock acquired on daemon addresses registry.
2025-02-16T01:53:04.738+0900 [DEBUG] [org.gradle.cache.internal.DefaultFileLockManager] Releasing lock on daemon addresses registry.
2025-02-16T01:53:14.730+0900 [DEBUG] [org.gradle.cache.internal.DefaultFileLockManager] Waiting to acquire shared lock on daemon addresses registry.
2025-02-16T01:53:14.730+0900 [DEBUG] [org.gradle.cache.internal.DefaultFileLockManager] Lock acquired on daemon addresses registry.
2025-02-16T01:53:14.731+0900 [DEBUG] [org.gradle.cache.internal.DefaultFileLockManager] Releasing lock on daemon addresses registry.
2025-02-16T01:53:14.732+0900 [DEBUG] [org.gradle.cache.internal.DefaultFileLockManager] Waiting to acquire shared lock on daemon addresses registry.
2025-02-16T01:53:14.732+0900 [DEBUG] [org.gradle.cache.internal.DefaultFileLockManager] Lock acquired on daemon addresses registry.
2025-02-16T01:53:14.732+0900 [DEBUG] [org.gradle.cache.internal.DefaultFileLockManager] Releasing lock on daemon addresses registry.
2025-02-16T01:53:14.733+0900 [DEBUG] [org.gradle.cache.internal.DefaultFileLockManager] Waiting to acquire shared lock on daemon addresses registry.
2025-02-16T01:53:14.733+0900 [DEBUG] [org.gradle.cache.internal.DefaultFileLockManager] Lock acquired on daemon addresses registry.
2025-02-16T01:53:14.733+0900 [DEBUG] [org.gradle.cache.internal.DefaultFileLockManager] Releasing lock on daemon addresses registry.
2025-02-16T01:53:24.787+0900 [DEBUG] [org.gradle.cache.internal.DefaultFileLockManager] Waiting to acquire shared lock on daemon addresses registry.
2025-02-16T01:53:24.788+0900 [DEBUG] [org.gradle.cache.internal.DefaultFileLockManager] Lock acquired on daemon addresses registry.
2025-02-16T01:53:24.789+0900 [DEBUG] [org.gradle.cache.internal.DefaultFileLockManager] Releasing lock on daemon addresses registry.
2025-02-16T01:53:24.790+0900 [DEBUG] [org.gradle.cache.internal.DefaultFileLockManager] Waiting to acquire shared lock on daemon addresses registry.
2025-02-16T01:53:24.790+0900 [DEBUG] [org.gradle.cache.internal.DefaultFileLockManager] Lock acquired on daemon addresses registry.
2025-02-16T01:53:24.790+0900 [DEBUG] [org.gradle.cache.internal.DefaultFileLockManager] Releasing lock on daemon addresses registry.
2025-02-16T01:53:24.791+0900 [DEBUG] [org.gradle.cache.internal.DefaultFileLockManager] Waiting to acquire shared lock on daemon addresses registry.
2025-02-16T01:53:24.791+0900 [DEBUG] [org.gradle.cache.internal.DefaultFileLockManager] Lock acquired on daemon addresses registry.
2025-02-16T01:53:24.791+0900 [DEBUG] [org.gradle.cache.internal.DefaultFileLockManager] Releasing lock on daemon addresses registry.
2025-02-16T01:53:34.789+0900 [DEBUG] [org.gradle.cache.internal.DefaultFileLockManager] Waiting to acquire shared lock on daemon addresses registry.
2025-02-16T01:53:34.790+0900 [DEBUG] [org.gradle.cache.internal.DefaultFileLockManager] Lock acquired on daemon addresses registry.
2025-02-16T01:53:34.790+0900 [DEBUG] [org.gradle.cache.internal.DefaultFileLockManager] Releasing lock on daemon addresses registry.
2025-02-16T01:53:34.791+0900 [DEBUG] [org.gradle.cache.internal.DefaultFileLockManager] Waiting to acquire shared lock on daemon addresses registry.
2025-02-16T01:53:34.792+0900 [DEBUG] [org.gradle.cache.internal.DefaultFileLockManager] Lock acquired on daemon addresses registry.
2025-02-16T01:53:34.792+0900 [DEBUG] [org.gradle.cache.internal.DefaultFileLockManager] Releasing lock on daemon addresses registry.
2025-02-16T01:53:34.793+0900 [DEBUG] [org.gradle.cache.internal.DefaultFileLockManager] Waiting to acquire shared lock on daemon addresses registry.
2025-02-16T01:53:34.793+0900 [DEBUG] [org.gradle.cache.internal.DefaultFileLockManager] Lock acquired on daemon addresses registry.
2025-02-16T01:53:34.794+0900 [DEBUG] [org.gradle.cache.internal.DefaultFileLockManager] Releasing lock on daemon addresses registry.
2025-02-16T01:53:44.782+0900 [DEBUG] [org.gradle.cache.internal.DefaultFileLockManager] Waiting to acquire shared lock on daemon addresses registry.
2025-02-16T01:53:44.783+0900 [DEBUG] [org.gradle.cache.internal.DefaultFileLockManager] Lock acquired on daemon addresses registry.
2025-02-16T01:53:44.784+0900 [DEBUG] [org.gradle.cache.internal.DefaultFileLockManager] Releasing lock on daemon addresses registry.
2025-02-16T01:53:44.785+0900 [DEBUG] [org.gradle.cache.internal.DefaultFileLockManager] Waiting to acquire shared lock on daemon addresses registry.
2025-02-16T01:53:44.785+0900 [DEBUG] [org.gradle.cache.internal.DefaultFileLockManager] Lock acquired on daemon addresses registry.
2025-02-16T01:53:44.785+0900 [DEBUG] [org.gradle.cache.internal.DefaultFileLockManager] Releasing lock on daemon addresses registry.
2025-02-16T01:53:44.786+0900 [DEBUG] [org.gradle.cache.internal.DefaultFileLockManager] Waiting to acquire shared lock on daemon addresses registry.
2025-02-16T01:53:44.786+0900 [DEBUG] [org.gradle.cache.internal.DefaultFileLockManager] Lock acquired on daemon addresses registry.
2025-02-16T01:53:44.786+0900 [DEBUG] [org.gradle.cache.internal.DefaultFileLockManager] Releasing lock on daemon addresses registry.
2025-02-16T01:53:54.791+0900 [DEBUG] [org.gradle.cache.internal.DefaultFileLockManager] Waiting to acquire shared lock on daemon addresses registry.
2025-02-16T01:53:54.791+0900 [DEBUG] [org.gradle.cache.internal.DefaultFileLockManager] Lock acquired on daemon addresses registry.
2025-02-16T01:53:54.792+0900 [DEBUG] [org.gradle.cache.internal.DefaultFileLockManager] Releasing lock on daemon addresses registry.
2025-02-16T01:53:54.793+0900 [DEBUG] [org.gradle.cache.internal.DefaultFileLockManager] Waiting to acquire shared lock on daemon addresses registry.
2025-02-16T01:53:54.793+0900 [DEBUG] [org.gradle.cache.internal.DefaultFileLockManager] Lock acquired on daemon addresses registry.
2025-02-16T01:53:54.793+0900 [DEBUG] [org.gradle.cache.internal.DefaultFileLockManager] Releasing lock on daemon addresses registry.
2025-02-16T01:53:54.794+0900 [DEBUG] [org.gradle.cache.internal.DefaultFileLockManager] Waiting to acquire shared lock on daemon addresses registry.
2025-02-16T01:53:54.794+0900 [DEBUG] [org.gradle.cache.internal.DefaultFileLockManager] Lock acquired on daemon addresses registry.
2025-02-16T01:53:54.794+0900 [DEBUG] [org.gradle.cache.internal.DefaultFileLockManager] Releasing lock on daemon addresses registry.
2025-02-16T01:54:04.790+0900 [DEBUG] [org.gradle.cache.internal.DefaultFileLockManager] Waiting to acquire shared lock on daemon addresses registry.
2025-02-16T01:54:04.792+0900 [DEBUG] [org.gradle.cache.internal.DefaultFileLockManager] Lock acquired on daemon addresses registry.
2025-02-16T01:54:04.792+0900 [DEBUG] [org.gradle.cache.internal.DefaultFileLockManager] Releasing lock on daemon addresses registry.
2025-02-16T01:54:04.793+0900 [DEBUG] [org.gradle.cache.internal.DefaultFileLockManager] Waiting to acquire shared lock on daemon addresses registry.
2025-02-16T01:54:04.793+0900 [DEBUG] [org.gradle.cache.internal.DefaultFileLockManager] Lock acquired on daemon addresses registry.
2025-02-16T01:54:04.794+0900 [DEBUG] [org.gradle.cache.internal.DefaultFileLockManager] Releasing lock on daemon addresses registry.
2025-02-16T01:54:04.795+0900 [DEBUG] [org.gradle.cache.internal.DefaultFileLockManager] Waiting to acquire shared lock on daemon addresses registry.
2025-02-16T01:54:04.795+0900 [DEBUG] [org.gradle.cache.internal.DefaultFileLockManager] Lock acquired on daemon addresses registry.
2025-02-16T01:54:04.795+0900 [DEBUG] [org.gradle.cache.internal.DefaultFileLockManager] Releasing lock on daemon addresses registry.
2025-02-16T01:54:14.782+0900 [DEBUG] [org.gradle.cache.internal.DefaultFileLockManager] Waiting to acquire shared lock on daemon addresses registry.
2025-02-16T01:54:14.782+0900 [DEBUG] [org.gradle.cache.internal.DefaultFileLockManager] Lock acquired on daemon addresses registry.
2025-02-16T01:54:14.783+0900 [DEBUG] [org.gradle.cache.internal.DefaultFileLockManager] Releasing lock on daemon addresses registry.
2025-02-16T01:54:14.784+0900 [DEBUG] [org.gradle.cache.internal.DefaultFileLockManager] Waiting to acquire shared lock on daemon addresses registry.
2025-02-16T01:54:14.784+0900 [DEBUG] [org.gradle.cache.internal.DefaultFileLockManager] Lock acquired on daemon addresses registry.
2025-02-16T01:54:14.784+0900 [DEBUG] [org.gradle.cache.internal.DefaultFileLockManager] Releasing lock on daemon addresses registry.
2025-02-16T01:54:14.785+0900 [DEBUG] [org.gradle.cache.internal.DefaultFileLockManager] Waiting to acquire shared lock on daemon addresses registry.
2025-02-16T01:54:14.785+0900 [DEBUG] [org.gradle.cache.internal.DefaultFileLockManager] Lock acquired on daemon addresses registry.
2025-02-16T01:54:14.785+0900 [DEBUG] [org.gradle.cache.internal.DefaultFileLockManager] Releasing lock on daemon addresses registry.
2025-02-16T01:54:24.787+0900 [DEBUG] [org.gradle.cache.internal.DefaultFileLockManager] Waiting to acquire shared lock on daemon addresses registry.
2025-02-16T01:54:24.788+0900 [DEBUG] [org.gradle.cache.internal.DefaultFileLockManager] Lock acquired on daemon addresses registry.
2025-02-16T01:54:24.788+0900 [DEBUG] [org.gradle.cache.internal.DefaultFileLockManager] Releasing lock on daemon addresses registry.
2025-02-16T01:54:24.789+0900 [DEBUG] [org.gradle.cache.internal.DefaultFileLockManager] Waiting to acquire shared lock on daemon addresses registry.
2025-02-16T01:54:24.789+0900 [DEBUG] [org.gradle.cache.internal.DefaultFileLockManager] Lock acquired on daemon addresses registry.
2025-02-16T01:54:24.789+0900 [DEBUG] [org.gradle.cache.internal.DefaultFileLockManager] Releasing lock on daemon addresses registry.
2025-02-16T01:54:24.790+0900 [DEBUG] [org.gradle.cache.internal.DefaultFileLockManager] Waiting to acquire shared lock on daemon addresses registry.
2025-02-16T01:54:24.790+0900 [DEBUG] [org.gradle.cache.internal.DefaultFileLockManager] Lock acquired on daemon addresses registry.
2025-02-16T01:54:24.790+0900 [DEBUG] [org.gradle.cache.internal.DefaultFileLockManager] Releasing lock on daemon addresses registry.
2025-02-16T01:54:34.784+0900 [DEBUG] [org.gradle.cache.internal.DefaultFileLockManager] Waiting to acquire shared lock on daemon addresses registry.
2025-02-16T01:54:34.785+0900 [DEBUG] [org.gradle.cache.internal.DefaultFileLockManager] Lock acquired on daemon addresses registry.
2025-02-16T01:54:34.785+0900 [DEBUG] [org.gradle.cache.internal.DefaultFileLockManager] Releasing lock on daemon addresses registry.
2025-02-16T01:54:34.786+0900 [DEBUG] [org.gradle.cache.internal.DefaultFileLockManager] Waiting to acquire shared lock on daemon addresses registry.
2025-02-16T01:54:34.786+0900 [DEBUG] [org.gradle.cache.internal.DefaultFileLockManager] Lock acquired on daemon addresses registry.
2025-02-16T01:54:34.786+0900 [DEBUG] [org.gradle.cache.internal.DefaultFileLockManager] Releasing lock on daemon addresses registry.
2025-02-16T01:54:34.787+0900 [DEBUG] [org.gradle.cache.internal.DefaultFileLockManager] Waiting to acquire shared lock on daemon addresses registry.
2025-02-16T01:54:34.787+0900 [DEBUG] [org.gradle.cache.internal.DefaultFileLockManager] Lock acquired on daemon addresses registry.
2025-02-16T01:54:34.787+0900 [DEBUG] [org.gradle.cache.internal.DefaultFileLockManager] Releasing lock on daemon addresses registry.
2025-02-16T01:54:44.785+0900 [DEBUG] [org.gradle.cache.internal.DefaultFileLockManager] Waiting to acquire shared lock on daemon addresses registry.
2025-02-16T01:54:44.785+0900 [DEBUG] [org.gradle.cache.internal.DefaultFileLockManager] Lock acquired on daemon addresses registry.
2025-02-16T01:54:44.785+0900 [DEBUG] [org.gradle.cache.internal.DefaultFileLockManager] Releasing lock on daemon addresses registry.
2025-02-16T01:54:44.786+0900 [DEBUG] [org.gradle.cache.internal.DefaultFileLockManager] Waiting to acquire shared lock on daemon addresses registry.
2025-02-16T01:54:44.786+0900 [DEBUG] [org.gradle.cache.internal.DefaultFileLockManager] Lock acquired on daemon addresses registry.
2025-02-16T01:54:44.786+0900 [DEBUG] [org.gradle.cache.internal.DefaultFileLockManager] Releasing lock on daemon addresses registry.
2025-02-16T01:54:44.787+0900 [DEBUG] [org.gradle.cache.internal.DefaultFileLockManager] Waiting to acquire shared lock on daemon addresses registry.
2025-02-16T01:54:44.787+0900 [DEBUG] [org.gradle.cache.internal.DefaultFileLockManager] Lock acquired on daemon addresses registry.
2025-02-16T01:54:44.787+0900 [DEBUG] [org.gradle.cache.internal.DefaultFileLockManager] Releasing lock on daemon addresses registry.
2025-02-16T01:54:54.785+0900 [DEBUG] [org.gradle.cache.internal.DefaultFileLockManager] Waiting to acquire shared lock on daemon addresses registry.
2025-02-16T01:54:54.786+0900 [DEBUG] [org.gradle.cache.internal.DefaultFileLockManager] Lock acquired on daemon addresses registry.
2025-02-16T01:54:54.786+0900 [DEBUG] [org.gradle.cache.internal.DefaultFileLockManager] Releasing lock on daemon addresses registry.
2025-02-16T01:54:54.787+0900 [DEBUG] [org.gradle.cache.internal.DefaultFileLockManager] Waiting to acquire shared lock on daemon addresses registry.
2025-02-16T01:54:54.787+0900 [DEBUG] [org.gradle.cache.internal.DefaultFileLockManager] Lock acquired on daemon addresses registry.
2025-02-16T01:54:54.788+0900 [DEBUG] [org.gradle.cache.internal.DefaultFileLockManager] Releasing lock on daemon addresses registry.
2025-02-16T01:54:54.788+0900 [DEBUG] [org.gradle.cache.internal.DefaultFileLockManager] Waiting to acquire shared lock on daemon addresses registry.
2025-02-16T01:54:54.789+0900 [DEBUG] [org.gradle.cache.internal.DefaultFileLockManager] Lock acquired on daemon addresses registry.
2025-02-16T01:54:54.789+0900 [DEBUG] [org.gradle.cache.internal.DefaultFileLockManager] Releasing lock on daemon addresses registry.
2025-02-16T01:55:04.785+0900 [DEBUG] [org.gradle.cache.internal.DefaultFileLockManager] Waiting to acquire shared lock on daemon addresses registry.
2025-02-16T01:55:04.787+0900 [DEBUG] [org.gradle.cache.internal.DefaultFileLockManager] Lock acquired on daemon addresses registry.
2025-02-16T01:55:04.788+0900 [DEBUG] [org.gradle.cache.internal.DefaultFileLockManager] Releasing lock on daemon addresses registry.
2025-02-16T01:55:04.788+0900 [DEBUG] [org.gradle.cache.internal.DefaultFileLockManager] Waiting to acquire shared lock on daemon addresses registry.
2025-02-16T01:55:04.788+0900 [DEBUG] [org.gradle.cache.internal.DefaultFileLockManager] Lock acquired on daemon addresses registry.
2025-02-16T01:55:04.788+0900 [DEBUG] [org.gradle.cache.internal.DefaultFileLockManager] Releasing lock on daemon addresses registry.
2025-02-16T01:55:04.789+0900 [DEBUG] [org.gradle.cache.internal.DefaultFileLockManager] Waiting to acquire shared lock on daemon addresses registry.
2025-02-16T01:55:04.789+0900 [DEBUG] [org.gradle.cache.internal.DefaultFileLockManager] Lock acquired on daemon addresses registry.
2025-02-16T01:55:04.789+0900 [DEBUG] [org.gradle.cache.internal.DefaultFileLockManager] Releasing lock on daemon addresses registry.
2025-02-16T01:55:14.786+0900 [DEBUG] [org.gradle.cache.internal.DefaultFileLockManager] Waiting to acquire shared lock on daemon addresses registry.
2025-02-16T01:55:14.788+0900 [DEBUG] [org.gradle.cache.internal.DefaultFileLockManager] Lock acquired on daemon addresses registry.
2025-02-16T01:55:14.788+0900 [DEBUG] [org.gradle.cache.internal.DefaultFileLockManager] Releasing lock on daemon addresses registry.
2025-02-16T01:55:14.789+0900 [DEBUG] [org.gradle.cache.internal.DefaultFileLockManager] Waiting to acquire shared lock on daemon addresses registry.
2025-02-16T01:55:14.789+0900 [DEBUG] [org.gradle.cache.internal.DefaultFileLockManager] Lock acquired on daemon addresses registry.
2025-02-16T01:55:14.789+0900 [DEBUG] [org.gradle.cache.internal.DefaultFileLockManager] Releasing lock on daemon addresses registry.
2025-02-16T01:55:14.789+0900 [DEBUG] [org.gradle.cache.internal.DefaultFileLockManager] Waiting to acquire shared lock on daemon addresses registry.
2025-02-16T01:55:14.789+0900 [DEBUG] [org.gradle.cache.internal.DefaultFileLockManager] Lock acquired on daemon addresses registry.
2025-02-16T01:55:14.789+0900 [DEBUG] [org.gradle.cache.internal.DefaultFileLockManager] Releasing lock on daemon addresses registry.
2025-02-16T01:55:15.196+0900 [DEBUG] [sun.rmi.transport.tcp] RMI TCP Connection(27)-127.0.0.1: accepted socket from [127.0.0.1:57627]
2025-02-16T01:55:15.198+0900 [DEBUG] [sun.rmi.transport.tcp] RMI TCP Connection(27)-127.0.0.1: (port 56517) op = 80
2025-02-16T01:55:15.199+0900 [DEBUG] [sun.rmi.loader] RMI TCP Connection(27)-127.0.0.1: name = "[Ljava.rmi.server.ObjID;", codebase = "", defaultLoader = jdk.internal.loader.ClassLoaders$PlatformClassLoader@7de7f93
2025-02-16T01:55:15.200+0900 [DEBUG] [sun.rmi.loader] RMI TCP Connection(27)-127.0.0.1: name = "java.rmi.dgc.Lease", codebase = "", defaultLoader = jdk.internal.loader.ClassLoaders$PlatformClassLoader@7de7f93
2025-02-16T01:55:15.200+0900 [DEBUG] [sun.rmi.loader] RMI TCP Connection(27)-127.0.0.1: name = "java.rmi.dgc.VMID", codebase = "", defaultLoader = jdk.internal.loader.ClassLoaders$PlatformClassLoader@7de7f93
2025-02-16T01:55:15.200+0900 [DEBUG] [sun.rmi.loader] RMI TCP Connection(27)-127.0.0.1: name = "[B", codebase = "", defaultLoader = jdk.internal.loader.ClassLoaders$PlatformClassLoader@7de7f93
2025-02-16T01:55:15.200+0900 [DEBUG] [sun.rmi.loader] RMI TCP Connection(27)-127.0.0.1: name = "java.rmi.server.UID", codebase = "", defaultLoader = jdk.internal.loader.ClassLoaders$PlatformClassLoader@7de7f93
2025-02-16T01:55:24.783+0900 [DEBUG] [org.gradle.cache.internal.DefaultFileLockManager] Waiting to acquire shared lock on daemon addresses registry.
2025-02-16T01:55:24.784+0900 [DEBUG] [org.gradle.cache.internal.DefaultFileLockManager] Lock acquired on daemon addresses registry.
2025-02-16T01:55:24.784+0900 [DEBUG] [org.gradle.cache.internal.DefaultFileLockManager] Releasing lock on daemon addresses registry.
2025-02-16T01:55:24.785+0900 [DEBUG] [org.gradle.cache.internal.DefaultFileLockManager] Waiting to acquire shared lock on daemon addresses registry.
2025-02-16T01:55:24.785+0900 [DEBUG] [org.gradle.cache.internal.DefaultFileLockManager] Lock acquired on daemon addresses registry.
2025-02-16T01:55:24.785+0900 [DEBUG] [org.gradle.cache.internal.DefaultFileLockManager] Releasing lock on daemon addresses registry.
2025-02-16T01:55:24.785+0900 [DEBUG] [org.gradle.cache.internal.DefaultFileLockManager] Waiting to acquire shared lock on daemon addresses registry.
2025-02-16T01:55:24.785+0900 [DEBUG] [org.gradle.cache.internal.DefaultFileLockManager] Lock acquired on daemon addresses registry.
2025-02-16T01:55:24.785+0900 [DEBUG] [org.gradle.cache.internal.DefaultFileLockManager] Releasing lock on daemon addresses registry.
2025-02-16T01:55:30.205+0900 [DEBUG] [sun.rmi.transport.tcp] RMI TCP Connection(27)-127.0.0.1: (port 56517) connection closed
2025-02-16T01:55:30.206+0900 [DEBUG] [sun.rmi.transport.tcp] RMI TCP Connection(27)-127.0.0.1: close connection, socket: Socket[addr=/127.0.0.1,port=57627,localport=56517]
2025-02-16T01:55:30.206+0900 [DEBUG] [sun.rmi.transport.tcp] RMI TCP Connection(27)-127.0.0.1: socket close: Socket[addr=/127.0.0.1,port=57627,localport=56517]
2025-02-16T01:55:34.785+0900 [DEBUG] [org.gradle.cache.internal.DefaultFileLockManager] Waiting to acquire shared lock on daemon addresses registry.
2025-02-16T01:55:34.785+0900 [DEBUG] [org.gradle.cache.internal.DefaultFileLockManager] Lock acquired on daemon addresses registry.
2025-02-16T01:55:34.786+0900 [DEBUG] [org.gradle.cache.internal.DefaultFileLockManager] Releasing lock on daemon addresses registry.
2025-02-16T01:55:34.787+0900 [DEBUG] [org.gradle.cache.internal.DefaultFileLockManager] Waiting to acquire shared lock on daemon addresses registry.
2025-02-16T01:55:34.787+0900 [DEBUG] [org.gradle.cache.internal.DefaultFileLockManager] Lock acquired on daemon addresses registry.
2025-02-16T01:55:34.787+0900 [DEBUG] [org.gradle.cache.internal.DefaultFileLockManager] Releasing lock on daemon addresses registry.
2025-02-16T01:55:34.788+0900 [DEBUG] [org.gradle.cache.internal.DefaultFileLockManager] Waiting to acquire shared lock on daemon addresses registry.
2025-02-16T01:55:34.788+0900 [DEBUG] [org.gradle.cache.internal.DefaultFileLockManager] Lock acquired on daemon addresses registry.
2025-02-16T01:55:34.788+0900 [DEBUG] [org.gradle.cache.internal.DefaultFileLockManager] Releasing lock on daemon addresses registry.
2025-02-16T01:55:44.787+0900 [DEBUG] [org.gradle.cache.internal.DefaultFileLockManager] Waiting to acquire shared lock on daemon addresses registry.
2025-02-16T01:55:44.790+0900 [DEBUG] [org.gradle.cache.internal.DefaultFileLockManager] Lock acquired on daemon addresses registry.
2025-02-16T01:55:44.791+0900 [DEBUG] [org.gradle.cache.internal.DefaultFileLockManager] Releasing lock on daemon addresses registry.
2025-02-16T01:55:44.793+0900 [DEBUG] [org.gradle.cache.internal.DefaultFileLockManager] Waiting to acquire shared lock on daemon addresses registry.
2025-02-16T01:55:44.793+0900 [DEBUG] [org.gradle.cache.internal.DefaultFileLockManager] Lock acquired on daemon addresses registry.
2025-02-16T01:55:44.794+0900 [DEBUG] [org.gradle.cache.internal.DefaultFileLockManager] Releasing lock on daemon addresses registry.
2025-02-16T01:55:44.794+0900 [DEBUG] [org.gradle.cache.internal.DefaultFileLockManager] Waiting to acquire shared lock on daemon addresses registry.
2025-02-16T01:55:44.794+0900 [DEBUG] [org.gradle.cache.internal.DefaultFileLockManager] Lock acquired on daemon addresses registry.
2025-02-16T01:55:44.795+0900 [DEBUG] [org.gradle.cache.internal.DefaultFileLockManager] Releasing lock on daemon addresses registry.
2025-02-16T01:55:54.784+0900 [DEBUG] [org.gradle.cache.internal.DefaultFileLockManager] Waiting to acquire shared lock on daemon addresses registry.
2025-02-16T01:55:54.785+0900 [DEBUG] [org.gradle.cache.internal.DefaultFileLockManager] Lock acquired on daemon addresses registry.
2025-02-16T01:55:54.785+0900 [DEBUG] [org.gradle.cache.internal.DefaultFileLockManager] Releasing lock on daemon addresses registry.
2025-02-16T01:55:54.785+0900 [DEBUG] [org.gradle.cache.internal.DefaultFileLockManager] Waiting to acquire shared lock on daemon addresses registry.
2025-02-16T01:55:54.786+0900 [DEBUG] [org.gradle.cache.internal.DefaultFileLockManager] Lock acquired on daemon addresses registry.
2025-02-16T01:55:54.786+0900 [DEBUG] [org.gradle.cache.internal.DefaultFileLockManager] Releasing lock on daemon addresses registry.
2025-02-16T01:55:54.786+0900 [DEBUG] [org.gradle.cache.internal.DefaultFileLockManager] Waiting to acquire shared lock on daemon addresses registry.
2025-02-16T01:55:54.786+0900 [DEBUG] [org.gradle.cache.internal.DefaultFileLockManager] Lock acquired on daemon addresses registry.
2025-02-16T01:55:54.786+0900 [DEBUG] [org.gradle.cache.internal.DefaultFileLockManager] Releasing lock on daemon addresses registry.
2025-02-16T01:56:04.782+0900 [DEBUG] [org.gradle.cache.internal.DefaultFileLockManager] Waiting to acquire shared lock on daemon addresses registry.
2025-02-16T01:56:04.783+0900 [DEBUG] [org.gradle.cache.internal.DefaultFileLockManager] Lock acquired on daemon addresses registry.
2025-02-16T01:56:04.784+0900 [DEBUG] [org.gradle.cache.internal.DefaultFileLockManager] Releasing lock on daemon addresses registry.
2025-02-16T01:56:04.784+0900 [DEBUG] [org.gradle.cache.internal.DefaultFileLockManager] Waiting to acquire shared lock on daemon addresses registry.
2025-02-16T01:56:04.784+0900 [DEBUG] [org.gradle.cache.internal.DefaultFileLockManager] Lock acquired on daemon addresses registry.
2025-02-16T01:56:04.785+0900 [DEBUG] [org.gradle.cache.internal.DefaultFileLockManager] Releasing lock on daemon addresses registry.
2025-02-16T01:56:04.785+0900 [DEBUG] [org.gradle.cache.internal.DefaultFileLockManager] Waiting to acquire shared lock on daemon addresses registry.
2025-02-16T01:56:04.786+0900 [DEBUG] [org.gradle.cache.internal.DefaultFileLockManager] Lock acquired on daemon addresses registry.
2025-02-16T01:56:04.786+0900 [DEBUG] [org.gradle.cache.internal.DefaultFileLockManager] Releasing lock on daemon addresses registry.
2025-02-16T01:56:14.783+0900 [DEBUG] [org.gradle.cache.internal.DefaultFileLockManager] Waiting to acquire shared lock on daemon addresses registry.
2025-02-16T01:56:14.784+0900 [DEBUG] [org.gradle.cache.internal.DefaultFileLockManager] Lock acquired on daemon addresses registry.
2025-02-16T01:56:14.785+0900 [DEBUG] [org.gradle.cache.internal.DefaultFileLockManager] Releasing lock on daemon addresses registry.
2025-02-16T01:56:14.785+0900 [DEBUG] [org.gradle.cache.internal.DefaultFileLockManager] Waiting to acquire shared lock on daemon addresses registry.
2025-02-16T01:56:14.786+0900 [DEBUG] [org.gradle.cache.internal.DefaultFileLockManager] Lock acquired on daemon addresses registry.
2025-02-16T01:56:14.786+0900 [DEBUG] [org.gradle.cache.internal.DefaultFileLockManager] Releasing lock on daemon addresses registry.
2025-02-16T01:56:14.787+0900 [DEBUG] [org.gradle.cache.internal.DefaultFileLockManager] Waiting to acquire shared lock on daemon addresses registry.
2025-02-16T01:56:14.787+0900 [DEBUG] [org.gradle.cache.internal.DefaultFileLockManager] Lock acquired on daemon addresses registry.
2025-02-16T01:56:14.787+0900 [DEBUG] [org.gradle.cache.internal.DefaultFileLockManager] Releasing lock on daemon addresses registry.
2025-02-16T01:56:24.783+0900 [DEBUG] [org.gradle.cache.internal.DefaultFileLockManager] Waiting to acquire shared lock on daemon addresses registry.
2025-02-16T01:56:24.783+0900 [DEBUG] [org.gradle.cache.internal.DefaultFileLockManager] Lock acquired on daemon addresses registry.
2025-02-16T01:56:24.783+0900 [DEBUG] [org.gradle.cache.internal.DefaultFileLockManager] Releasing lock on daemon addresses registry.
2025-02-16T01:56:24.784+0900 [DEBUG] [org.gradle.cache.internal.DefaultFileLockManager] Waiting to acquire shared lock on daemon addresses registry.
2025-02-16T01:56:24.784+0900 [DEBUG] [org.gradle.cache.internal.DefaultFileLockManager] Lock acquired on daemon addresses registry.
2025-02-16T01:56:24.784+0900 [DEBUG] [org.gradle.cache.internal.DefaultFileLockManager] Releasing lock on daemon addresses registry.
2025-02-16T01:56:24.785+0900 [DEBUG] [org.gradle.cache.internal.DefaultFileLockManager] Waiting to acquire shared lock on daemon addresses registry.
2025-02-16T01:56:24.785+0900 [DEBUG] [org.gradle.cache.internal.DefaultFileLockManager] Lock acquired on daemon addresses registry.
2025-02-16T01:56:24.785+0900 [DEBUG] [org.gradle.cache.internal.DefaultFileLockManager] Releasing lock on daemon addresses registry.
